Competitor,Facilitator,tip,value,cor
0,0,-1,2.0812608251818968e-10,0
0,0.01010101,-1,0,0
0,0.02020202,-1,4.690828481465624e-10,0
0,0.03030303,-1,3.0057513449910375e-8,0
0,0.04040404,-1,0,0
0,0.05050505,-1,0,0
0,0.06060606,-1,8.994986436664476e-6,0
0,0.07070707,-1,1.740441626343454e-5,0
0,0.08080808,-1,6.936031997611281e-7,0
0,0.09090909,-1,0,0
0,0.1010101,-1,5.059583743868643e-5,0
0,0.11111111,-1,1.0049481243422e-4,0
0,0.12121212,-1,2.675752762843331e-5,0
0,0.13131313,-1,9.391276507994915e-6,0
0,0.14141414,-1,0,0
0,0.15151515,-1,0,0
0,0.16161616,-1,0,0
0,0.17171717,-1,0,0
0,0.18181818,-1,9.028434721858504e-6,0
0,0.19191919,-1,1.6247079240201857e-6,0
0,0.2020202,-1,1.0526132768018216e-5,0
0,0.21212121,-1,0,0
0,0.22222222,-1,1.2148819095500585e-6,0
0,0.23232323,-1,0,0
0,0.24242424,-1,1.3302113471581834e-6,0
0,0.25252525,-1,3.485931933084885e-7,0
0,0.26262626,-1,0,0
0,0.27272727,-1,0,0
0,0.28282828,-1,5.24833501205535e-7,0
0,0.29292929,-1,0,0
0,0.3030303,-1,3.962049749432595e-7,0
0,0.31313131,-1,1.1745455404028605e-6,0
0,0.32323232,-1,0,0
0,0.33333333,-1,8.975358772307373e-8,0
0,0.34343434,-1,2.440699539087987e-7,0
0,0.35353535,-1,3.952410600637446e-7,0
0,0.36363636,-1,0,0
0,0.37373737,-1,0,0
0,0.38383838,-1,0,0
0,0.39393939,-1,2.3826284064609733e-9,0
0,0.4040404,-1,0,0
0,0.41414141,-1,2.005836113848858e-7,0
0,0.42424242,-1,1.2146445597682742e-7,0
0,0.43434343,-1,1.1359945056692578e-7,0
0,0.44444444,-1,3.500589621844297e-8,0
0,0.45454545,-1,0,0
0,0.46464646,-1,0,0
0,0.47474747,-1,0,0
0,0.48484848,-1,0,0
0,0.49494949,-1,2.451367488070511e-8,0
0,0.50505051,-1,1.0747529978141769e-7,0
0,0.51515152,-1,3.9264247144978764e-8,0
0,0.52525253,-1,0,0
0,0.53535354,-1,0,0
0,0.54545455,-1,9.483171780177437e-8,0
0,0.55555556,-1,0,0
0,0.56565657,-1,2.1366063547301198e-8,0
0,0.57575758,-1,0,0
0,0.58585859,-1,0,0
0,0.5959596,-1,2.690517868275677e-10,0
0,0.60606061,-1,0,0
0,0.61616162,-1,1.814890448148532e-10,0
0,0.62626263,-1,0,0
0,0.63636364,-1,1.5366287555718118e-10,0
0,0.64646465,-1,0,0
0,0.65656566,-1,1.3917305321520246e-10,0
0,0.66666667,-1,0,0
0,0.67676768,-1,1.2976390968422178e-10,0
0,0.68686869,-1,0,0
0,0.6969697,-1,1.2290903662615094e-10,0
0,0.70707071,-1,0,0
0,0.71717172,-1,1.1755468439234028e-10,0
0,0.72727273,-1,0,0
0,0.73737374,-1,1.1315056878680175e-10,0
0,0.74747475,-1,0,0
0,0.75757576,-1,1.0933755471009832e-10,0
0,0.76767677,-1,0,0
0,0.77777778,-1,1.0582692628047229e-10,0
0,0.78787879,-1,0,0
0,0.7979798,-1,1.023346344580789e-10,0
0,0.80808081,-1,0,0
0,0.81818182,-1,9.852244037267255e-11,0
0,0.82828283,-1,0,0
0,0.83838384,-1,9.395864347394588e-11,0
0,0.84848485,-1,0,0
0,0.85858586,-1,8.802675632857415e-11,0
0,0.86868687,-1,0,0
0,0.87878788,-1,7.982481184942714e-11,0
0,0.88888889,-1,0,0
0,0.8989899,-1,6.797327095076078e-11,0
0,0.90909091,-1,0,0
0,0.91919192,-1,5.0348875790806595e-11,0
0,0.92929293,-1,0,0
0,0.93939394,-1,2.366304462930735e-11,0
0,0.94949495,-1,0,0
0,0.95959596,-1,0,0
0,0.96969697,-1,4.465272068765458e-11,0
0,0.97979798,-1,0,0
0,0.98989899,-1,1.1782605482263394e-10,0
0,1,-1,0,0
0.01010101,0,-1,0,0
0.01010101,0.01010101,1,6.141050425633592e-10,0
0.01010101,0.02020202,0,0,0
0.01010101,0.03030303,0,0,0
0.01010101,0.04040404,0,8.689356132934534e-7,0
0.01010101,0.05050505,0,1.7359446708560712e-6,0
0.01010101,0.06060606,0,0,0
0.01010101,0.07070707,0,0,0
0.01010101,0.08080808,0,0,0
0.01010101,0.09090909,1,6.118235331268806e-6,0
0.01010101,0.1010101,1,0,0
0.01010101,0.11111111,1,0,0
0.01010101,0.12121212,1,0,0
0.01010101,0.13131313,1,0,0
0.01010101,0.14141414,1,1.760864809875784e-6,0
0.01010101,0.15151515,1,3.705935865464198e-5,0
0.01010101,0.16161616,1,9.539528990080726e-6,0
0.01010101,0.17171717,1,7.21093155343624e-6,0
0.01010101,0.18181818,1,0,0
0.01010101,0.19191919,1,0,0
0.01010101,0.2020202,1,0,0
0.01010101,0.21212121,1,9.23828865802534e-7,0
0.01010101,0.22222222,1,0,0
0.01010101,0.23232323,1,1.7720893020282349e-6,0
0.01010101,0.24242424,1,0,0
0.01010101,0.25252525,1,0,0
0.01010101,0.26262626,1,1.221214011385996e-6,0
0.01010101,0.27272727,1,3.599568204236903e-7,0
0.01010101,0.28282828,1,0,0
0.01010101,0.29292929,1,1.4696313459836578e-7,0
0.01010101,0.3030303,1,0,0
0.01010101,0.31313131,1,0,0
0.01010101,0.32323232,1,1.2665959847463882e-6,0
0.01010101,0.33333333,1,0,0
0.01010101,0.34343434,1,0,0
0.01010101,0.35353535,1,0,0
0.01010101,0.36363636,1,2.858942965932698e-7,0
0.01010101,0.37373737,1,2.0789277811879005e-7,0
0.01010101,0.38383838,1,2.0399341784678175e-7,0
0.01010101,0.39393939,1,1.7874001444706524e-8,0
0.01010101,0.4040404,1,2.1697093367732956e-07,0
0.01010101,0.41414141,1,0,0
0.01010101,0.42424242,1,0,0
0.01010101,0.43434343,1,0,0
0.01010101,0.44444444,1,0,0
0.01010101,0.45454545,1,2.6144426827427737e-8,0
0.01010101,0.46464646,1,1.311026446811248e-7,0
0.01010101,0.47474747,1,1.6188403308267498e-7,0
0.01010101,0.48484848,1,3.325686349885367e-8,0
0.01010101,0.49494949,1,0,0
0.01010101,0.50505051,1,0,0
0.01010101,0.51515152,1,0,0
0.01010101,0.52525253,1,5.945219707657948e-8,0
0.01010101,0.53535354,1,3.707899361893797e-8,0
0.01010101,0.54545455,1,0,0
0.01010101,0.55555556,1,1.3288730158696628e-8,0
0.01010101,0.56565657,1,0,0
0.01010101,0.57575758,1,3.758660776812466e-8,0
0.01010101,0.58585859,1,1.921476473107928e-9,0
0.01010101,0.5959596,1,0,0
0.01010101,0.60606061,1,2.1158282624173267e-10,0
0.01010101,0.61616162,1,0,0
0.01010101,0.62626263,1,1.6208901526839052e-10,0
0.01010101,0.63636364,1,0,0
0.01010101,0.64646465,1,1.409049786540951e-10,0
0.01010101,0.65656566,1,0,0
0.01010101,0.66666667,1,1.2823970725494475e-10,0
0.01010101,0.67676768,1,0,0
0.01010101,0.68686869,1,1.1928789846782406e-10,0
0.01010101,0.6969697,1,0,0
0.01010101,0.70707071,1,1.1229088882092628e-10,0
0.01010101,0.71717172,1,0,0
0.01010101,0.72727273,1,1.0641427501379383e-10,0
0.01010101,0.73737374,1,0,0
0.01010101,0.74747475,1,1.0115775384427231e-10,0
0.01010101,0.75757576,1,0,0
0.01010101,0.76767677,1,9.614683812776171e-11,0
0.01010101,0.77777778,1,0,0
0.01010101,0.78787879,1,9.102389319174536e-11,0
0.01010101,0.7979798,1,0,0
0.01010101,0.80808081,1,8.53864228051414e-11,0
0.01010101,0.81818182,1,0,0
0.01010101,0.82828283,1,7.872783717309713e-11,0
0.01010101,0.83838384,1,0,0
0.01010101,0.84848485,1,7.034409401150515e-11,0
0.01010101,0.85858586,1,0,0
0.01010101,0.86868687,1,5.921197049115618e-11,0
0.01010101,0.87878788,1,0,0
0.01010101,0.88888889,1,4.379277937643922e-11,0
0.01010101,0.8989899,1,0,0
0.01010101,0.90909091,1,2.1693759176132263e-11,0
0.01010101,0.91919192,1,0,0
0.01010101,0.92929293,1,0,0
0.01010101,0.93939394,1,3.294021170912286e-11,0
0.01010101,0.94949495,1,0,0
0.01010101,0.95959596,1,9.403736991007996e-11,0
0.01010101,0.96969697,1,0,0
0.01010101,0.97979798,1,1.8916847397245151e-10,0
0.01010101,0.98989899,1,0,0
0.01010101,1,1,3.3899650005515986e-10,0
0.02020202,0,-1,1.1153299794494642e-9,0
0.02020202,0.01010101,1,0,0
0.02020202,0.02020202,0,3.0864788958834273e-9,0
0.02020202,0.03030303,0,7.043215358334826e-8,0
0.02020202,0.04040404,0,0,0
0.02020202,0.05050505,0,0,0
0.02020202,0.06060606,0,9.22737020440536e-6,0
0.02020202,0.07070707,0,2.0221301523088187e-5,0
0.02020202,0.08080808,0,0,0
0.02020202,0.09090909,0,0,0
0.02020202,0.1010101,1,5.4934341963598856e-5,0
0.02020202,0.11111111,1,1.159617621688e-4,0
0.02020202,0.12121212,1,2.8731789344965364e-5,0
0.02020202,0.13131313,1,1.092339385104424e-5,0
0.02020202,0.14141414,1,0,0
0.02020202,0.15151515,1,0,0
0.02020202,0.16161616,1,0,0
0.02020202,0.17171717,1,0,0
0.02020202,0.18181818,1,1.0947280580239747e-5,0
0.02020202,0.19191919,1,2.7709117384802084e-6,0
0.02020202,0.2020202,1,1.2011623870785116e-5,0
0.02020202,0.21212121,1,0,0
0.02020202,0.22222222,1,1.3194880492847009e-6,0
0.02020202,0.23232323,1,0,0
0.02020202,0.24242424,1,1.456051799937086e-6,0
0.02020202,0.25252525,1,2.6033748475811084e-7,0
0.02020202,0.26262626,1,0,0
0.02020202,0.27272727,1,0,0
0.02020202,0.28282828,1,4.566094528200893e-7,0
0.02020202,0.29292929,1,0,0
0.02020202,0.3030303,1,6.148382972668288e-7,0
0.02020202,0.31313131,1,1.5942395796287202e-6,0
0.02020202,0.32323232,1,0,0
0.02020202,0.33333333,1,1.3540172891381988e-7,0
0.02020202,0.34343434,1,3.652526193747008e-7,0
0.02020202,0.35353535,1,5.015560448072166e-7,0
0.02020202,0.36363636,1,0,0
0.02020202,0.37373737,1,0,0
0.02020202,0.38383838,1,0,0
0.02020202,0.39393939,1,0,0
0.02020202,0.4040404,1,0,0
0.02020202,0.41414141,1,2.541258675934355e-7,0
0.02020202,0.42424242,1,2.103094084840329e-7,0
0.02020202,0.43434343,1,1.8526514813713706e-7,0
0.02020202,0.44444444,1,6.386243162567872e-8,0
0.02020202,0.45454545,1,0,0
0.02020202,0.46464646,1,0,0
0.02020202,0.47474747,1,0,0
0.02020202,0.48484848,1,0,0
0.02020202,0.49494949,1,3.5540517805189575e-8,0
0.02020202,0.50505051,1,1.5349688306190438e-7,0
0.02020202,0.51515152,1,6.530031117590596e-8,0
0.02020202,0.52525253,1,0,0
0.02020202,0.53535354,1,0,0
0.02020202,0.54545455,1,1.26239423071899e-7,0
0.02020202,0.55555556,1,0,0
0.02020202,0.56565657,1,2.3652641473264487e-8,0
0.02020202,0.57575758,1,0,0
0.02020202,0.58585859,1,0,0
0.02020202,0.5959596,1,2.7760638676441534e-10,0
0.02020202,0.60606061,1,0,0
0.02020202,0.61616162,1,1.7003929405172426e-10,0
0.02020202,0.62626263,1,0,0
0.02020202,0.63636364,1,1.3604129922096042e-10,0
0.02020202,0.64646465,1,0,0
0.02020202,0.65656566,1,1.180065266213372e-10,0
0.02020202,0.66666667,1,0,0
0.02020202,0.67676768,1,1.0574771256511088e-10,0
0.02020202,0.68686869,1,0,0
0.02020202,0.6969697,1,9.612767217217696e-11,0
0.02020202,0.70707071,1,0,0
0.02020202,0.71717172,1,8.780332347345724e-11,0
0.02020202,0.72727273,1,0,0
0.02020202,0.73737374,1,8.002323380901927e-11,0
0.02020202,0.74747475,1,0,0
0.02020202,0.75757576,1,7.224090042782376e-11,0
0.02020202,0.76767677,1,0,0
0.02020202,0.77777778,1,6.395202741173861e-11,0
0.02020202,0.78787879,1,0,0
0.02020202,0.7979798,1,5.4595505251386897e-11,0
0.02020202,0.80808081,1,0,0
0.02020202,0.81818182,1,4.345494180255094e-11,0
0.02020202,0.82828283,1,0,0
0.02020202,0.83838384,1,2.955568814914239e-11,0
0.02020202,0.84848485,1,0,0
0.02020202,0.85858586,1,1.1483242493698363e-11,0
0.02020202,0.86868687,1,0,0
0.02020202,0.87878788,1,0,0
0.02020202,0.88888889,1,2.8424924774714255e-11,0
0.02020202,0.8989899,1,0,0
0.02020202,0.90909091,1,6.91521917069171e-11,0
0.02020202,0.91919192,1,0,0
0.02020202,0.92929293,1,1.290180932908558e-10,0
0.02020202,0.93939394,1,0,0
0.02020202,0.94949495,1,2.205039145539156e-10,0
0.02020202,0.95959596,1,0,0
0.02020202,0.96969697,1,3.6713508960554976e-10,0
0.02020202,0.97979798,1,0,0
0.02020202,0.98989899,1,6.187495819879456e-10,0
0.02020202,1,1,0,0
0.03030303,0,-1,0,0
0.03030303,0.01010101,1,6.313777486237349e-9,0
0.03030303,0.02020202,0,0,0
0.03030303,0.03030303,0,0,0
0.03030303,0.04040404,0,1.0469420395579355e-6,0
0.03030303,0.05050505,0,2.1583553477455553e-6,0
0.03030303,0.06060606,0,1.3277146308450938e-5,0
0.03030303,0.07070707,0,0,0
0.03030303,0.08080808,0,2.9932361130340723e-5,0
0.03030303,0.09090909,0,4.2929266829014526e-5,0
0.03030303,0.1010101,0,0,0
0.03030303,0.11111111,0,0,0
0.03030303,0.12121212,0,0,0
0.03030303,0.13131313,0,0,0
0.03030303,0.14141414,0,2.529307176155271e-6,0
0.03030303,0.15151515,0,4.007505643967306e-5,0
0.03030303,0.16161616,1,7.661597313926905e-6,0
0.03030303,0.17171717,1,6.663178297640116e-6,0
0.03030303,0.18181818,1,0,0
0.03030303,0.19191919,1,0,0
0.03030303,0.2020202,1,0,0
0.03030303,0.21212121,1,9.288674507843098e-7,0
0.03030303,0.22222222,1,0,0
0.03030303,0.23232323,1,2.7458459354875233e-6,0
0.03030303,0.24242424,1,0,0
0.03030303,0.25252525,1,0,0
0.03030303,0.26262626,1,1.986682220058356e-6,0
0.03030303,0.27272727,1,8.489092408467514e-7,0
0.03030303,0.28282828,1,0,0
0.03030303,0.29292929,1,3.0735740401439673e-7,0
0.03030303,0.3030303,1,0,0
0.03030303,0.31313131,1,0,0
0.03030303,0.32323232,1,1.367845162320691e-6,0
0.03030303,0.33333333,1,0,0
0.03030303,0.34343434,1,0,0
0.03030303,0.35353535,1,0,0
0.03030303,0.36363636,1,3.75968562545026e-7,0
0.03030303,0.37373737,1,3.513477788228415e-7,0
0.03030303,0.38383838,1,3.8227142114530825e-7,0
0.03030303,0.39393939,1,1.186606794458811e-7,0
0.03030303,0.4040404,1,3.205224152661224e-7,0
0.03030303,0.41414141,1,0,0
0.03030303,0.42424242,1,0,0
0.03030303,0.43434343,1,0,0
0.03030303,0.44444444,1,0,0
0.03030303,0.45454545,1,3.6049938623690035e-8,0
0.03030303,0.46464646,1,2.1375736170664958e-7,0
0.03030303,0.47474747,1,2.6136331771828073e-7,0
0.03030303,0.48484848,1,6.362132860800452e-8,0
0.03030303,0.49494949,1,0,0
0.03030303,0.50505051,1,0,0
0.03030303,0.51515152,1,0,0
0.03030303,0.52525253,1,9.044746758074228e-8,0
0.03030303,0.53535354,1,5.3877899750286093e-8,0
0.03030303,0.54545455,1,0,0
0.03030303,0.55555556,1,1.2264260753820037e-8,0
0.03030303,0.56565657,1,0,0
0.03030303,0.57575758,1,4.8805884025744226e-8,0
0.03030303,0.58585859,1,2.292932770089646e-9,0
0.03030303,0.5959596,1,0,0
0.03030303,0.60606061,1,1.3991119534335208e-10,0
0.03030303,0.61616162,1,0,0
0.03030303,0.62626263,1,7.626824268221547e-11,0
0.03030303,0.63636364,1,0,0
0.03030303,0.64646465,1,4.7001860460551405e-11,0
0.03030303,0.65656566,1,0,0
0.03030303,0.66666667,1,2.7151884906748137e-11,0
0.03030303,0.67676768,1,0,0
0.03030303,0.68686869,1,1.0549179442747442e-11,0
0.03030303,0.6969697,1,0,0
0.03030303,0.70707071,1,0,0
0.03030303,0.71717172,1,1.3220600018036544e-11,0
0.03030303,0.72727273,1,0,0
0.03030303,0.73737374,1,3.013753461199309e-11,0
0.03030303,0.74747475,1,0,0
0.03030303,0.75757576,1,4.9099050362586e-11,0
0.03030303,0.76767677,1,0,0
0.03030303,0.77777778,1,7.122189980886957e-11,0
0.03030303,0.78787879,1,0,0
0.03030303,0.7979798,1,9.791492302253096e-11,0
0.03030303,0.80808081,1,0,0
0.03030303,0.81818182,1,1.31088899896388e-10,0
0.03030303,0.82828283,1,0,0
0.03030303,0.83838384,1,1.7348340334930737e-10,0
0.03030303,0.84848485,1,0,0
0.03030303,0.85858586,1,2.2918063932800272e-10,0
0.03030303,0.86868687,1,0,0
0.03030303,0.87878788,1,3.0451241626247575e-10,0
0.03030303,0.88888889,1,0,0
0.03030303,0.8989899,1,4.0971744080693653e-10,0
0.03030303,0.90909091,1,0,0
0.03030303,0.91919192,1,5.622275889842486e-10,0
0.03030303,0.92929293,1,0,0
0.03030303,0.93939394,1,7.936215309523737e-10,0
0.03030303,0.94949495,1,0,0
0.03030303,0.95959596,1,1.1659455998062895e-9,0
0.03030303,0.96969697,1,0,0
0.03030303,0.97979798,1,1.8156905719914074e-9,0
0.03030303,0.98989899,1,0,0
0.03030303,1,1,3.099649105873375e-9,0
0.04040404,0,-1,0,0
0.04040404,0.01010101,1,2.650399295773654e-7,0
0.04040404,0.02020202,0,0,0
0.04040404,0.03030303,0,5.62950744022342e-7,0
0.04040404,0.04040404,0,7.798108000824525e-6,0
0.04040404,0.05050505,0,5.4679524301329e-4,0
0.04040404,0.06060606,0,0.0026656324881941,0
0.04040404,0.07070707,0,0.00241115861299722,0
0.04040404,0.08080808,0,0.00245552863898301,0
0.04040404,0.09090909,0,0.00245860757336486,0
0.04040404,0.1010101,0,0.00171301736372479,0
0.04040404,0.11111111,0,0.00127342191529969,0
0.04040404,0.12121212,0,8.7760510426232e-4,0
0.04040404,0.13131313,0,8.1129183880839e-4,0
0.04040404,0.14141414,0,3.3692597204135e-4,0
0.04040404,0.15151515,0,6.44075419575529e-5,0
0.04040404,0.16161616,0,1.0156437836849364e-5,0
0.04040404,0.17171717,0,1.1360396994859912e-6,0
0.04040404,0.18181818,0,2.0090052432351513e-5,0
0.04040404,0.19191919,0,9.193019521444513e-6,0
0.04040404,0.2020202,0,1.734354272048222e-5,0
0.04040404,0.21212121,0,2.2081841934777913e-7,0
0.04040404,0.22222222,0,1.260488075513422e-6,0
0.04040404,0.23232323,1,0,0
0.04040404,0.24242424,1,5.593886773567647e-7,0
0.04040404,0.25252525,1,0,0
0.04040404,0.26262626,1,0,0
0.04040404,0.27272727,1,0,0
0.04040404,0.28282828,1,0,0
0.04040404,0.29292929,1,0,0
0.04040404,0.3030303,1,1.0456418781615185e-6,0
0.04040404,0.31313131,1,2.5610279830658556e-6,0
0.04040404,0.32323232,1,0,0
0.04040404,0.33333333,1,4.07871148064487e-7,0
0.04040404,0.34343434,1,7.111996622768402e-7,0
0.04040404,0.35353535,1,7.529381608001984e-7,0
0.04040404,0.36363636,1,0,0
0.04040404,0.37373737,1,0,0
0.04040404,0.38383838,1,0,0
0.04040404,0.39393939,1,0,0
0.04040404,0.4040404,1,0,0
0.04040404,0.41414141,1,3.345967157938557e-7,0
0.04040404,0.42424242,1,4.208507085592756e-7,0
0.04040404,0.43434343,1,3.661329847133058e-7,0
0.04040404,0.44444444,1,1.3837867806958698e-7,0
0.04040404,0.45454545,1,0,0
0.04040404,0.46464646,1,0,0
0.04040404,0.47474747,1,0,0
0.04040404,0.48484848,1,0,0
0.04040404,0.49494949,1,5.8777538769849714e-8,0
0.04040404,0.50505051,1,2.3822228829111565e-7,0
0.04040404,0.51515152,1,1.2512279299982378e-7,0
0.04040404,0.52525253,1,0,0
0.04040404,0.53535354,1,0,0
0.04040404,0.54545455,1,1.7506936979227166e-7,0
0.04040404,0.55555556,1,0,0
0.04040404,0.56565657,1,2.0705090140625288e-8,0
0.04040404,0.57575758,1,0,0
0.04040404,0.58585859,1,0,0
0.04040404,0.5959596,1,4.838249789704091e-9,0
0.04040404,0.60606061,1,0,0
0.04040404,0.61616162,1,4.846467429525572e-9,0
0.04040404,0.62626263,1,0,0
0.04040404,0.63636364,1,4.990498346857646e-9,0
0.04040404,0.64646465,1,0,0
0.04040404,0.65656566,1,5.202484275161623e-9,0
0.04040404,0.66666667,1,0,0
0.04040404,0.67676768,1,5.477726525996134e-9,0
0.04040404,0.68686869,1,0,0
0.04040404,0.6969697,1,5.823192286295681e-9,0
0.04040404,0.70707071,1,0,0
0.04040404,0.71717172,1,6.2517326362371815e-9,0
0.04040404,0.72727273,1,0,0
0.04040404,0.73737374,1,6.781895047952482e-9,0
0.04040404,0.74747475,1,0,0
0.04040404,0.75757576,1,7.439442055696098e-9,0
0.04040404,0.76767677,1,0,0
0.04040404,0.77777778,1,8.260181824770297e-9,0
0.04040404,0.78787879,1,0,0
0.04040404,0.7979798,1,9.294562981040317e-9,0
0.04040404,0.80808081,1,0,0
0.04040404,0.81818182,1,1.061510053666972e-8,0
0.04040404,0.82828283,1,0,0
0.04040404,0.83838384,1,1.2328686821701762e-8,0
0.04040404,0.84848485,1,0,0
0.04040404,0.85858586,1,1.4597697223686473e-8,0
0.04040404,0.86868687,1,0,0
0.04040404,0.87878788,1,1.767781385539433e-8,0
0.04040404,0.88888889,1,0,0
0.04040404,0.8989899,1,2.198935251094391e-8,0
0.04040404,0.90909091,1,0,0
0.04040404,0.91919192,1,2.8260346777223176e-8,0
0.04040404,0.92929293,1,0,0
0.04040404,0.93939394,1,3.783585479716356e-8,0
0.04040404,0.94949495,1,0,0
0.04040404,0.95959596,1,5.3411633286668336e-8,0
0.04040404,0.96969697,1,0,0
0.04040404,0.97979798,1,8.09905614678877e-8,0
0.04040404,0.98989899,1,0,0
0.04040404,1,1,1.3593331053936148e-7,0
0.05050505,0,-1,1.942991924151101e-8,0
0.05050505,0.01010101,1,9.403188246801359e-8,0
0.05050505,0.02020202,0,0,0
0.05050505,0.03030303,0,1.0418298080116912e-5,0
0.05050505,0.04040404,0,0.00154251198327661,0
0.05050505,0.05050505,0,0.00380119014269747,0
0.05050505,0.06060606,0,0.00247629259377737,0
0.05050505,0.07070707,0,0.00105121088328446,0
0.05050505,0.08080808,0,7.7064094191446e-4,0
0.05050505,0.09090909,0,5.1220809177902e-4,0
0.05050505,0.1010101,0,5.585810542725e-4,0
0.05050505,0.11111111,0,5.1414665000993e-4,0
0.05050505,0.12121212,0,5.9649217860132e-4,0
0.05050505,0.13131313,0,9.9281888953992e-4,0
0.05050505,0.14141414,0,0.00104832343863454,0
0.05050505,0.15151515,0,0.00128746179656518,0
0.05050505,0.16161616,0,0.00111547309162851,0
0.05050505,0.17171717,0,7.8024845466352e-4,0
0.05050505,0.18181818,0,5.71164010352e-4,0
0.05050505,0.19191919,0,4.448902459655e-4,0
0.05050505,0.2020202,0,3.42361984552e-4,0
0.05050505,0.21212121,0,2.078526313332e-4,0
0.05050505,0.22222222,0,1.2453273468927e-4,0
0.05050505,0.23232323,0,3.404556184232206e-5,0
0.05050505,0.24242424,0,5.705773408953974e-6,0
0.05050505,0.25252525,0,6.898072463673089e-6,0
0.05050505,0.26262626,0,9.831216716588642e-6,0
0.05050505,0.27272727,0,6.684558294136878e-6,0
0.05050505,0.28282828,0,4.899131193997164e-6,0
0.05050505,0.29292929,0,3.2054237325382928e-6,0
0.05050505,0.3030303,1,0,0
0.05050505,0.31313131,1,0,0
0.05050505,0.32323232,1,3.074524451989191e-7,0
0.05050505,0.33333333,1,0,0
0.05050505,0.34343434,1,0,0
0.05050505,0.35353535,1,0,0
0.05050505,0.36363636,1,3.7806499020192067e-7,0
0.05050505,0.37373737,1,7.055322585793888e-7,0
0.05050505,0.38383838,1,1.03916025079549e-6,0
0.05050505,0.39393939,1,5.573036597642301e-7,0
0.05050505,0.4040404,1,6.433407481763798e-7,0
0.05050505,0.41414141,1,0,0
0.05050505,0.42424242,1,0,0
0.05050505,0.43434343,1,0,0
0.05050505,0.44444444,1,0,0
0.05050505,0.45454545,1,3.7661532183491324e-8,0
0.05050505,0.46464646,1,4.132234032909022e-7,0
0.05050505,0.47474747,1,5.012185752283682e-7,0
0.05050505,0.48484848,1,1.52475589785539e-7,0
0.05050505,0.49494949,1,0,0
0.05050505,0.50505051,1,0,0
0.05050505,0.51515152,1,0,0
0.05050505,0.52525253,1,1.5504489406310558e-7,0
0.05050505,0.53535354,1,8.473879003007979e-8,0
0.05050505,0.54545455,1,0,0
0.05050505,0.55555556,1,2.433294007923078e-9,0
0.05050505,0.56565657,1,0,0
0.05050505,0.57575758,1,6.236675991133785e-8,0
0.05050505,0.58585859,1,7.082161898747021e-9,0
0.05050505,0.5959596,1,0,0
0.05050505,0.60606061,1,4.32424912549874e-9,0
0.05050505,0.61616162,1,0,0
0.05050505,0.62626263,1,4.334866906823107e-9,0
0.05050505,0.63636364,1,0,0
0.05050505,0.64646465,1,4.4261584423654094e-9,0
0.05050505,0.65656566,1,0,0
0.05050505,0.66666667,1,4.569912520786942e-9,0
0.05050505,0.67676768,1,0,0
0.05050505,0.68686869,1,4.764064384856588e-9,0
0.05050505,0.6969697,1,0,0
0.05050505,0.70707071,1,5.013480319305403e-9,0
0.05050505,0.71717172,1,0,0
0.05050505,0.72727273,1,5.327111642592394e-9,0
0.05050505,0.73737374,1,0,0
0.05050505,0.74747475,1,5.717956315684698e-9,0
0.05050505,0.75757576,1,0,0
0.05050505,0.76767677,1,6.2040696872200765e-9,0
0.05050505,0.77777778,1,0,0
0.05050505,0.78787879,1,6.810417123594235e-9,0
0.05050505,0.7979798,1,0,0
0.05050505,0.80808081,1,7.571840730857078e-9,0
0.05050505,0.81818182,1,0,0
0.05050505,0.82828283,1,8.53775927685714e-9,0
0.05050505,0.83838384,1,0,0
0.05050505,0.84848485,1,9.77967179271325e-9,0
0.05050505,0.85858586,1,0,0
0.05050505,0.86868687,1,1.1403424890175496e-8,0
0.05050505,0.87878788,1,0,0
0.05050505,0.88888889,1,1.3569504489091469e-8,0
0.05050505,0.8989899,1,0,0
0.05050505,0.90909091,1,1.652647668213313e-8,0
0.05050505,0.91919192,1,0,0
0.05050505,0.92929293,1,2.0661848218927942e-8,0
0.05050505,0.93939394,1,0,0
0.05050505,0.94949495,1,2.6548757232724033e-8,0
0.05050505,0.95959596,1,0,0
0.05050505,0.96969697,1,3.475029081342583e-8,0
0.05050505,0.97979798,1,0,0
0.05050505,0.98989899,1,4.330488097059517e-8,0
0.05050505,1,1,0,0
0.06060606,0,-1,0,0
0.06060606,0.01010101,1,3.2320142165947565e-6,0
0.06060606,0.02020202,0,0,0
0.06060606,0.03030303,0,6.0027466812374e-4,0
0.06060606,0.04040404,0,0.00527260745693175,0
0.06060606,0.05050505,0,0.00118946015733831,0
0.06060606,0.06060606,0,1.1250214764739e-4,0
0.06060606,0.07070707,0,1.1952001631871e-4,0
0.06060606,0.08080808,0,3.771679852161469e-5,0
0.06060606,0.09090909,0,0,0
0.06060606,0.1010101,0,8.024050543972408e-5,0
0.06060606,0.11111111,0,1.8050730027243e-4,0
0.06060606,0.12121212,0,4.941906878666487e-5,0
0.06060606,0.13131313,0,4.1546422667306616e-5,0
0.06060606,0.14141414,0,2.421530944411643e-5,0
0.06060606,0.15151515,0,0,0
0.06060606,0.16161616,0,2.2791949572347e-4,0
0.06060606,0.17171717,0,3.6941689326667e-4,0
0.06060606,0.18181818,0,4.6913183353572e-4,0
0.06060606,0.19191919,0,5.5013236458144e-4,0
0.06060606,0.2020202,0,6.1314391883352e-4,0
0.06060606,0.21212121,0,0.00062687753304726005,0
0.06060606,0.22222222,0,7.6934494574115e-4,0
0.06060606,0.23232323,0,7.2696779316993e-4,0
0.06060606,0.24242424,0,5.6298944763184e-4,0
0.06060606,0.25252525,0,5.275903389029e-4,0
0.06060606,0.26262626,0,5.4271534150959e-4,0
0.06060606,0.27272727,0,4.2260761128156e-4,0
0.06060606,0.28282828,0,4.2037079961947e-4,0
0.06060606,0.29292929,0,2.8113469565789e-4,0
0.06060606,0.3030303,0,1.4049250178146e-4,0
0.06060606,0.31313131,0,3.761227251432047e-5,0
0.06060606,0.32323232,0,6.605125412895064e-6,0
0.06060606,0.33333333,0,5.646373999390165e-6,0
0.06060606,0.34343434,0,5.453303403560028e-6,0
0.06060606,0.35353535,0,3.946719891112594e-6,0
0.06060606,0.36363636,1,9.784313153293313e-7,0
0.06060606,0.37373737,1,0,0
0.06060606,0.38383838,1,0,0
0.06060606,0.39393939,1,0,0
0.06060606,0.4040404,1,0,0
0.06060606,0.41414141,1,2.877606142767157e-7,0
0.06060606,0.42424242,1,1.0869657644983646e-6,0
0.06060606,0.43434343,1,1.0565262295533308e-6,0
0.06060606,0.44444444,1,4.470153949055055e-7,0
0.06060606,0.45454545,1,1.796966938074629e-8,0
0.06060606,0.46464646,1,0,0
0.06060606,0.47474747,1,0,0
0.06060606,0.48484848,1,0,0
0.06060606,0.49494949,1,1.1867782940690153e-7,0
0.06060606,0.50505051,1,4.187613146750117e-7,0
0.06060606,0.51515152,1,3.018677092190246e-7,0
0.06060606,0.52525253,1,0,0
0.06060606,0.53535354,1,0,0
0.06060606,0.54545455,1,2.4849478504370596e-7,0
0.06060606,0.55555556,1,3.35313964946282e-8,0
0.06060606,0.56565657,1,0,0
0.06060606,0.57575758,1,0,0
0.06060606,0.58585859,1,0,0
0.06060606,0.5959596,1,3.3262960127234975e-8,0
0.06060606,0.60606061,1,0,0
0.06060606,0.61616162,1,3.3758080089392776e-8,0
0.06060606,0.62626263,1,0,0
0.06060606,0.63636364,1,3.4693333400168595e-8,0
0.06060606,0.64646465,1,0,0
0.06060606,0.65656566,1,3.600287105404204e-8,0
0.06060606,0.66666667,1,0,0
0.06060606,0.67676768,1,3.7718614480289265e-8,0
0.06060606,0.68686869,1,0,0
0.06060606,0.6969697,1,3.9903789943436864e-8,0
0.06060606,0.70707071,1,0,0
0.06060606,0.71717172,1,4.2650144334840675e-8,0
0.06060606,0.72727273,1,0,0
0.06060606,0.73737374,1,4.60852191341685e-8,0
0.06060606,0.74747475,1,0,0
0.06060606,0.75757576,1,5.038588159042394e-8,0
0.06060606,0.76767677,1,0,0
0.06060606,0.77777778,1,5.5800003440145425e-8,0
0.06060606,0.78787879,1,0,0
0.06060606,0.7979798,1,6.268115783765652e-8,0
0.06060606,0.80808081,1,0,0
0.06060606,0.81818182,1,7.154553996795519e-8,0
0.06060606,0.82828283,1,0,0
0.06060606,0.83838384,1,8.31687022089146e-8,0
0.06060606,0.84848485,1,0,0
0.06060606,0.85858586,1,9.875718287883362e-8,0
0.06060606,0.86868687,1,0,0
0.06060606,0.87878788,1,1.202691786017913e-7,0
0.06060606,0.88888889,1,0,0
0.06060606,0.8989899,1,1.510524444906642e-7,0
0.06060606,0.90909091,1,0,0
0.06060606,0.91919192,1,1.972149456752625e-7,0
0.06060606,0.92929293,1,0,0
0.06060606,0.93939394,1,2.708708988534283e-7,0
0.06060606,0.94949495,1,0,0
0.06060606,0.95959596,1,3.9886734960121323e-7,0
0.06060606,0.96969697,1,0,0
0.06060606,0.97979798,1,6.506577213366117e-7,0
0.06060606,0.98989899,1,0,0
0.06060606,1,1,1.2522040671629042e-6,0
0.07070707,0,-1,3.247054909566359e-7,0
0.07070707,0.01010101,1,0,0
0.07070707,0.02020202,1,1.220926603530984e-5,0
0.07070707,0.03030303,0,0.00218119000657904,0
0.07070707,0.04040404,0,0.00310075252703582,0
0.07070707,0.05050505,0,9.7339155772927e-4,0
0.07070707,0.06060606,0,0.00351273950046659,0
0.07070707,0.07070707,0,0.00460758192361797,0
0.07070707,0.08080808,0,0.00437656895228265,0
0.07070707,0.09090909,0,0.00368028913655853,0
0.07070707,0.1010101,0,0.00283544697314646,0
0.07070707,0.11111111,0,0.00185205856115753,0
0.07070707,0.12121212,0,0.00144691341381039,0
0.07070707,0.13131313,0,8.6808947933677e-4,0
0.07070707,0.14141414,0,5.7622856671187e-4,0
0.07070707,0.15151515,0,3.3959388028342e-4,0
0.07070707,0.16161616,0,5.786276276994613e-5,0
0.07070707,0.17171717,0,2.0116248310660013e-5,0
0.07070707,0.18181818,0,0,0
0.07070707,0.19191919,0,0,0
0.07070707,0.2020202,0,0,0
0.07070707,0.21212121,0,9.306786944125634e-6,0
0.07070707,0.22222222,0,8.735769863369569e-6,0
0.07070707,0.23232323,0,4.4129482424204985e-5,0
0.07070707,0.24242424,0,9.333324554488629e-5,0
0.07070707,0.25252525,0,1.5625691733312e-4,0
0.07070707,0.26262626,0,1.9544646300701e-4,0
0.07070707,0.27272727,0,2.1390085904248e-4,0
0.07070707,0.28282828,0,3.135968351228e-4,0
0.07070707,0.29292929,0,4.2622510247657e-4,0
0.07070707,0.3030303,0,5.3495204703812e-4,0
0.07070707,0.31313131,0,5.6466519401921e-4,0
0.07070707,0.32323232,0,6.1704729159795e-4,0
0.07070707,0.33333333,0,4.0565612550305e-4,0
0.07070707,0.34343434,0,3.8625084339608e-4,0
0.07070707,0.35353535,0,2.7744007676689e-4,0
0.07070707,0.36363636,0,1.9905189563546e-4,0
0.07070707,0.37373737,0,1.206320747896e-4,0
0.07070707,0.38383838,0,3.3892770222279504e-5,0
0.07070707,0.39393939,0,7.519970320984593e-6,0
0.07070707,0.4040404,0,5.04503650881988e-6,0
0.07070707,0.41414141,0,1.7690444902669123e-6,0
0.07070707,0.42424242,1,0,0
0.07070707,0.43434343,1,0,0
0.07070707,0.44444444,1,0,0
0.07070707,0.45454545,1,0,0
0.07070707,0.46464646,1,1.0181852010700082e-6,0
0.07070707,0.47474747,1,1.433497169919089e-6,0
0.07070707,0.48484848,1,5.000167992345209e-7,0
0.07070707,0.49494949,1,0,0
0.07070707,0.50505051,1,0,0
0.07070707,0.51515152,1,0,0
0.07070707,0.52525253,1,2.7281391024745524e-7,0
0.07070707,0.53535354,1,1.985403856081943e-7,0
0.07070707,0.54545455,1,0,0
0.07070707,0.55555556,1,0,0
0.07070707,0.56565657,1,0,0
0.07070707,0.57575758,1,1.116824855937317e-7,0
0.07070707,0.58585859,1,0,0
0.07070707,0.5959596,1,1.4114477288774292e-8,0
0.07070707,0.60606061,1,0,0
0.07070707,0.61616162,1,1.4234111498942992e-8,0
0.07070707,0.62626263,1,0,0
0.07070707,0.63636364,1,1.4353223641002398e-8,0
0.07070707,0.64646465,1,0,0
0.07070707,0.65656566,1,1.458718785368068e-8,0
0.07070707,0.66666667,1,0,0
0.07070707,0.67676768,1,1.496039559261634e-8,0
0.07070707,0.68686869,1,0,0
0.07070707,0.6969697,1,1.5489873245896663e-8,0
0.07070707,0.70707071,1,0,0
0.07070707,0.71717172,1,1.619648153774677e-8,0
0.07070707,0.72727273,1,0,0
0.07070707,0.73737374,1,1.71086838169457e-8,0
0.07070707,0.74747475,1,0,0
0.07070707,0.75757576,1,1.826560928445977e-8,0
0.07070707,0.76767677,1,0,0
0.07070707,0.77777778,1,1.9720899312032332e-8,0
0.07070707,0.78787879,1,0,0
0.07070707,0.7979798,1,2.1548167149235263e-8,0
0.07070707,0.80808081,1,0,0
0.07070707,0.81818182,1,2.384897502303229e-8,0
0.07070707,0.82828283,1,0,0
0.07070707,0.83838384,1,2.6764498483978143e-8,0
0.07070707,0.84848485,1,0,0
0.07070707,0.85858586,1,3.0492194810685885e-8,0
0.07070707,0.86868687,1,0,0
0.07070707,0.87878788,1,3.530773707221564e-8,0
0.07070707,0.88888889,1,0,0
0.07070707,0.8989899,1,4.15857740335015e-8,0
0.07070707,0.90909091,1,0,0
0.07070707,0.91919192,1,4.9780971547333e-8,0
0.07070707,0.92929293,1,0,0
0.07070707,0.93939394,1,6.017899357509205e-8,0
0.07070707,0.94949495,1,0,0
0.07070707,0.95959596,1,7.142774508528405e-8,0
0.07070707,0.96969697,1,0,0
0.07070707,0.97979798,1,7.166136229684092e-8,0
0.07070707,0.98989899,1,0,0
0.07070707,1,1,0,0
0.08080808,0,-1,1.8847676339519229e-6,0
0.08080808,0.01010101,1,0,0
0.08080808,0.02020202,1,1.803748788271611e-5,0
0.08080808,0.03030303,0,0.0023040310126581,0
0.08080808,0.04040404,0,0.00250258028450507,0
0.08080808,0.05050505,0,0.00883854190962212,0
0.08080808,0.06060606,0,0.02287113876089847,0
0.08080808,0.07070707,0,0.03547795632586197,0
0.08080808,0.08080808,0,0.03818515585152782,0
0.08080808,0.09090909,0,0.03717805765978697,0
0.08080808,0.1010101,0,0.03011578093111348,0
0.08080808,0.11111111,0,0.02247127076792512,0
0.08080808,0.12121212,0,0.01493469521112456,0
0.08080808,0.13131313,0,0.00974645847022857,0
0.08080808,0.14141414,0,0.0066617290455888,0
0.08080808,0.15151515,0,0.00378122163510515,0
0.08080808,0.16161616,0,0.00271267829351836,0
0.08080808,0.17171717,0,0.00146713478382589,0
0.08080808,0.18181818,0,0.00104683704112826,0
0.08080808,0.19191919,0,4.8996912254449e-4,0
0.08080808,0.2020202,0,9.379906800900244e-5,0
0.08080808,0.21212121,0,8.786317124986454e-6,0
0.08080808,0.22222222,0,5.561941803705395e-6,0
0.08080808,0.23232323,0,0,0
0.08080808,0.24242424,0,6.7618501077959085e-6,0
0.08080808,0.25252525,0,2.241782712468421e-6,0
0.08080808,0.26262626,0,0,0
0.08080808,0.27272727,0,0,0
0.08080808,0.28282828,0,3.3953115265518365e-6,0
0.08080808,0.29292929,0,5.204155069465344e-6,0
0.08080808,0.3030303,0,1.061846840436509e-5,0
0.08080808,0.31313131,0,2.590156921637785e-5,0
0.08080808,0.32323232,0,1.2550841774008e-4,0
0.08080808,0.33333333,0,1.955813164384e-4,0
0.08080808,0.34343434,0,3.3190048984976e-4,0
0.08080808,0.35353535,0,3.7435294332783e-4,0
0.08080808,0.36363636,0,4.1273106150777e-4,0
0.08080808,0.37373737,0,5.6988949831725e-4,0
0.08080808,0.38383838,0,6.8316515101992e-4,0
0.08080808,0.39393939,0,5.011139570514e-4,0
0.08080808,0.4040404,0,3.5265427591553e-4,0
0.08080808,0.41414141,0,2.7064881776267e-4,0
0.08080808,0.42424242,0,1.2544527278337e-4,0
0.08080808,0.43434343,0,1.4459836231938458e-5,0
0.08080808,0.44444444,0,6.413341036160775e-6,0
0.08080808,0.45454545,0,1.986147912380417e-6,0
0.08080808,0.46464646,1,0,0
0.08080808,0.47474747,1,0,0
0.08080808,0.48484848,1,0,0
0.08080808,0.49494949,1,0,0
0.08080808,0.50505051,1,1.1656924783676804e-6,0
0.08080808,0.51515152,1,8.60493154885034e-7,0
0.08080808,0.52525253,1,0,0
0.08080808,0.53535354,1,0,0
0.08080808,0.54545455,1,5.349290257602795e-7,0
0.08080808,0.55555556,1,2.854397614258344e-8,0
0.08080808,0.56565657,1,2.1613807301822372e-8,0
0.08080808,0.57575758,1,0,0
0.08080808,0.58585859,1,1.5635564204696833e-8,0
0.08080808,0.5959596,1,0,0
0.08080808,0.60606061,1,2.112151533870665e-8,0
0.08080808,0.61616162,1,0,0
0.08080808,0.62626263,1,2.219125524657872e-8,0
0.08080808,0.63636364,1,0,0
0.08080808,0.64646465,1,2.3356713074213324e-8,0
0.08080808,0.65656566,1,0,0
0.08080808,0.66666667,1,2.471894482546417e-8,0
0.08080808,0.67676768,1,0,0
0.08080808,0.68686869,1,2.6345242069508913e-8,0
0.08080808,0.6969697,1,0,0
0.08080808,0.70707071,1,2.8307124224620333e-8,0
0.08080808,0.71717172,1,0,0
0.08080808,0.72727273,1,3.069273558823482e-8,0
0.08080808,0.73737374,1,0,0
0.08080808,0.74747475,1,3.3617436220966864e-8,0
0.08080808,0.75757576,1,0,0
0.08080808,0.76767677,1,3.723757390549889e-8,0
0.08080808,0.77777778,1,0,0
0.08080808,0.78787879,1,4.177103545074267e-8,0
0.08080808,0.7979798,1,0,0
0.08080808,0.80808081,1,4.7529920772728435e-8,0
0.08080808,0.81818182,1,0,0
0.08080808,0.82828283,1,5.4974949492099396e-8,0
0.08080808,0.83838384,1,0,0
0.08080808,0.84848485,1,6.481033178173898e-8,0
0.08080808,0.85858586,1,0,0
0.08080808,0.86868687,1,7.815823803270224e-8,0
0.08080808,0.87878788,1,0,0
0.08080808,0.88888889,1,9.690062583742945e-8,0
0.08080808,0.8989899,1,0,0
0.08080808,0.90909091,1,1.244039587707908e-7,0
0.08080808,0.91919192,1,0,0
0.08080808,0.92929293,1,1.6721852222088245e-7,0
0.08080808,0.93939394,1,0,0
0.08080808,0.94949495,1,2.3963471775041105e-7,0
0.08080808,0.95959596,1,0,0
0.08080808,0.96969697,1,3.784241458147683e-7,0
0.08080808,0.97979798,1,0,0
0.08080808,0.98989899,1,7.062960224348975e-7,0
0.08080808,1,1,0,0
0.09090909,0,-1,0,0
0.09090909,0.01010101,1,7.26163630414322e-7,0
0.09090909,0.02020202,1,8.842980083135367e-6,0
0.09090909,0.03030303,0,0.00203019982285129,0
0.09090909,0.04040404,0,0.00504894722793725,0
0.09090909,0.05050505,0,0.03186170240277704,0
0.09090909,0.06060606,0,0.09788200545074172,0
0.09090909,0.07070707,0,0.12449794714991806,0
0.09090909,0.08080808,0,0.12263008422818004,0
0.09090909,0.09090909,0,0.09953571642742592,0
0.09090909,0.1010101,0,0.08196693687801954,0
0.09090909,0.11111111,0,0.06668457228997995,0
0.09090909,0.12121212,0,0.05025229606390094,0
0.09090909,0.13131313,0,0.03973493964847967,0
0.09090909,0.14141414,0,0.03151580883764655,0
0.09090909,0.15151515,0,0.02290545184715101,0
0.09090909,0.16161616,0,0.01692933345032861,0
0.09090909,0.17171717,0,0.01196414256148418,0
0.09090909,0.18181818,0,0.00806171690608407,0
0.09090909,0.19191919,0,0.005317463523287,0
0.09090909,0.2020202,0,0.00345529891699834,0
0.09090909,0.21212121,0,0.00201519908163402,0
0.09090909,0.22222222,0,0.00115715608001203,0
0.09090909,0.23232323,0,5.8888021104779e-4,0
0.09090909,0.24242424,0,2.4920501893888e-4,0
0.09090909,0.25252525,0,3.0217113157272027e-5,0
0.09090909,0.26262626,0,1.4975234032431218e-5,0
0.09090909,0.27272727,0,7.066908027013597e-6,0
0.09090909,0.28282828,0,6.932936789482369e-7,0
0.09090909,0.29292929,0,0,0
0.09090909,0.3030303,0,0,0
0.09090909,0.31313131,0,0,0
0.09090909,0.32323232,0,5.167507370446778e-6,0
0.09090909,0.33333333,0,2.806178329966258e-6,0
0.09090909,0.34343434,0,2.4613869140549305e-6,0
0.09090909,0.35353535,0,3.4727446541587884e-6,0
0.09090909,0.36363636,0,6.702203378314842e-6,0
0.09090909,0.37373737,0,9.838624251487184e-6,0
0.09090909,0.38383838,0,4.9841488672698104e-5,0
0.09090909,0.39393939,0,1.4793672933744e-4,0
0.09090909,0.4040404,0,2.731556511928e-4,0
0.09090909,0.41414141,0,5.5697360972643e-4,0
0.09090909,0.42424242,0,9.4647001646469e-4,0
0.09090909,0.43434343,0,6.6790430087081e-4,0
0.09090909,0.44444444,0,4.8531645911461e-4,0
0.09090909,0.45454545,0,2.2563237036124e-4,0
0.09090909,0.46464646,0,9.780249608712002e-5,0
0.09090909,0.47474747,0,1.7551386671328862e-5,0
0.09090909,0.48484848,0,6.817334398707218e-6,0
0.09090909,0.49494949,1,1.7047432105329932e-6,0
0.09090909,0.50505051,1,0,0
0.09090909,0.51515152,1,0,0
0.09090909,0.52525253,1,5.107454782903416e-7,0
0.09090909,0.53535354,1,7.186035879908929e-7,0
0.09090909,0.54545455,1,0,0
0.09090909,0.55555556,1,0,0
0.09090909,0.56565657,1,0,0
0.09090909,0.57575758,1,2.7338211531863016e-7,0
0.09090909,0.58585859,1,0,0
0.09090909,0.5959596,1,1.1357345994493965e-7,0
0.09090909,0.60606061,1,0,0
0.09090909,0.61616162,1,1.1338157187254798e-7,0
0.09090909,0.62626263,1,0,0
0.09090909,0.63636364,1,1.1438784423675552e-7,0
0.09090909,0.64646465,1,0,0
0.09090909,0.65656566,1,1.1665032856908213e-7,0
0.09090909,0.66666667,1,0,0
0.09090909,0.67676768,1,1.2019628250163516e-7,0
0.09090909,0.68686869,1,0,0
0.09090909,0.6969697,1,1.251180482196837e-7,0
0.09090909,0.70707071,1,0,0
0.09090909,0.71717172,1,1.3158273255648813e-7,0
0.09090909,0.72727273,1,0,0
0.09090909,0.73737374,1,1.3984406458493076e-7,0
0.09090909,0.74747475,1,0,0
0.09090909,0.75757576,1,1.5026451776051332e-7,0
0.09090909,0.76767677,1,0,0
0.09090909,0.77777778,1,1.6335195800244893e-7,0
0.09090909,0.78787879,1,0,0
0.09090909,0.7979798,1,1.7981776112233126e-7,0
0.09090909,0.80808081,1,0,0
0.09090909,0.81818182,1,2.006686444602866e-7,0
0.09090909,0.82828283,1,0,0
0.09090909,0.83838384,1,2.2735406018449338e-7,0
0.09090909,0.84848485,1,0,0
0.09090909,0.85858586,1,2.620087192896775e-7,0
0.09090909,0.86868687,1,0,0
0.09090909,0.87878788,1,3.078639130392507e-7,0
0.09090909,0.88888889,1,0,0
0.09090909,0.8989899,1,3.699685017521193e-7,0
0.09090909,0.90909091,1,0,0
0.09090909,0.91919192,1,4.5649182456200915e-7,0
0.09090909,0.92929293,1,0,0
0.09090909,0.93939394,1,5.811092466759499e-7,0
0.09090909,0.94949495,1,0,0
0.09090909,0.95959596,1,7.67085666919712e-7,0
0.09090909,0.96969697,1,0,0
0.09090909,0.97979798,1,1.0505645106243266e-6,0
0.09090909,0.98989899,1,0,0
0.09090909,1,1,1.4339822786276504e-6,0
0.1010101,0,-1,8.676198655118285e-6,0
0.1010101,0.01010101,1,0,0
0.1010101,0.02020202,1,3.587856918763342e-5,0
0.1010101,0.03030303,0,0.00197518370965299,0
0.1010101,0.04040404,0,0.01383887583745006,0
0.1010101,0.05050505,0,0.11020925427540842,0
0.1010101,0.06060606,0,0.19724232966997507,0
0.1010101,0.07070707,0,0.2496091378875376,0
0.1010101,0.08080808,0,0.2625944208407379,0
0.1010101,0.09090909,0,0.23710762304136185,0
0.1010101,0.1010101,0,0.19965720896917177,0
0.1010101,0.11111111,0,0.15310621501546176,0
0.1010101,0.12121212,0,0.11560234746365022,0
0.1010101,0.13131313,0,0.08911449551622573,0
0.1010101,0.14141414,0,0.06950554168336712,0
0.1010101,0.15151515,0,0.05422117028387183,0
0.1010101,0.16161616,0,0.03929050298847469,0
0.1010101,0.17171717,0,0.02855050468770005,0
0.1010101,0.18181818,0,0.02190167579783901,0
0.1010101,0.19191919,0,0.01623841949058942,0
0.1010101,0.2020202,0,0.01289814445380398,0
0.1010101,0.21212121,0,0.01052663186486188,0
0.1010101,0.22222222,0,0.00742940001397642,0
0.1010101,0.23232323,0,0.00476465320329259,0
0.1010101,0.24242424,0,0.00322680559868127,0
0.1010101,0.25252525,0,0.00200287249397342,0
0.1010101,0.26262626,0,0.00146749559055968,0
0.1010101,0.27272727,0,5.0548523420356e-4,0
0.1010101,0.28282828,0,1.382371974269e-4,0
0.1010101,0.29292929,0,9.802334855224615e-6,0
0.1010101,0.3030303,0,1.3273910195634642e-5,0
0.1010101,0.31313131,0,1.0208186912885964e-5,0
0.1010101,0.32323232,0,0,0
0.1010101,0.33333333,0,0,0
0.1010101,0.34343434,0,1.1718388960444415e-6,0
0.1010101,0.35353535,0,1.3382578797180857e-6,0
0.1010101,0.36363636,0,0,0
0.1010101,0.37373737,0,0,0
0.1010101,0.38383838,0,0,0
0.1010101,0.39393939,0,6.625041809635302e-7,0
0.1010101,0.4040404,0,2.238953377579983e-6,0
0.1010101,0.41414141,0,8.707819546003415e-6,0
0.1010101,0.42424242,0,3.578705217387428e-5,0
0.1010101,0.43434343,0,1.586413270771e-4,0
0.1010101,0.44444444,0,3.6509963603001e-4,0
0.1010101,0.45454545,0,4.1166329812859e-4,0
0.1010101,0.46464646,0,7.979209141662e-4,0
0.1010101,0.47474747,0,9.0300551831643e-4,0
0.1010101,0.48484848,0,5.341083840506e-4,0
0.1010101,0.49494949,0,2.1066787654771e-4,0
0.1010101,0.50505051,0,8.096843171686525e-5,0
0.1010101,0.51515152,0,1.1602960677580577e-5,0
0.1010101,0.52525253,1,0,0
0.1010101,0.53535354,1,0,0
0.1010101,0.54545455,1,1.3467403646838498e-6,0
0.1010101,0.55555556,1,2.2510649161056338e-7,0
0.1010101,0.56565657,1,0,0
0.1010101,0.57575758,1,0,0
0.1010101,0.58585859,1,1.003603290474016e-7,0
0.1010101,0.5959596,1,0,0
0.1010101,0.60606061,1,1.127717640233158e-7,0
0.1010101,0.61616162,1,0,0
0.1010101,0.62626263,1,1.1852564454177173e-7,0
0.1010101,0.63636364,1,0,0
0.1010101,0.64646465,1,1.25005602266639e-7,0
0.1010101,0.65656566,1,0,0
0.1010101,0.66666667,1,1.32644548642481e-7,0
0.1010101,0.67676768,1,0,0
0.1010101,0.68686869,1,1.418121540270663e-7,0
0.1010101,0.6969697,1,0,0
0.1010101,0.70707071,1,1.5292384129311007e-7,0
0.1010101,0.71717172,1,0,0
0.1010101,0.72727273,1,1.664997797106761e-7,0
0.1010101,0.73737374,1,0,0
0.1010101,0.74747475,1,1.8322653226734514e-7,0
0.1010101,0.75757576,1,0,0
0.1010101,0.76767677,1,2.0404087108205018e-7,0
0.1010101,0.77777778,1,0,0
0.1010101,0.78787879,1,2.30256181749693e-7,0
0.1010101,0.7979798,1,0,0
0.1010101,0.80808081,1,2.637639070793224e-7,0
0.1010101,0.81818182,1,0,0
0.1010101,0.82828283,1,3.0736868100615746e-7,0
0.1010101,0.83838384,1,0,0
0.1010101,0.84848485,1,3.6537045719604425e-7,0
0.1010101,0.85858586,1,0,0
0.1010101,0.86868687,1,4.446258449865886e-7,0
0.1010101,0.87878788,1,0,0
0.1010101,0.88888889,1,5.565962692369062e-7,0
0.1010101,0.8989899,1,0,0
0.1010101,0.90909091,1,7.215814253704865e-7,0
0.1010101,0.91919192,1,0,0
0.1010101,0.92929293,1,9.782463656293975e-7,0
0.1010101,0.93939394,1,0,0
0.1010101,0.94949495,1,1.4075231907499652e-6,0
0.1010101,0.95959596,1,0,0
0.1010101,0.96969697,1,2.2019182222421683e-6,0
0.1010101,0.97979798,1,0,0
0.1010101,0.98989899,1,3.912405975544436e-6,0
0.1010101,1,1,0,0
0.11111111,0,-1,0,0
0.11111111,0.01010101,1,3.445292522631997e-6,0
0.11111111,0.02020202,1,0,0
0.11111111,0.03030303,0,0.0020146139249962,0
0.11111111,0.04040404,0,0.03382902698626534,0
0.11111111,0.05050505,0,0.18644414157618264,0
0.11111111,0.06060606,0,0.4310721206353392,0
0.11111111,0.07070707,0,0.5445726792192148,0
0.11111111,0.08080808,0,0.5477052559566948,0
0.11111111,0.09090909,0,0.4866516025858393,0
0.11111111,0.1010101,0,0.4122376280258542,0
0.11111111,0.11111111,0,0.3283183888822896,0
0.11111111,0.12121212,0,0.25379481084091243,0
0.11111111,0.13131313,0,0.1931722395073048,0
0.11111111,0.14141414,0,0.1508154147463174,0
0.11111111,0.15151515,0,0.11565885789755158,0
0.11111111,0.16161616,0,0.0896164905009855,0
0.11111111,0.17171717,0,0.07013063008365589,0
0.11111111,0.18181818,0,0.0482548845906158,0
0.11111111,0.19191919,0,0.03626779126078982,0
0.11111111,0.2020202,0,0.02629455254009845,0
0.11111111,0.21212121,0,0.01981125952101565,0
0.11111111,0.22222222,0,0.01443819913548709,0
0.11111111,0.23232323,0,0.0124380814732624,0
0.11111111,0.24242424,0,0.01124470730285984,0
0.11111111,0.25252525,0,0.00864017219269079,0
0.11111111,0.26262626,0,0.0060068027932989,0
0.11111111,0.27272727,0,0.00331997998124337,0
0.11111111,0.28282828,0,0.00204435464649496,0
0.11111111,0.29292929,0,0.00134646959086276,0
0.11111111,0.3030303,0,7.5540408192902e-4,0
0.11111111,0.31313131,0,2.9817434459267e-4,0
0.11111111,0.32323232,0,3.024646666345827e-5,0
0.11111111,0.33333333,0,4.900061508178411e-6,0
0.11111111,0.34343434,0,0,0
0.11111111,0.35353535,0,0,0
0.11111111,0.36363636,0,2.1211488001958784e-6,0
0.11111111,0.37373737,0,2.7376546334642187e-6,0
0.11111111,0.38383838,0,2.2708533120661125e-7,0
0.11111111,0.39393939,0,0,0
0.11111111,0.4040404,0,5.024708812279899e-7,0
0.11111111,0.41414141,0,0,0
0.11111111,0.42424242,0,0,0
0.11111111,0.43434343,0,0,0
0.11111111,0.44444444,0,3.7814409100279625e-6,0
0.11111111,0.45454545,0,6.041417215359916e-6,0
0.11111111,0.46464646,0,2.6751474600038995e-5,0
0.11111111,0.47474747,0,1.8345483191893e-4,0
0.11111111,0.48484848,0,4.0977825141139e-4,0
0.11111111,0.49494949,0,4.6577334871787e-4,0
0.11111111,0.50505051,0,8.1795719043148e-4,0
0.11111111,0.51515152,0,7.6490028517954e-4,0
0.11111111,0.52525253,0,1.7771762513455e-4,0
0.11111111,0.53535354,0,8.577722611269149e-6,0
0.11111111,0.54545455,1,0,0
0.11111111,0.55555556,1,0,0
0.11111111,0.56565657,1,1.7635603867580105e-7,0
0.11111111,0.57575758,1,4.5206346435507876e-7,0
0.11111111,0.58585859,1,0,0
0.11111111,0.5959596,1,1.56012473986131e-7,0
0.11111111,0.60606061,1,0,0
0.11111111,0.61616162,1,1.6249707958901265e-7,0
0.11111111,0.62626263,1,0,0
0.11111111,0.63636364,1,1.6832242325098874e-7,0
0.11111111,0.64646465,1,0,0
0.11111111,0.65656566,1,1.7483029016040597e-7,0
0.11111111,0.66666667,1,0,0
0.11111111,0.67676768,1,1.826322485819671e-7,0
0.11111111,0.68686869,1,0,0
0.11111111,0.6969697,1,1.921663712984003e-7,0
0.11111111,0.70707071,1,0,0
0.11111111,0.71717172,1,2.0386379435859497e-7,0
0.11111111,0.72727273,1,0,0
0.11111111,0.73737374,1,2.1823027529826606e-7,0
0.11111111,0.74747475,1,0,0
0.11111111,0.75757576,1,2.359098750768449e-7,0
0.11111111,0.76767677,1,0,0
0.11111111,0.77777778,1,2.5775687732062786e-7,0
0.11111111,0.78787879,1,0,0
0.11111111,0.7979798,1,2.8493427672206234e-7,0
0.11111111,0.80808081,1,0,0
0.11111111,0.81818182,1,3.190607894889289e-7,0
0.11111111,0.82828283,1,0,0
0.11111111,0.83838384,1,3.624409575315934e-7,0
0.11111111,0.84848485,1,0,0
0.11111111,0.85858586,1,4.18438666140487e-7,0
0.11111111,0.86868687,1,0,0
0.11111111,0.87878788,1,4.921051723426406e-7,0
0.11111111,0.88888889,1,0,0
0.11111111,0.8989899,1,5.912748163280675e-7,0
0.11111111,0.90909091,1,0,0
0.11111111,0.91919192,1,7.285520532812919e-7,0
0.11111111,0.92929293,1,0,0
0.11111111,0.93939394,1,9.250505056801474e-7,0
0.11111111,0.94949495,1,0,0
0.11111111,0.95959596,1,1.2175930163184931e-6,0
0.11111111,0.96969697,1,0,0
0.11111111,0.97979798,1,1.6720723630362264e-6,0
0.11111111,0.98989899,1,0,0
0.11111111,1,1,2.400397073119432e-6,0
0.12121212,0,-1,3.228903100936692e-6,0
0.12121212,0.01010101,-1,0,0
0.12121212,0.02020202,1,1.6487089989429174e-5,0
0.12121212,0.03030303,0,0.00303354370228122,0
0.12121212,0.04040404,0,0.05814069202614519,0
0.12121212,0.05050505,0,0.3379330531017596,0
0.12121212,0.06060606,0,0.7429386581295041,0
0.12121212,0.07070707,0,1.00092807858465,0
0.12121212,0.08080808,0,1.110569091612946,0
0.12121212,0.09090909,0,1.060460616834494,0
0.12121212,0.1010101,0,0.8998093571152069,0
0.12121212,0.11111111,0,0.7320344655011538,0
0.12121212,0.12121212,0,0.579545280602657,0
0.12121212,0.13131313,0,0.42851629489801657,0
0.12121212,0.14141414,0,0.30739372128540365,0
0.12121212,0.15151515,0,0.2295443530663008,0
0.12121212,0.16161616,0,0.17676076486972908,0
0.12121212,0.17171717,0,0.143739464815051,0
0.12121212,0.18181818,0,0.1081878625629938,0
0.12121212,0.19191919,0,0.08191771765702652,0
0.12121212,0.2020202,0,0.06059400736727912,0
0.12121212,0.21212121,0,0.04368020190824345,0
0.12121212,0.22222222,0,0.0315853421779961,0
0.12121212,0.23232323,0,0.02134272671744893,0
0.12121212,0.24242424,0,0.01606456963091251,0
0.12121212,0.25252525,0,0.01259842746933506,0
0.12121212,0.26262626,0,0.01128040734835783,0
0.12121212,0.27272727,0,0.01010381711151406,0
0.12121212,0.28282828,0,0.00893077404578298,0
0.12121212,0.29292929,0,0.00603553006041893,0
0.12121212,0.3030303,0,0.00313159414952887,0
0.12121212,0.31313131,0,0.00218515796506162,0
0.12121212,0.32323232,0,0.00148201183657909,0
0.12121212,0.33333333,0,3.672596568576e-4,0
0.12121212,0.34343434,0,2.1694884059357552e-5,0
0.12121212,0.35353535,0,1.2022111658177195e-5,0
0.12121212,0.36363636,0,0,0
0.12121212,0.37373737,0,0,0
0.12121212,0.38383838,0,4.938113729185068e-7,0
0.12121212,0.39393939,0,6.34028690456509e-7,0
0.12121212,0.4040404,0,0,0
0.12121212,0.41414141,0,1.8736887854617223e-6,0
0.12121212,0.42424242,0,1.212783617199278e-6,0
0.12121212,0.43434343,0,6.704470667625901e-7,0
0.12121212,0.44444444,0,0,0
0.12121212,0.45454545,0,0,0
0.12121212,0.46464646,0,0,0
0.12121212,0.47474747,0,0,0
0.12121212,0.48484848,0,4.580253713920225e-6,0
0.12121212,0.49494949,0,6.6597594021090784e-6,0
0.12121212,0.50505051,0,4.841697753000129e-5,0
0.12121212,0.51515152,0,4.3766790562155e-4,0
0.12121212,0.52525253,0,8.0066043385546e-4,0
0.12121212,0.53535354,0,6.0313624829394e-4,0
0.12121212,0.54545455,0,1.3620978280869e-4,0
0.12121212,0.55555556,1,6.945418517646518e-6,0
0.12121212,0.56565657,1,0,0
0.12121212,0.57575758,1,0,0
0.12121212,0.58585859,1,0,0
0.12121212,0.5959596,1,1.7351354718467359e-9,0
0.12121212,0.60606061,1,0,0
0.12121212,0.61616162,1,7.655115188293805e-9,0
0.12121212,0.62626263,1,0,0
0.12121212,0.63636364,1,1.0546567284090936e-8,0
0.12121212,0.64646465,1,0,0
0.12121212,0.65656566,1,1.2171356581942248e-8,0
0.12121212,0.66666667,1,0,0
0.12121212,0.67676768,1,1.3216219887485248e-8,0
0.12121212,0.68686869,1,0,0
0.12121212,0.6969697,1,1.3962350903074752e-8,0
0.12121212,0.70707071,1,0,0
0.12121212,0.71717172,1,1.4526882220561896e-8,0
0.12121212,0.72727273,1,0,0
0.12121212,0.73737374,1,1.4944915235985528e-8,0
0.12121212,0.74747475,1,0,0
0.12121212,0.75757576,1,1.5194742351591434e-8,0
0.12121212,0.76767677,1,0,0
0.12121212,0.77777778,1,1.5196039359782312e-8,0
0.12121212,0.78787879,1,0,0
0.12121212,0.7979798,1,1.4786328795644022e-8,0
0.12121212,0.80808081,1,0,0
0.12121212,0.81818182,1,1.3667622734656126e-8,0
0.12121212,0.82828283,1,0,0
0.12121212,0.83838384,1,1.1299082396702753e-8,0
0.12121212,0.84848485,1,0,0
0.12121212,0.85858586,1,6.679608157610843e-9,0
0.12121212,0.86868687,1,0,0
0.12121212,0.87878788,1,0,0
0.12121212,0.88888889,1,9.152673593995633e-9,0
0.12121212,0.8989899,1,0,0
0.12121212,0.90909091,1,3.2660006137070264e-8,0
0.12121212,0.91919192,1,0,0
0.12121212,0.92929293,1,8.003865353613619e-8,0
0.12121212,0.93939394,1,0,0
0.12121212,0.94949495,1,1.817942089154993e-7,0
0.12121212,0.95959596,1,0,0
0.12121212,0.96969697,1,4.2190061540013857e-7,0
0.12121212,0.97979798,1,0,0
0.12121212,0.98989899,1,1.072079148070616e-6,0
0.12121212,1,1,0,0
0.13131313,0,-1,1.1677524089857384e-5,0
0.13131313,0.01010101,-1,0,0
0.13131313,0.02020202,1,2.4741407874821655e-5,0
0.13131313,0.03030303,0,0.00262546055776907,0
0.13131313,0.04040404,0,0.08788779091215108,0
0.13131313,0.05050505,0,0.5360176330767346,0
0.13131313,0.06060606,0,1.2969700189030793,0
0.13131313,0.07070707,0,1.986968269320286,0
0.13131313,0.08080808,0,2.252865574286653,0
0.13131313,0.09090909,0,2.1666062833519706,0
0.13131313,0.1010101,0,1.8183218389299036,0
0.13131313,0.11111111,0,1.4585065436323437,0
0.13131313,0.12121212,0,1.1537047839484875,0
0.13131313,0.13131313,0,0.8707294444947682,0
0.13131313,0.14141414,0,0.6544292786015549,0
0.13131313,0.15151515,0,0.4844069277335484,0
0.13131313,0.16161616,0,0.34451676864294795,0
0.13131313,0.17171717,0,0.24576351582003492,0
0.13131313,0.18181818,0,0.18549667454395183,0
0.13131313,0.19191919,0,0.1495213812707978,0
0.13131313,0.2020202,0,0.11735543388167984,0
0.13131313,0.21212121,0,0.09294747102442188,0
0.13131313,0.22222222,0,0.07162784400634963,0
0.13131313,0.23232323,0,0.05176460031169403,0
0.13131313,0.24242424,0,0.03617366283290788,0
0.13131313,0.25252525,0,0.02490941035089839,0
0.13131313,0.26262626,0,0.01728504854011877,0
0.13131313,0.27272727,0,0.01307880904778515,0
0.13131313,0.28282828,0,0.01063457257438189,0
0.13131313,0.29292929,0,0.00936350080345577,0
0.13131313,0.3030303,0,0.00965454789275341,0
0.13131313,0.31313131,0,0.00747556391302699,0
0.13131313,0.32323232,0,0.00464272873166217,0
0.13131313,0.33333333,0,0.00285771438939428,0
0.13131313,0.34343434,0,0.00150925533842602,0
0.13131313,0.35353535,0,8.8679580882403e-4,0
0.13131313,0.36363636,0,2.3398830722472e-4,0
0.13131313,0.37373737,0,2.1419424244235133e-5,0
0.13131313,0.38383838,0,0,0
0.13131313,0.39393939,0,0,0
0.13131313,0.4040404,0,3.340573381497686e-6,0
0.13131313,0.41414141,0,0,0
0.13131313,0.42424242,0,0,0
0.13131313,0.43434343,0,0,0
0.13131313,0.44444444,0,5.806343420278273e-7,0
0.13131313,0.45454545,0,9.653188343450563e-8,0
0.13131313,0.46464646,0,1.6347857345266973e-6,0
0.13131313,0.47474747,0,5.601893797769253e-7,0
0.13131313,0.48484848,0,0,0
0.13131313,0.49494949,0,0,0
0.13131313,0.50505051,0,0,0
0.13131313,0.51515152,0,3.938411891055461e-6,0
0.13131313,0.52525253,0,8.206953165431883e-5,0
0.13131313,0.53535354,0,4.9127249876466e-4,0
0.13131313,0.54545455,0,0.00102985513187793,0
0.13131313,0.55555556,0,5.7121301798231e-4,0
0.13131313,0.56565657,1,1.0552791658021e-4,0
0.13131313,0.57575758,1,9.116512522670532e-7,0
0.13131313,0.58585859,1,2.988229639714197e-7,0
0.13131313,0.5959596,1,0,0
0.13131313,0.60606061,1,3.34190557661617e-7,0
0.13131313,0.61616162,1,0,0
0.13131313,0.62626263,1,3.529000439629937e-7,0
0.13131313,0.63636364,1,0,0
0.13131313,0.64646465,1,3.6886752690524954e-7,0
0.13131313,0.65656566,1,0,0
0.13131313,0.66666667,1,3.859899313594661e-7,0
0.13131313,0.67676768,1,0,0
0.13131313,0.68686869,1,4.060062917640598e-7,0
0.13131313,0.6969697,1,0,0
0.13131313,0.70707071,1,4.3016413564579947e-7,0
0.13131313,0.71717172,1,0,0
0.13131313,0.72727273,1,4.596891338148149e-7,0
0.13131313,0.73737374,1,0,0
0.13131313,0.74747475,1,4.960244508981828e-7,0
0.13131313,0.75757576,1,0,0
0.13131313,0.76767677,1,5.41031128370747e-7,0
0.13131313,0.77777778,1,0,0
0.13131313,0.78787879,1,5.972291683540802e-7,0
0.13131313,0.7979798,1,0,0
0.13131313,0.80808081,1,6.681464139381345e-7,0
0.13131313,0.81818182,1,0,0
0.13131313,0.82828283,1,7.588700153506991e-7,0
0.13131313,0.83838384,1,0,0
0.13131313,0.84848485,1,8.769682569986563e-7,0
0.13131313,0.85858586,1,0,0
0.13131313,0.86868687,1,1.0341104124263302e-6,0
0.13131313,0.87878788,1,0,0
0.13131313,0.88888889,1,1.2490720210010368e-6,0
0.13131313,0.8989899,1,0,0
0.13131313,0.90909091,1,1.553678399130437e-6,0
0.13131313,0.91919192,1,0,0
0.13131313,0.92929293,1,2.0055118331266244e-6,0
0.13131313,0.93939394,1,0,0
0.13131313,0.94949495,1,2.7178538674954045e-6,0
0.13131313,0.95959596,1,0,0
0.13131313,0.96969697,1,3.939448193958524e-6,0
0.13131313,0.97979798,1,0,0
0.13131313,0.98989899,1,6.301324521933258e-6,0
0.13131313,1,1,0,0
0.14141414,0,-1,0,0
0.14141414,0.01010101,-1,1.0912702492025993e-5,0
0.14141414,0.02020202,1,0,0
0.14141414,0.03030303,0,0.00268638027242918,0
0.14141414,0.04040404,0,0.12007403035770545,0
0.14141414,0.05050505,0,0.7665162264488625,0
0.14141414,0.06060606,0,2.083853057916114,0
0.14141414,0.07070707,0,3.3785359700897697,0
0.14141414,0.08080808,0,4.108866930047839,0
0.14141414,0.09090909,0,4.065919514307512,0
0.14141414,0.1010101,0,3.579376214231957,0
0.14141414,0.11111111,0,2.909354123794484,0
0.14141414,0.12121212,0,2.259877290812893,0
0.14141414,0.13131313,0,1.6645673097574505,0
0.14141414,0.14141414,0,1.21803382889824,0
0.14141414,0.15151515,0,0.9057090421150936,0
0.14141414,0.16161616,0,0.6677602653363633,0
0.14141414,0.17171717,0,0.49239139083255495,0
0.14141414,0.18181818,0,0.35976137791070845,0
0.14141414,0.19191919,0,0.2506836388928618,0
0.14141414,0.2020202,0,0.1899686418847392,0
0.14141414,0.21212121,0,0.14778566047097613,0
0.14141414,0.22222222,0,0.11726588440545264,0
0.14141414,0.23232323,0,0.09253927416569988,0
0.14141414,0.24242424,0,0.07230706776183657,0
0.14141414,0.25252525,0,0.05562520983423533,0
0.14141414,0.26262626,0,0.03922017891349572,0
0.14141414,0.27272727,0,0.02815426234958538,0
0.14141414,0.28282828,0,0.02093209044282681,0
0.14141414,0.29292929,0,0.01428096704450353,0
0.14141414,0.3030303,0,0.00955194632779037,0
0.14141414,0.31313131,0,0.00782133269998301,0
0.14141414,0.32323232,0,0.00846289592155134,0
0.14141414,0.33333333,0,0.00834898123535251,0
0.14141414,0.34343434,0,0.00515410647115894,0
0.14141414,0.35353535,0,0.00354586772609724,0
0.14141414,0.36363636,0,0.00231099338105754,0
0.14141414,0.37373737,0,0.00147602199947869,0
0.14141414,0.38383838,0,9.28271533864222e-5,0
0.14141414,0.39393939,0,6.090924881233739e-6,0
0.14141414,0.4040404,0,0,0
0.14141414,0.41414141,0,3.0869859565039407e-6,0
0.14141414,0.42424242,0,0,0
0.14141414,0.43434343,0,1.0626589689969866e-6,0
0.14141414,0.44444444,0,0,0
0.14141414,0.45454545,0,3.863033412650335e-7,0
0.14141414,0.46464646,0,0,0
0.14141414,0.47474747,0,4.93250860901636e-8,0
0.14141414,0.48484848,0,0,0
0.14141414,0.49494949,0,1.2882377482056667e-6,0
0.14141414,0.50505051,0,5.48284783563832e-7,0
0.14141414,0.51515152,0,3.478278861870102e-7,0
0.14141414,0.52525253,0,0,0
0.14141414,0.53535354,0,6.797905231093632e-6,0
0.14141414,0.54545455,0,1.2943652127266e-4,0
0.14141414,0.55555556,0,6.8116669409461e-4,0
0.14141414,0.56565657,0,0.0012163222058607,0
0.14141414,0.57575758,1,1.4853299476419586e-5,0
0.14141414,0.58585859,1,0,0
0.14141414,0.5959596,1,1.4017886779316333e-6,0
0.14141414,0.60606061,1,0,0
0.14141414,0.61616162,1,8.537887239141073e-7,0
0.14141414,0.62626263,1,0,0
0.14141414,0.63636364,1,7.221755101822984e-7,0
0.14141414,0.64646465,1,0,0
0.14141414,0.65656566,1,6.806872294066743e-7,0
0.14141414,0.66666667,1,0,0
0.14141414,0.67676768,1,6.724719464654698e-7,0
0.14141414,0.68686869,1,0,0
0.14141414,0.6969697,1,6.819399481023692e-7,0
0.14141414,0.70707071,1,0,0
0.14141414,0.71717172,1,7.039971100325571e-7,0
0.14141414,0.72727273,1,0,0
0.14141414,0.73737374,1,7.372389176307301e-7,0
0.14141414,0.74747475,1,0,0
0.14141414,0.75757576,1,7.8201291051975e-7,0
0.14141414,0.76767677,1,0,0
0.14141414,0.77777778,1,8.398414382040988e-7,0
0.14141414,0.78787879,1,0,0
0.14141414,0.7979798,1,9.133539908057184e-7,0
0.14141414,0.80808081,1,0,0
0.14141414,0.81818182,1,1.0065067767630598e-6,0
0.14141414,0.82828283,1,0,0
0.14141414,0.83838384,1,1.1250728171954804e-6,0
0.14141414,0.84848485,1,0,0
0.14141414,0.85858586,1,1.2775024588951697e-6,0
0.14141414,0.86868687,1,0,0
0.14141414,0.87878788,1,1.4763884130722186e-6,0
0.14141414,0.88888889,1,0,0
0.14141414,0.8989899,1,1.7409998250861884e-6,0
0.14141414,0.90909091,1,0,0
0.14141414,0.91919192,1,2.101802992722186e-6,0
0.14141414,0.92929293,1,0,0
0.14141414,0.93939394,1,2.608820962306495e-6,0
0.14141414,0.94949495,1,0,0
0.14141414,0.95959596,1,3.3476848764730255e-6,0
0.14141414,0.96969697,1,0,0
0.14141414,0.97979798,1,4.472584387255386e-6,0
0.14141414,0.98989899,1,0,0
0.14141414,1,1,6.309318931652791e-6,0
0.15151515,0,-1,1.650879483477366e-5,0
0.15151515,0.01010101,-1,0,0
0.15151515,0.02020202,1,2.8011145146503225e-5,0
0.15151515,0.03030303,0,0.0027845614809333,0
0.15151515,0.04040404,0,0.14135167627220427,0
0.15151515,0.05050505,0,1.036128781985171,0
0.15151515,0.06060606,0,3.139896627487127,0
0.15151515,0.07070707,0,5.645840742916298,0
0.15151515,0.08080808,0,7.015776789975919,0
0.15151515,0.09090909,0,7.13975663301526,0
0.15151515,0.1010101,0,6.334006200253087,0
0.15151515,0.11111111,0,5.2114063991565285,0
0.15151515,0.12121212,0,4.104862285485139,0
0.15151515,0.13131313,0,3.1322194719108025,0
0.15151515,0.14141414,0,2.3260478940200597,0
0.15151515,0.15151515,0,1.6717579954004276,0
0.15151515,0.16161616,0,1.2008116436954774,0
0.15151515,0.17171717,0,0.8603794519304531,0
0.15151515,0.18181818,0,0.6503137553713808,0
0.15151515,0.19191919,0,0.47411848648689375,0
0.15151515,0.2020202,0,0.34532765008580335,0
0.15151515,0.21212121,0,0.26050158030973675,0
0.15151515,0.22222222,0,0.18815550503769324,0
0.15151515,0.23232323,0,0.14188023621746934,0
0.15151515,0.24242424,0,0.11629176406710412,0
0.15151515,0.25252525,0,0.08976510825002113,0
0.15151515,0.26262626,0,0.06924383760627216,0
0.15151515,0.27272727,0,0.05334055264028613,0
0.15151515,0.28282828,0,0.04087212620327235,0
0.15151515,0.29292929,0,0.03152364911065016,0
0.15151515,0.3030303,0,0.02253173173676102,0
0.15151515,0.31313131,0,0.01553682345780927,0
0.15151515,0.32323232,0,0.00958518377852999,0
0.15151515,0.33333333,0,0.00845941439504957,0
0.15151515,0.34343434,0,0.00802651238399371,0
0.15151515,0.35353535,0,0.00780193224785055,0
0.15151515,0.36363636,0,0.00608142202850974,0
0.15151515,0.37373737,0,0.00336118934192449,0
0.15151515,0.38383838,0,0.00189025113942345,0
0.15151515,0.39393939,0,6.5372587397562e-4,0
0.15151515,0.4040404,0,6.273695394268926e-5,0
0.15151515,0.41414141,0,0,0
0.15151515,0.42424242,0,3.722145505777343e-7,0
0.15151515,0.43434343,0,0,0
0.15151515,0.44444444,0,5.517677896953418e-7,0
0.15151515,0.45454545,0,0,0
0.15151515,0.46464646,0,9.003720324102053e-7,0
0.15151515,0.47474747,0,1.7161530911395713e-8,0
0.15151515,0.48484848,0,2.8445950518723356e-7,0
0.15151515,0.49494949,0,0,0
0.15151515,0.50505051,0,0,0
0.15151515,0.51515152,0,2.456506402500543e-8,0
0.15151515,0.52525253,0,6.493280660526185e-7,0
0.15151515,0.53535354,0,4.7518392210710366e-8,0
0.15151515,0.54545455,0,0,0
0.15151515,0.55555556,0,9.90499580045326e-5,0
0.15151515,0.56565657,0,0.00174063716175888,0
0.15151515,0.57575758,1,1.4513752582291e-4,0
0.15151515,0.58585859,1,0,0
0.15151515,0.5959596,1,7.639081445310281e-7,0
0.15151515,0.60606061,1,0,0
0.15151515,0.61616162,1,0,0
0.15151515,0.62626263,1,2.3263177759762425e-7,0
0.15151515,0.63636364,1,0,0
0.15151515,0.64646465,1,4.055774119193902e-7,0
0.15151515,0.65656566,1,0,0
0.15151515,0.66666667,1,5.029592418960525e-7,0
0.15151515,0.67676768,1,0,0
0.15151515,0.68686869,1,5.745226933721931e-7,0
0.15151515,0.6969697,1,0,0
0.15151515,0.70707071,1,6.385106632732056e-7,0
0.15151515,0.71717172,1,0,0
0.15151515,0.72727273,1,7.037167413747047e-7,0
0.15151515,0.73737374,1,0,0
0.15151515,0.74747475,1,7.757557597753609e-7,0
0.15151515,0.75757576,1,0,0
0.15151515,0.76767677,1,8.593891142409408e-7,0
0.15151515,0.77777778,1,0,0
0.15151515,0.78787879,1,9.596975382386683e-7,0
0.15151515,0.7979798,1,0,0
0.15151515,0.80808081,1,1.0829727224719252e-6,0
0.15151515,0.81818182,1,0,0
0.15151515,0.82828283,1,1.2377270280272417e-6,0
0.15151515,0.83838384,1,0,0
0.15151515,0.84848485,1,1.4361595659071838e-6,0
0.15151515,0.85858586,1,0,0
0.15151515,0.86868687,1,1.6965744955922326e-6,0
0.15151515,0.87878788,1,0,0
0.15151515,0.88888889,1,2.0476972433293317e-6,0
0.15151515,0.8989899,1,0,0
0.15151515,0.90909091,1,2.53693058570331e-6,0
0.15151515,0.91919192,1,0,0
0.15151515,0.92929293,1,3.247410019267418e-6,0
0.15151515,0.93939394,1,0,0
0.15151515,0.94949495,1,4.336739720779157e-6,0
0.15151515,0.95959596,1,0,0
0.15151515,0.96969697,1,6.136331216104523e-6,0
0.15151515,0.97979798,1,0,0
0.15151515,0.98989899,1,9.447534586939672e-6,0
0.15151515,1,1,0,0
0.16161616,0,-1,2.8599656120544433e-5,0
0.16161616,0.01010101,-1,0,0
0.16161616,0.02020202,1,4.981480618917393e-5,0
0.16161616,0.03030303,0,0.00225431719003331,0
0.16161616,0.04040404,0,0.15383359008579242,0
0.16161616,0.05050505,0,1.3030488785677032,0
0.16161616,0.06060606,0,4.455658649895277,0
0.16161616,0.07070707,0,8.666561900293944,0
0.16161616,0.08080808,0,11.129757101182811,0
0.16161616,0.09090909,0,11.528901440644598,0
0.16161616,0.1010101,0,10.382665485523995,0
0.16161616,0.11111111,0,8.673416915243733,0
0.16161616,0.12121212,0,6.940865747345708,0
0.16161616,0.13131313,0,5.326703283869219,0
0.16161616,0.14141414,0,3.970911863558072,0
0.16161616,0.15151515,0,2.954913812261315,0
0.16161616,0.16161616,0,2.1645156716668987,0
0.16161616,0.17171717,0,1.5552816500981863,0
0.16161616,0.18181818,0,1.0926635813967098,0
0.16161616,0.19191919,0,0.7828715824826804,0
0.16161616,0.2020202,0,0.5813019643289399,0
0.16161616,0.21212121,0,0.4279998561517493,0
0.16161616,0.22222222,0,0.31579043012440133,0
0.16161616,0.23232323,0,0.23328825772294068,0
0.16161616,0.24242424,0,0.17176706863163357,0
0.16161616,0.25252525,0,0.1303143295467388,0
0.16161616,0.26262626,0,0.10604953932894552,0
0.16161616,0.27272727,0,0.08403604055472455,0
0.16161616,0.28282828,0,0.06341300114683539,0
0.16161616,0.29292929,0,0.05080640696292377,0
0.16161616,0.3030303,0,0.04030883356643153,0
0.16161616,0.31313131,0,0.02858856609065381,0
0.16161616,0.32323232,0,0.02205684065577317,0
0.16161616,0.33333333,0,0.01537652696334366,0
0.16161616,0.34343434,0,0.00964709371854187,0
0.16161616,0.35353535,0,0.00691325217015695,0
0.16161616,0.36363636,0,0.00788956365815305,0
0.16161616,0.37373737,0,0.00778216027158572,0
0.16161616,0.38383838,0,0.00496921637264699,0
0.16161616,0.39393939,0,0.00254513782901017,0
0.16161616,0.4040404,0,0.00197108997870785,0
0.16161616,0.41414141,0,4.5066903763412e-4,0
0.16161616,0.42424242,0,8.472266821219988e-6,0
0.16161616,0.43434343,0,0,0
0.16161616,0.44444444,0,1.405629265538487e-6,0
0.16161616,0.45454545,0,0,0
0.16161616,0.46464646,0,1.1900433457668944e-6,0
0.16161616,0.47474747,0,0,0
0.16161616,0.48484848,0,1.543015436643166e-6,0
0.16161616,0.49494949,0,0,0
0.16161616,0.50505051,0,1.98766757284286e-6,0
0.16161616,0.51515152,0,0,0
0.16161616,0.52525253,0,9.410522114759187e-7,0
0.16161616,0.53535354,0,0,0
0.16161616,0.54545455,0,2.318045129817267e-6,0
0.16161616,0.55555556,0,9.262021327400162e-6,0
0.16161616,0.56565657,0,7.6817615870616e-4,0
0.16161616,0.57575758,1,0.00115669559979986,0
0.16161616,0.58585859,1,9.837097089424468e-6,0
0.16161616,0.5959596,1,0,0
0.16161616,0.60606061,1,2.1274487097578113e-6,0
0.16161616,0.61616162,1,0,0
0.16161616,0.62626263,1,1.6723634839101048e-6,0
0.16161616,0.63636364,1,0,0
0.16161616,0.64646465,1,1.5927642455571078e-6,0
0.16161616,0.65656566,1,0,0
0.16161616,0.66666667,1,1.5977396669716985e-6,0
0.16161616,0.67676768,1,0,0
0.16161616,0.68686869,1,1.6400710332913165e-6,0
0.16161616,0.6969697,1,0,0
0.16161616,0.70707071,1,1.708675208465318e-6,0
0.16161616,0.71717172,1,0,0
0.16161616,0.72727273,1,1.8018539009308917e-6,0
0.16161616,0.73737374,1,0,0
0.16161616,0.74747475,1,1.9217332213783945e-6,0
0.16161616,0.75757576,1,0,0
0.16161616,0.76767677,1,2.072977361673352e-6,0
0.16161616,0.77777778,1,0,0
0.16161616,0.78787879,1,2.2628019267752314e-6,0
0.16161616,0.7979798,1,0,0
0.16161616,0.80808081,1,2.50166758771297e-6,0
0.16161616,0.81818182,1,0,0
0.16161616,0.82828283,1,2.8046465027669605e-6,0
0.16161616,0.83838384,1,0,0
0.16161616,0.84848485,1,3.1937735403851463e-6,0
0.16161616,0.85858586,1,0,0
0.16161616,0.86868687,1,3.702090435231535e-6,0
0.16161616,0.87878788,1,0,0
0.16161616,0.88888889,1,4.3808474395271724e-6,0
0.16161616,0.8989899,1,0,0
0.16161616,0.90909091,1,5.31301058839309e-6,0
0.16161616,0.91919192,1,0,0
0.16161616,0.92929293,1,6.640364720170039e-6,0
0.16161616,0.93939394,1,0,0
0.16161616,0.94949495,1,8.62287636323549e-6,0
0.16161616,0.95959596,1,0,0
0.16161616,0.96969697,1,1.1784834741980974e-5,0
0.16161616,0.97979798,1,0,0
0.16161616,0.98989899,1,1.733606385564112e-5,0
0.16161616,1,1,0,0
0.17171717,0,-1,8.227158924976455e-6,0
0.17171717,0.01010101,-1,0,0
0.17171717,0.02020202,1,4.949934889866295e-6,0
0.17171717,0.03030303,0,0.00185781263038449,0
0.17171717,0.04040404,0,0.15530778753272678,0
0.17171717,0.05050505,0,1.5374109934395352,0
0.17171717,0.06060606,0,6.05094490480331,0
0.17171717,0.07070707,0,12.53450969998744,0
0.17171717,0.08080808,0,16.681596194264515,0
0.17171717,0.09090909,0,17.512016366328723,0
0.17171717,0.1010101,0,16.183830128821054,0
0.17171717,0.11111111,0,13.600936909933724,0
0.17171717,0.12121212,0,10.86689762002258,0
0.17171717,0.13131313,0,8.470051445750972,0
0.17171717,0.14141414,0,6.376895442324584,0
0.17171717,0.15151515,0,4.773561131932653,0
0.17171717,0.16161616,0,3.513308774105406,0
0.17171717,0.17171717,0,2.5676249150489583,0
0.17171717,0.18181818,0,1.8532500521928312,0
0.17171717,0.19191919,0,1.343050588002509,0
0.17171717,0.2020202,0,0.9436693080846336,0
0.17171717,0.21212121,0,0.6932927759155465,0
0.17171717,0.22222222,0,0.5128372558370494,0
0.17171717,0.23232323,0,0.3672331435719619,0
0.17171717,0.24242424,0,0.2794344604645688,0
0.17171717,0.25252525,0,0.20565883694678583,0
0.17171717,0.26262626,0,0.1506114414645699,0
0.17171717,0.27272727,0,0.11264884687007858,0
0.17171717,0.28282828,0,0.0971463184117679,0
0.17171717,0.29292929,0,0.07547542110861344,0
0.17171717,0.3030303,0,0.05874651560137672,0
0.17171717,0.31313131,0,0.04964242432168259,0
0.17171717,0.32323232,0,0.02979808079509659,0
0.17171717,0.33333333,0,0.02308156067447955,0
0.17171717,0.34343434,0,0.01858231789812118,0
0.17171717,0.35353535,0,0.01332997892758327,0
0.17171717,0.36363636,0,0.00585684900566035,0
0.17171717,0.37373737,0,0.00780848614949698,0
0.17171717,0.38383838,0,0.00917190168257629,0
0.17171717,0.39393939,0,0.0058965326332379,0
0.17171717,0.4040404,0,0.00319740697319569,0
0.17171717,0.41414141,0,0.0030286861674593,0
0.17171717,0.42424242,0,7.9972217565574e-4,0
0.17171717,0.43434343,0,0,0
0.17171717,0.44444444,0,2.03929423666524e-6,0
0.17171717,0.45454545,0,0,0
0.17171717,0.46464646,0,1.9721439314865767e-6,0
0.17171717,0.47474747,0,0,0
0.17171717,0.48484848,0,1.5020466411641258e-6,0
0.17171717,0.49494949,0,0,0
0.17171717,0.50505051,0,1.071636720147045e-6,0
0.17171717,0.51515152,0,0,0
0.17171717,0.52525253,0,1.7945956935783228e-6,0
0.17171717,0.53535354,0,0,0
0.17171717,0.54545455,0,9.788968092542984e-7,0
0.17171717,0.55555556,0,0,0
0.17171717,0.56565657,0,2.9714313732469e-4,0
0.17171717,0.57575758,1,0.00147029246990058,0
0.17171717,0.58585859,1,1.520066744271494e-5,0
0.17171717,0.5959596,1,0,0
0.17171717,0.60606061,1,2.2289906337499193e-6,0
0.17171717,0.61616162,1,0,0
0.17171717,0.62626263,1,1.4083952293872276e-6,0
0.17171717,0.63636364,1,0,0
0.17171717,0.64646465,1,1.1904586186996336e-6,0
0.17171717,0.65656566,1,0,0
0.17171717,0.66666667,1,1.1108109754734263e-6,0
0.17171717,0.67676768,1,0,0
0.17171717,0.68686869,1,1.084312451966315e-6,0
0.17171717,0.6969697,1,0,0
0.17171717,0.70707071,1,1.0865181219850928e-6,0
0.17171717,0.71717172,1,0,0
0.17171717,0.72727273,1,1.1089361066530916e-6,0
0.17171717,0.73737374,1,0,0
0.17171717,0.74747475,1,1.148803451210224e-6,0
0.17171717,0.75757576,1,0,0
0.17171717,0.76767677,1,1.2060785113736388e-6,0
0.17171717,0.77777778,1,0,0
0.17171717,0.78787879,1,1.2824888652486975e-6,0
0.17171717,0.7979798,1,0,0
0.17171717,0.80808081,1,1.381348675445767e-6,0
0.17171717,0.81818182,1,0,0
0.17171717,0.82828283,1,1.5077909284283171e-6,0
0.17171717,0.83838384,1,0,0
0.17171717,0.84848485,1,1.6693607741704229e-6,0
0.17171717,0.85858586,1,0,0
0.17171717,0.86868687,1,1.8770713736934168e-6,0
0.17171717,0.87878788,1,0,0
0.17171717,0.88888889,1,2.1471790329288586e-6,0
0.17171717,0.8989899,1,0,0
0.17171717,0.90909091,1,2.5041755804398033e-6,0
0.17171717,0.91919192,1,0,0
0.17171717,0.92929293,1,2.9859374861860973e-6,0
0.17171717,0.93939394,1,0,0
0.17171717,0.94949495,1,3.65285972200564e-6,0
0.17171717,0.95959596,1,0,0
0.17171717,0.96969697,1,4.605011423038396e-6,0
0.17171717,0.97979798,1,0,0
0.17171717,0.98989899,1,6.0198868271354375e-6,0
0.17171717,1,1,0,0
0.18181818,0,-1,0,0
0.18181818,0.01010101,-1,1.954058681580448e-5,0
0.18181818,0.02020202,1,0,0
0.18181818,0.03030303,0,0.00151759666452289,0
0.18181818,0.04040404,0,0.14861397125724304,0
0.18181818,0.05050505,0,1.690419128174929,0
0.18181818,0.06060606,0,7.642176600967956,0
0.18181818,0.07070707,0,16.730062534616145,0
0.18181818,0.08080808,0,22.93170225982487,0
0.18181818,0.09090909,0,24.649800807967917,0
0.18181818,0.1010101,0,23.128923824181378,0
0.18181818,0.11111111,0,19.80648252659131,0
0.18181818,0.12121212,0,16.114044766487453,0
0.18181818,0.13131313,0,12.552110560902484,0
0.18181818,0.14141414,0,9.656195169264372,0
0.18181818,0.15151515,0,7.29791176798945,0
0.18181818,0.16161616,0,5.396709702837748,0
0.18181818,0.17171717,0,3.9406327961569,0
0.18181818,0.18181818,0,2.8759120598790133,0
0.18181818,0.19191919,0,2.091748839269065,0
0.18181818,0.2020202,0,1.4906401357467307,0
0.18181818,0.21212121,0,1.0818459406935694,0
0.18181818,0.22222222,0,0.7669485848407349,0
0.18181818,0.23232323,0,0.574679732503647,0
0.18181818,0.24242424,0,0.4221299640065443,0
0.18181818,0.25252525,0,0.3140658228548001,0
0.18181818,0.26262626,0,0.23379952776274923,0
0.18181818,0.27272727,0,0.16390271046013483,0
0.18181818,0.28282828,0,0.11861763607764245,0
0.18181818,0.29292929,0,0.1025923463196767,0
0.18181818,0.3030303,0,0.08619527164022078,0
0.18181818,0.31313131,0,0.06224782379319227,0
0.18181818,0.32323232,0,0.05167154248408808,0
0.18181818,0.33333333,0,0.03558009625744984,0
0.18181818,0.34343434,0,0.02708649776890543,0
0.18181818,0.35353535,0,0.01773966441330632,0
0.18181818,0.36363636,0,0.01369076181882052,0
0.18181818,0.37373737,0,0.00810864849688225,0
0.18181818,0.38383838,0,0.00782799341686526,0
0.18181818,0.39393939,0,0.00746171001504311,0
0.18181818,0.4040404,0,0.00703684760976029,0
0.18181818,0.41414141,0,0.00456691003981361,0
0.18181818,0.42424242,0,0.00271759600303559,0
0.18181818,0.43434343,0,2.0778292695262e-4,0
0.18181818,0.44444444,0,0,0
0.18181818,0.45454545,0,1.367867665599998e-6,0
0.18181818,0.46464646,0,0,0
0.18181818,0.47474747,0,3.1198788089437173e-7,0
0.18181818,0.48484848,0,0,0
0.18181818,0.49494949,0,2.732722505777432e-7,0
0.18181818,0.50505051,0,2.2229106499944446e-7,0
0.18181818,0.51515152,0,0,0
0.18181818,0.52525253,0,0,0
0.18181818,0.53535354,0,0,0
0.18181818,0.54545455,0,1.063758349945985e-6,0
0.18181818,0.55555556,0,9.836823111318741e-9,0
0.18181818,0.56565657,0,3.9099395942728e-4,0
0.18181818,0.57575758,1,0.00133027153800338,0
0.18181818,0.58585859,1,3.492348492869626e-5,0
0.18181818,0.5959596,1,0,0
0.18181818,0.60606061,1,1.0346870305373454e-6,0
0.18181818,0.61616162,1,0,0
0.18181818,0.62626263,1,3.938049028287899e-7,0
0.18181818,0.63636364,1,0,0
0.18181818,0.64646465,1,2.3200062798800505e-7,0
0.18181818,0.65656566,1,0,0
0.18181818,0.66666667,1,1.7361580885452377e-7,0
0.18181818,0.67676768,1,0,0
0.18181818,0.68686869,1,1.4977411628404673e-7,0
0.18181818,0.6969697,1,0,0
0.18181818,0.70707071,1,1.407234609968693e-7,0
0.18181818,0.71717172,1,0,0
0.18181818,0.72727273,1,1.3923985436513276e-7,0
0.18181818,0.73737374,1,0,0
0.18181818,0.74747475,1,1.4224552843804978e-7,0
0.18181818,0.75757576,1,0,0
0.18181818,0.76767677,1,1.4826312744005613e-7,0
0.18181818,0.77777778,1,0,0
0.18181818,0.78787879,1,1.5645294103786772e-7,0
0.18181818,0.7979798,1,0,0
0.18181818,0.80808081,1,1.6613105085696313e-7,0
0.18181818,0.81818182,1,0,0
0.18181818,0.82828283,1,1.7637796768603782e-7,0
0.18181818,0.83838384,1,0,0
0.18181818,0.84848485,1,1.854898909238171e-7,0
0.18181818,0.85858586,1,0,0
0.18181818,0.86868687,1,1.899256641141117e-7,0
0.18181818,0.87878788,1,0,0
0.18181818,0.88888889,1,1.8199815736164842e-7,0
0.18181818,0.8989899,1,0,0
0.18181818,0.90909091,1,1.4440035955661505e-7,0
0.18181818,0.91919192,1,0,0
0.18181818,0.92929293,1,3.622117216125152e-8,0
0.18181818,0.93939394,1,7.20173363519835e-8,0
0.18181818,0.94949495,1,0,0
0.18181818,0.95959596,1,5.276827724509225e-7,0
0.18181818,0.96969697,1,0,0
0.18181818,0.97979798,1,1.76471198076857e-6,0
0.18181818,0.98989899,1,0,0
0.18181818,1,1,5.50031919062257e-6,0
0.19191919,0,-1,0,0
0.19191919,0.01010101,-1,1.8032146909248553e-5,0
0.19191919,0.02020202,1,0,0
0.19191919,0.03030303,1,9.0635001387533e-4,0
0.19191919,0.04040404,0,0.12878347667658888,0
0.19191919,0.05050505,0,1.7494986265147905,0
0.19191919,0.06060606,0,9.014645051335783,0
0.19191919,0.07070707,0,20.90639504275639,0
0.19191919,0.08080808,0,29.947059416148523,0
0.19191919,0.09090909,0,33.65061847711778,0
0.19191919,0.1010101,0,32.699802593345986,0
0.19191919,0.11111111,0,28.623498171578586,0
0.19191919,0.12121212,0,23.185591923979963,0
0.19191919,0.13131313,0,18.125805738552927,0
0.19191919,0.14141414,0,13.678449893153584,0
0.19191919,0.15151515,0,10.3593555626651,0
0.19191919,0.16161616,0,7.79451438960945,0
0.19191919,0.17171717,0,5.8017948772747685,0
0.19191919,0.18181818,0,4.2412802746171145,0
0.19191919,0.19191919,0,3.1148821030612805,0
0.19191919,0.2020202,0,2.2701967726889456,0
0.19191919,0.21212121,0,1.6154579178344948,0
0.19191919,0.22222222,0,1.1677871143519716,0
0.19191919,0.23232323,0,0.8340446244236277,0
0.19191919,0.24242424,0,0.6249967555875534,0
0.19191919,0.25252525,0,0.45020665775998914,0
0.19191919,0.26262626,0,0.3287393747167328,0
0.19191919,0.27272727,0,0.2532345101095771,0
0.19191919,0.28282828,0,0.17305308119193502,0
0.19191919,0.29292929,0,0.12436993307718491,0
0.19191919,0.3030303,0,0.10393478885838651,0
0.19191919,0.31313131,0,0.08883210150966979,0
0.19191919,0.32323232,0,0.06426837235261504,0
0.19191919,0.33333333,0,0.05172491265494672,0
0.19191919,0.34343434,0,0.04123581873059483,0
0.19191919,0.35353535,0,0.02879888490034741,0
0.19191919,0.36363636,0,0.01761914611459068,0
0.19191919,0.37373737,0,0.01412059966527587,0
0.19191919,0.38383838,0,0.006562808031028,0
0.19191919,0.39393939,0,0.00673107426732783,0
0.19191919,0.4040404,0,0.00740544411329015,0
0.19191919,0.41414141,0,0.00848818923321709,0
0.19191919,0.42424242,0,0.00317597697581392,0
0.19191919,0.43434343,0,0.00180431834027377,0
0.19191919,0.44444444,0,1.0641037819521e-4,0
0.19191919,0.45454545,0,0,0
0.19191919,0.46464646,0,5.759315617126638e-6,0
0.19191919,0.47474747,0,0,0
0.19191919,0.48484848,0,4.212840912180437e-6,0
0.19191919,0.49494949,0,0,0
0.19191919,0.50505051,0,3.3359047339978745e-6,0
0.19191919,0.51515152,0,0,0
0.19191919,0.52525253,0,3.188215550399974e-6,0
0.19191919,0.53535354,0,0,0
0.19191919,0.54545455,0,1.3005005050397035e-6,0
0.19191919,0.55555556,0,3.930997231589425e-6,0
0.19191919,0.56565657,1,9.0434019806098e-4,0
0.19191919,0.57575758,1,7.1015158176744e-4,0
0.19191919,0.58585859,1,7.755120523226191e-6,0
0.19191919,0.5959596,1,0,0
0.19191919,0.60606061,1,3.009757944263535e-6,0
0.19191919,0.61616162,1,0,0
0.19191919,0.62626263,1,2.8111326471735757e-6,0
0.19191919,0.63636364,1,0,0
0.19191919,0.64646465,1,2.7779348945522298e-6,0
0.19191919,0.65656566,1,0,0
0.19191919,0.66666667,1,2.789814079319379e-6,0
0.19191919,0.67676768,1,0,0
0.19191919,0.68686869,1,2.831186738750251e-6,0
0.19191919,0.6969697,1,0,0
0.19191919,0.70707071,1,2.8996294109481012e-6,0
0.19191919,0.71717172,1,0,0
0.19191919,0.72727273,1,2.9960892298997364e-6,0
0.19191919,0.73737374,1,0,0
0.19191919,0.74747475,1,3.1231951800598847e-6,0
0.19191919,0.75757576,1,0,0
0.19191919,0.76767677,1,3.284982801848277e-6,0
0.19191919,0.77777778,1,0,0
0.19191919,0.78787879,1,3.4869981784662478e-06,0
0.19191919,0.7979798,1,0,0
0.19191919,0.80808081,1,3.736559400986787e-6,0
0.19191919,0.81818182,1,0,0
0.19191919,0.82828283,1,4.0430910548796465e-6,0
0.19191919,0.83838384,1,0,0
0.19191919,0.84848485,1,4.4184106218069355e-6,0
0.19191919,0.85858586,1,0,0
0.19191919,0.86868687,1,4.8766367638035925e-6,0
0.19191919,0.87878788,1,0,0
0.19191919,0.88888889,1,5.432763698555285e-6,0
0.19191919,0.8989899,1,0,0
0.19191919,0.90909091,1,6.097089703514296e-6,0
0.19191919,0.91919192,1,0,0
0.19191919,0.92929293,1,6.85687562904319e-6,0
0.19191919,0.93939394,1,0,0
0.19191919,0.94949495,1,7.616834412876706e-6,0
0.19191919,0.95959596,1,0,0
0.19191919,0.96969697,1,7.994793000229247e-6,0
0.19191919,0.97979798,1,0,0
0.19191919,0.98989899,1,6.536425328669687e-6,0
0.19191919,1,1,0,0
0.2020202,0,-1,0,0
0.2020202,0.01010101,-1,3.80790085483547e-5,0
0.2020202,0.02020202,1,0,0
0.2020202,0.03030303,1,5.7391756002435e-4,0
0.2020202,0.04040404,0,0.09810832503702312,0
0.2020202,0.05050505,0,1.6664714066436326,0
0.2020202,0.06060606,0,9.880810498470142,0
0.2020202,0.07070707,0,24.70217768163508,0
0.2020202,0.08080808,0,37.61582291645985,0
0.2020202,0.09090909,0,44.40938481345033,0
0.2020202,0.1010101,0,44.30987829547141,0
0.2020202,0.11111111,0,39.09812785974504,0
0.2020202,0.12121212,0,32.2312729768842,0
0.2020202,0.13131313,0,25.379439103367233,0
0.2020202,0.14141414,0,19.31381720043149,0
0.2020202,0.15151515,0,14.446273298850292,0
0.2020202,0.16161616,0,10.738017402642976,0
0.2020202,0.17171717,0,8.115651184929547,0
0.2020202,0.18181818,0,5.913338753424281,0
0.2020202,0.19191919,0,4.404072754543038,0
0.2020202,0.2020202,0,3.206003716822861,0
0.2020202,0.21212121,0,2.3237942282102892,0
0.2020202,0.22222222,0,1.66736807581852,0
0.2020202,0.23232323,0,1.2145426632493033,0
0.2020202,0.24242424,0,0.8644654681895351,0
0.2020202,0.25252525,0,0.6259285614965445,0
0.2020202,0.26262626,0,0.450914836915474,0
0.2020202,0.27272727,0,0.3402607831966308,0
0.2020202,0.28282828,0,0.25013476357453596,0
0.2020202,0.29292929,0,0.17393056542565205,0
0.2020202,0.3030303,0,0.13407895688440258,0
0.2020202,0.31313131,0,0.10200270100508067,0
0.2020202,0.32323232,0,0.09038138727757532,0
0.2020202,0.33333333,0,0.06294726096938302,0
0.2020202,0.34343434,0,0.0469554140603747,0
0.2020202,0.35353535,0,0.04115907001012355,0
0.2020202,0.36363636,0,0.02697002956416245,0
0.2020202,0.37373737,0,0.01856808182207669,0
0.2020202,0.38383838,0,0.0112781839853989,0
0.2020202,0.39393939,0,0.00592436541321762,0
0.2020202,0.4040404,0,0.00665373946318199,0
0.2020202,0.41414141,0,0.00832172355849713,0
0.2020202,0.42424242,0,0.00505512408993134,0
0.2020202,0.43434343,0,0.00319980721675176,0
0.2020202,0.44444444,0,4.5011729779533e-4,0
0.2020202,0.45454545,0,0,0
0.2020202,0.46464646,0,4.5779916185870336e-6,0
0.2020202,0.47474747,0,0,0
0.2020202,0.48484848,0,3.7610806518641927e-6,0
0.2020202,0.49494949,0,0,0
0.2020202,0.50505051,0,3.4631038279186406e-6,0
0.2020202,0.51515152,0,0,0
0.2020202,0.52525253,0,2.7297925346881735e-6,0
0.2020202,0.53535354,0,0,0
0.2020202,0.54545455,0,1.8109928656312009e-6,0
0.2020202,0.55555556,0,2.4894209120178564e-5,0
0.2020202,0.56565657,1,9.1624408029308e-4,0
0.2020202,0.57575758,1,4.006040993728e-4,0
0.2020202,0.58585859,1,4.0593611040987505e-6,0
0.2020202,0.5959596,1,0,0
0.2020202,0.60606061,1,2.4393089376865378e-6,0
0.2020202,0.61616162,1,0,0
0.2020202,0.62626263,1,2.417119192505769e-6,0
0.2020202,0.63636364,1,0,0
0.2020202,0.64646465,1,2.418407335441485e-6,0
0.2020202,0.65656566,1,0,0
0.2020202,0.66666667,1,2.429526938127603e-6,0
0.2020202,0.67676768,1,0,0
0.2020202,0.68686869,1,2.4547079622544253e-6,0
0.2020202,0.6969697,1,0,0
0.2020202,0.70707071,1,2.4968614824733347e-6,0
0.2020202,0.71717172,1,0,0
0.2020202,0.72727273,1,2.5582092602681186e-6,0
0.2020202,0.73737374,1,0,0
0.2020202,0.74747475,1,2.6409680351238417e-6,0
0.2020202,0.75757576,1,0,0
0.2020202,0.76767677,1,2.7476998478212717e-6,0
0.2020202,0.77777778,1,0,0
0.2020202,0.78787879,1,2.8814878497653977e-6,0
0.2020202,0.7979798,1,0,0
0.2020202,0.80808081,1,3.0459862861028465e-6,0
0.2020202,0.81818182,1,0,0
0.2020202,0.82828283,1,3.2452787164631377e-6,0
0.2020202,0.83838384,1,0,0
0.2020202,0.84848485,1,3.4833073166324325e-6,0
0.2020202,0.85858586,1,0,0
0.2020202,0.86868687,1,3.7622542866517617e-6,0
0.2020202,0.87878788,1,0,0
0.2020202,0.88888889,1,4.0782768909937e-6,0
0.2020202,0.8989899,1,0,0
0.2020202,0.90909091,1,4.410274964252343e-6,0
0.2020202,0.91919192,1,0,0
0.2020202,0.92929293,1,4.689157615990537e-6,0
0.2020202,0.93939394,1,0,0
0.2020202,0.94949495,1,4.707721719638363e-6,0
0.2020202,0.95959596,1,0,0
0.2020202,0.96969697,1,3.828020361849307e-6,0
0.2020202,0.97979798,1,0,0
0.2020202,0.98989899,1,0,0
0.2020202,1,1,5.302477952109119e-6,0
0.21212121,0,-1,2.7630979755462204e-6,0
0.21212121,0.01010101,-1,1.24417278158614e-5,0
0.21212121,0.02020202,1,0,0
0.21212121,0.03030303,1,3.17036802442e-4,0
0.21212121,0.04040404,0,0.06556838385084468,0
0.21212121,0.05050505,0,1.494719759140469,0
0.21212121,0.06060606,0,10.043488704198836,0
0.21212121,0.07070707,0,27.62123611849848,0
0.21212121,0.08080808,0,45.19039593086059,0
0.21212121,0.09090909,0,55.27420647855357,0
0.21212121,0.1010101,0,56.354739359195115,0
0.21212121,0.11111111,0,51.0246046882388,0
0.21212121,0.12121212,0,42.5743480632844,0
0.21212121,0.13131313,0,34.112400581818285,0
0.21212121,0.14141414,0,26.23645423779678,0
0.21212121,0.15151515,0,19.563917599976964,0
0.21212121,0.16161616,0,14.377726364617342,0
0.21212121,0.17171717,0,10.752274719668236,0
0.21212121,0.18181818,0,7.95916248343007,0
0.21212121,0.19191919,0,5.82861621738185,0
0.21212121,0.2020202,0,4.3972205052324,0
0.21212121,0.21212121,0,3.139169677163129,0
0.21212121,0.22222222,0,2.258879613596995,0
0.21212121,0.23232323,0,1.6765074256578654,0
0.21212121,0.24242424,0,1.1830988311137134,0
0.21212121,0.25252525,0,0.8493348520916805,0
0.21212121,0.26262626,0,0.6109158383092146,0
0.21212121,0.27272727,0,0.4461012470648007,0
0.21212121,0.28282828,0,0.3317845552040795,0
0.21212121,0.29292929,0,0.23062747207904735,0
0.21212121,0.3030303,0,0.1717562743866074,0
0.21212121,0.31313131,0,0.1307234566710633,0
0.21212121,0.32323232,0,0.09678340931679306,0
0.21212121,0.33333333,0,0.08494468083585209,0
0.21212121,0.34343434,0,0.05420474005632986,0
0.21212121,0.35353535,0,0.04379894498928228,0
0.21212121,0.36363636,0,0.0398153852302472,0
0.21212121,0.37373737,0,0.02491938356733498,0
0.21212121,0.38383838,0,0.01683240262455075,0
0.21212121,0.39393939,0,0.00882474244503209,0
0.21212121,0.4040404,0,0.00570418010879087,0
0.21212121,0.41414141,0,0.00701295378660363,0
0.21212121,0.42424242,0,0.00731907918584628,0
0.21212121,0.43434343,0,0.00486150106148873,0
0.21212121,0.44444444,0,5.8924744538498e-4,0
0.21212121,0.45454545,0,0,0
0.21212121,0.46464646,0,4.777389212231353e-6,0
0.21212121,0.47474747,0,0,0
0.21212121,0.48484848,0,3.729504838888863e-6,0
0.21212121,0.49494949,0,0,0
0.21212121,0.50505051,0,3.107155799836177e-6,0
0.21212121,0.51515152,0,0,0
0.21212121,0.52525253,0,3.050948242709912e-6,0
0.21212121,0.53535354,0,0,0
0.21212121,0.54545455,0,6.775390612874871e-6,0
0.21212121,0.55555556,1,3.4437883190665e-4,0
0.21212121,0.56565657,1,9.9575710834206e-4,0
0.21212121,0.57575758,1,4.7770238941202577e-5,0
0.21212121,0.58585859,1,1.6223278716989338e-6,0
0.21212121,0.5959596,1,0,0
0.21212121,0.60606061,1,2.6129309886126557e-6,0
0.21212121,0.61616162,1,0,0
0.21212121,0.62626263,1,2.823558001186619e-6,0
0.21212121,0.63636364,1,0,0
0.21212121,0.64646465,1,2.9199629547707797e-6,0
0.21212121,0.65656566,1,0,0
0.21212121,0.66666667,1,3.0020318033148914e-6,0
0.21212121,0.67676768,1,0,0
0.21212121,0.68686869,1,3.0952798367657724e-6,0
0.21212121,0.6969697,1,0,0
0.21212121,0.70707071,1,3.210115451655164e-6,0
0.21212121,0.71717172,1,0,0
0.21212121,0.72727273,1,3.353236149045571e-6,0
0.21212121,0.73737374,1,0,0
0.21212121,0.74747475,1,3.5308689162076957e-6,0
0.21212121,0.75757576,1,0,0
0.21212121,0.76767677,1,3.750102043630574e-6,0
0.21212121,0.77777778,1,0,0
0.21212121,0.78787879,1,4.019732979791316e-6,0
0.21212121,0.7979798,1,0,0
0.21212121,0.80808081,1,4.351065080487042e-6,0
0.21212121,0.81818182,1,0,0
0.21212121,0.82828283,1,4.7588232151323244e-6,0
0.21212121,0.83838384,1,0,0
0.21212121,0.84848485,1,5.262244691287556e-6,0
0.21212121,0.85858586,1,0,0
0.21212121,0.86868687,1,5.8862327115758505e-6,0
0.21212121,0.87878788,1,0,0
0.21212121,0.88888889,1,6.661960431509931e-6,0
0.21212121,0.8989899,1,0,0
0.21212121,0.90909091,1,7.624681321880912e-6,0
0.21212121,0.91919192,1,0,0
0.21212121,0.92929293,1,8.800939916484117e-6,0
0.21212121,0.93939394,1,0,0
0.21212121,0.94949495,1,1.0157089666771916e-5,0
0.21212121,0.95959596,1,0,0
0.21212121,0.96969697,1,1.1399008282802098e-5,0
0.21212121,0.97979798,1,0,0
0.21212121,0.98989899,1,1.1131163602303045e-5,0
0.21212121,1,1,0,0
0.22222222,0,-1,6.719320113280433e-5,0
0.22222222,0.01010101,-1,0,0
0.22222222,0.02020202,1,7.389396172735015e-5,0
0.22222222,0.03030303,1,4.365944555740948e-6,0
0.22222222,0.04040404,0,0.04146920508902246,0
0.22222222,0.05050505,0,1.2416177797507817,0
0.22222222,0.06060606,0,9.547285543475432,0
0.22222222,0.07070707,0,29.348521574558156,0
0.22222222,0.08080808,0,51.53382269185768,0
0.22222222,0.09090909,0,65.25238277072211,0
0.22222222,0.1010101,0,66.46646191798418,0
0.22222222,0.11111111,0,60.56130432710016,0
0.22222222,0.12121212,0,51.87199958632334,0
0.22222222,0.13131313,0,42.7786109411229,0
0.22222222,0.14141414,0,33.70426090558277,0
0.22222222,0.15151515,0,25.766426433822293,0
0.22222222,0.16161616,0,18.844398312724692,0
0.22222222,0.17171717,0,13.72050889033214,0
0.22222222,0.18181818,0,10.217460391518433,0
0.22222222,0.19191919,0,7.471648456575504,0
0.22222222,0.2020202,0,5.566407752988829,0
0.22222222,0.21212121,0,4.107954913130218,0
0.22222222,0.22222222,0,2.9261067111871335,0
0.22222222,0.23232323,0,2.155466781557037,0
0.22222222,0.24242424,0,1.5843693652350503,0
0.22222222,0.25252525,0,1.1243680230839614,0
0.22222222,0.26262626,0,0.7834444538599219,0
0.22222222,0.27272727,0,0.5656883653712468,0
0.22222222,0.28282828,0,0.4183835279048173,0
0.22222222,0.29292929,0,0.31053519211236535,0
0.22222222,0.3030303,0,0.20767090893695492,0
0.22222222,0.31313131,0,0.16068674904498553,0
0.22222222,0.32323232,0,0.11429333813521889,0
0.22222222,0.33333333,0,0.1028623943078882,0
0.22222222,0.34343434,0,0.06931861765839124,0
0.22222222,0.35353535,0,0.04790800536378942,0
0.22222222,0.36363636,0,0.0439394208184326,0
0.22222222,0.37373737,0,0.02961350051191442,0
0.22222222,0.38383838,0,0.02408015875853209,0
0.22222222,0.39393939,0,0.00909317991002386,0
0.22222222,0.4040404,0,0.00612564841361542,0
0.22222222,0.41414141,0,0.0070044465914157,0
0.22222222,0.42424242,0,0.00886324200631493,0
0.22222222,0.43434343,0,0.00630095292090854,0
0.22222222,0.44444444,0,5.0582239602225e-4,0
0.22222222,0.45454545,0,0,0
0.22222222,0.46464646,0,9.915157626612311e-6,0
0.22222222,0.47474747,0,0,0
0.22222222,0.48484848,0,8.559384104376613e-6,0
0.22222222,0.49494949,0,0,0
0.22222222,0.50505051,0,8.213093127408831e-6,0
0.22222222,0.51515152,0,0,0
0.22222222,0.52525253,0,7.348661538285484e-6,0
0.22222222,0.53535354,0,7.146546110488156e-6,0
0.22222222,0.54545455,1,4.6125052604683e-4,0
0.22222222,0.55555556,1,9.7749743513699e-4,0
0.22222222,0.56565657,1,1.734301537674e-4,0
0.22222222,0.57575758,1,0,0
0.22222222,0.58585859,1,7.299988828341565e-6,0
0.22222222,0.5959596,1,0,0
0.22222222,0.60606061,1,7.077943701356834e-6,0
0.22222222,0.61616162,1,0,0
0.22222222,0.62626263,1,7.026771514714253e-6,0
0.22222222,0.63636364,1,0,0
0.22222222,0.64646465,1,7.075152456128175e-6,0
0.22222222,0.65656566,1,0,0
0.22222222,0.66666667,1,7.198879349056808e-6,0
0.22222222,0.67676768,1,0,0
0.22222222,0.68686869,1,7.39411804853061e-6,0
0.22222222,0.6969697,1,0,0
0.22222222,0.70707071,1,7.664675733699791e-6,0
0.22222222,0.71717172,1,0,0
0.22222222,0.72727273,1,8.019180907701812e-6,0
0.22222222,0.73737374,1,0,0
0.22222222,0.74747475,1,8.470840731988858e-6,0
0.22222222,0.75757576,1,0,0
0.22222222,0.76767677,1,9.038269340488662e-6,0
0.22222222,0.77777778,1,0,0
0.22222222,0.78787879,1,9.747142382434908e-6,0
0.22222222,0.7979798,1,0,0
0.22222222,0.80808081,1,1.0632853744407483e-5,0
0.22222222,0.81818182,1,0,0
0.22222222,0.82828283,1,1.1744646618970788e-5,0
0.22222222,0.83838384,1,0,0
0.22222222,0.84848485,1,1.3152084303928127e-5,0
0.22222222,0.85858586,1,0,0
0.22222222,0.86868687,1,1.495538491045571e-5,0
0.22222222,0.87878788,1,0,0
0.22222222,0.88888889,1,1.730232095414353e-5,0
0.22222222,0.8989899,1,0,0
0.22222222,0.90909091,1,2.0416491116379995e-5,0
0.22222222,0.91919192,1,0,0
0.22222222,0.92929293,1,2.464526808840722e-5,0
0.22222222,0.93939394,1,0,0
0.22222222,0.94949495,1,3.053953669555098e-5,0
0.22222222,0.95959596,1,0,0
0.22222222,0.96969697,1,3.8967064302857453e-5,0
0.22222222,0.97979798,1,0,0
0.22222222,0.98989899,1,5.112490116976071e-5,0
0.22222222,1,1,0,0
0.23232323,0,-1,1.0967276120368e-4,0
0.23232323,0.01010101,-1,0,0
0.23232323,0.02020202,1,1.5216428422005e-4,0
0.23232323,0.03030303,1,0,0
0.23232323,0.04040404,0,0.02518739422666021,0
0.23232323,0.05050505,0,0.943741654673768,0
0.23232323,0.06060606,0,8.589441351914578,0
0.23232323,0.07070707,0,29.489592848938724,0
0.23232323,0.08080808,0,55.30287172673594,0
0.23232323,0.09090909,0,73.01230865972731,0
0.23232323,0.1010101,0,77.19722458527187,0
0.23232323,0.11111111,0,73.19566835680766,0
0.23232323,0.12121212,0,62.84539082936102,0
0.23232323,0.13131313,0,51.138902514065265,0
0.23232323,0.14141414,0,40.68843343801596,0
0.23232323,0.15151515,0,31.494972859741637,0
0.23232323,0.16161616,0,23.863229609659555,0
0.23232323,0.17171717,0,17.484620508373105,0
0.23232323,0.18181818,0,12.691466601694504,0
0.23232323,0.19191919,0,9.391025256884513,0
0.23232323,0.2020202,0,6.829468681236552,0
0.23232323,0.21212121,0,5.120229712501238,0
0.23232323,0.22222222,0,3.753900466068674,0
0.23232323,0.23232323,0,2.643211076256048,0
0.23232323,0.24242424,0,1.956491353025928,0
0.23232323,0.25252525,0,1.4301770729707872,0
0.23232323,0.26262626,0,0.9916368934757688,0
0.23232323,0.27272727,0,0.6978289862075968,0
0.23232323,0.28282828,0,0.5042498875172825,0
0.23232323,0.29292929,0,0.36851464641134785,0
0.23232323,0.3030303,0,0.2657989592406761,0
0.23232323,0.31313131,0,0.17918359151636362,0
0.23232323,0.32323232,0,0.1345796189240058,0
0.23232323,0.33333333,0,0.10859162951804434,0
0.23232323,0.34343434,0,0.08772797347669467,0
0.23232323,0.35353535,0,0.05802450704153018,0
0.23232323,0.36363636,0,0.0450559168326245,0
0.23232323,0.37373737,0,0.03482427412665419,0
0.23232323,0.38383838,0,0.02714835402180513,0
0.23232323,0.39393939,0,0.01054128310897304,0
0.23232323,0.4040404,0,0.00573353751301827,0
0.23232323,0.41414141,0,0.00735785310876843,0
0.23232323,0.42424242,0,0.00969047918956898,0
0.23232323,0.43434343,0,0.0055569246748026,0
0.23232323,0.44444444,0,3.3954852529069e-4,0
0.23232323,0.45454545,0,0,0
0.23232323,0.46464646,0,1.057457364922844e-5,0
0.23232323,0.47474747,0,0,0
0.23232323,0.48484848,0,9.335314855739804e-6,0
0.23232323,0.49494949,0,0,0
0.23232323,0.50505051,0,8.770772095165313e-6,0
0.23232323,0.51515152,0,0,0
0.23232323,0.52525253,0,2.0802606570688007e-5,0
0.23232323,0.53535354,1,5.7779146463904e-4,0
0.23232323,0.54545455,1,0.00110804136773376,0
0.23232323,0.55555556,1,2.0648991845286e-4,0
0.23232323,0.56565657,1,7.950953005268962e-6,0
0.23232323,0.57575758,1,0,0
0.23232323,0.58585859,1,8.397135447458324e-6,0
0.23232323,0.5959596,1,0,0
0.23232323,0.60606061,1,8.511690478822917e-6,0
0.23232323,0.61616162,1,0,0
0.23232323,0.62626263,1,8.645061367252972e-6,0
0.23232323,0.63636364,1,0,0
0.23232323,0.64646465,1,8.825533370991961e-6,0
0.23232323,0.65656566,1,0,0
0.23232323,0.66666667,1,9.071391168489064e-6,0
0.23232323,0.67676768,1,0,0
0.23232323,0.68686869,1,9.395394690160416e-6,0
0.23232323,0.6969697,1,0,0
0.23232323,0.70707071,1,9.810831886012737e-6,0
0.23232323,0.71717172,1,0,0
0.23232323,0.72727273,1,1.0334025980906868e-05,0
0.23232323,0.73737374,1,0,0
0.23232323,0.74747475,1,1.0986191178495231e-5,0
0.23232323,0.75757576,1,0,0
0.23232323,0.76767677,1,1.1795539896054707e-5,0
0.23232323,0.77777778,1,0,0
0.23232323,0.78787879,1,1.2800164811859438e-5,0
0.23232323,0.7979798,1,0,0
0.23232323,0.80808081,1,1.4052279650802192e-5,0
0.23232323,0.81818182,1,0,0
0.23232323,0.82828283,1,1.5624706976952835e-5,0
0.23232323,0.83838384,1,0,0
0.23232323,0.84848485,1,1.7621121321316057e-5,0
0.23232323,0.85858586,1,0,0
0.23232323,0.86868687,1,2.019274320821683e-5,0
0.23232323,0.87878788,1,0,0
0.23232323,0.88888889,1,2.356650445486336e-5,0
0.23232323,0.8989899,1,0,0
0.23232323,0.90909091,1,2.8094406251941473e-5,0
0.23232323,0.91919192,1,0,0
0.23232323,0.92929293,1,3.4343585673743545e-5,0
0.23232323,0.93939394,1,0,0
0.23232323,0.94949495,1,4.3267087093029976e-5,0
0.23232323,0.95959596,1,0,0
0.23232323,0.96969697,1,5.653392856916966e-5,0
0.23232323,0.97979798,1,0,0
0.23232323,0.98989899,1,7.711983151976017e-5,0
0.23232323,1,1,0,0
0.24242424,0,-1,1.5974258013322e-4,0
0.24242424,0.01010101,-1,0,0
0.24242424,0.02020202,1,2.467867253232e-4,0
0.24242424,0.03030303,1,0,0
0.24242424,0.04040404,0,0.01204127651938131,0
0.24242424,0.05050505,0,0.6541108132975616,0
0.24242424,0.06060606,0,7.207440167176134,0
0.24242424,0.07070707,0,28.16110861482718,0
0.24242424,0.08080808,0,56.795911045974975,0
0.24242424,0.09090909,0,78.25842105984917,0
0.24242424,0.1010101,0,85.45047146869463,0
0.24242424,0.11111111,0,82.82252560997452,0
0.24242424,0.12121212,0,72.64920712991606,0
0.24242424,0.13131313,0,60.556547285553464,0
0.24242424,0.14141414,0,47.90743780845544,0
0.24242424,0.15151515,0,37.17687949342809,0
0.24242424,0.16161616,0,28.49463155921198,0
0.24242424,0.17171717,0,21.484727497528468,0
0.24242424,0.18181818,0,15.355814349457008,0
0.24242424,0.19191919,0,11.228651616954584,0
0.24242424,0.2020202,0,8.262592436454417,0
0.24242424,0.21212121,0,6.046509423186627,0
0.24242424,0.22222222,0,4.481310343937052,0
0.24242424,0.23232323,0,3.227510329673194,0
0.24242424,0.24242424,0,2.301189659526804,0
0.24242424,0.25252525,0,1.7186775210914844,0
0.24242424,0.26262626,0,1.1971769048520648,0
0.24242424,0.27272727,0,0.8374069272393154,0
0.24242424,0.28282828,0,0.5999212712772297,0
0.24242424,0.29292929,0,0.4243121839490358,0
0.24242424,0.3030303,0,0.31016683412407137,0
0.24242424,0.31313131,0,0.2101539257014713,0
0.24242424,0.32323232,0,0.14944747478085085,0
0.24242424,0.33333333,0,0.1141981224537331,0
0.24242424,0.34343434,0,0.09989208735217664,0
0.24242424,0.35353535,0,0.06923588769892176,0
0.24242424,0.36363636,0,0.04699998184795101,0
0.24242424,0.37373737,0,0.04029707467660524,0
0.24242424,0.38383838,0,0.02639954505897031,0
0.24242424,0.39393939,0,0.01189385648262453,0
0.24242424,0.4040404,0,0.00623368022210732,0
0.24242424,0.41414141,0,0.00726034499653702,0
0.24242424,0.42424242,0,0.00952462806469701,0
0.24242424,0.43434343,0,0.00477333607813456,0
0.24242424,0.44444444,0,5.025648977223514e-5,0
0.24242424,0.45454545,0,0,0
0.24242424,0.46464646,0,1.999803051336516e-5,0
0.24242424,0.47474747,0,0,0
0.24242424,0.48484848,0,1.8185974679328983e-5,0
0.24242424,0.49494949,0,0,0
0.24242424,0.50505051,0,1.7113932822919837e-5,0
0.24242424,0.51515152,0,0,0
0.24242424,0.52525253,1,4.9664194322442e-4,0
0.24242424,0.53535354,1,0.00105165496984506,0
0.24242424,0.54545455,1,1.4573059874259e-4,0
0.24242424,0.55555556,1,0,0
0.24242424,0.56565657,1,1.64528447632122e-5,0
0.24242424,0.57575758,1,0,0
0.24242424,0.58585859,1,1.515032662794962e-5,0
0.24242424,0.5959596,1,0,0
0.24242424,0.60606061,1,1.4944626889105924e-5,0
0.24242424,0.61616162,1,0,0
0.24242424,0.62626263,1,1.4903325772809132e-5,0
0.24242424,0.63636364,1,0,0
0.24242424,0.64646465,1,1.5002671952698315e-5,0
0.24242424,0.65656566,1,0,0
0.24242424,0.66666667,1,1.5235897839320796e-5,0
0.24242424,0.67676768,1,0,0
0.24242424,0.68686869,1,1.5607254112445317e-5,0
0.24242424,0.6969697,1,0,0
0.24242424,0.70707071,1,1.612827694238907e-5,0
0.24242424,0.71717172,1,0,0
0.24242424,0.72727273,1,1.681747558978145e-5,0
0.24242424,0.73737374,1,0,0
0.24242424,0.74747475,1,1.7701448869581684e-5,0
0.24242424,0.75757576,1,0,0
0.24242424,0.76767677,1,1.881710912686358e-5,0
0.24242424,0.77777778,1,0,0
0.24242424,0.78787879,1,2.0215238733722338e-5,0
0.24242424,0.7979798,1,0,0
0.24242424,0.80808081,1,2.1965987965078803e-5,0
0.24242424,0.81818182,1,0,0
0.24242424,0.82828283,1,2.4167434853902508e-5,0
0.24242424,0.83838384,1,0,0
0.24242424,0.84848485,1,2.6959212452828026e-5,0
0.24242424,0.85858586,1,0,0
0.24242424,0.86868687,1,3.0544878354130116e-5,0
0.24242424,0.87878788,1,0,0
0.24242424,0.88888889,1,3.523004048642747e-5,0
0.24242424,0.8989899,1,0,0
0.24242424,0.90909091,1,4.1490300525552486e-5,0
0.24242424,0.91919192,1,0,0
0.24242424,0.92929293,1,5.009884153913765e-5,0
0.24242424,0.93939394,1,0,0
0.24242424,0.94949495,1,6.238095361213301e-5,0
0.24242424,0.95959596,1,0,0
0.24242424,0.96969697,1,8.075658943792243e-5,0
0.24242424,0.97979798,1,0,0
0.24242424,0.98989899,1,1.0996532660653e-4,0
0.24242424,1,1,0,0
0.25252525,0,-1,1.8392756130507e-4,0
0.25252525,0.01010101,-1,0,0
0.25252525,0.02020202,1,3.0351381380153e-4,0
0.25252525,0.03030303,1,0,0
0.25252525,0.04040404,0,0.00647124402067177,0
0.25252525,0.05050505,0,0.41160895503837186,0
0.25252525,0.06060606,0,5.5789909413932905,0
0.25252525,0.07070707,0,25.34928576947306,0
0.25252525,0.08080808,0,55.513732701815655,0
0.25252525,0.09090909,0,80.50873379346773,0
0.25252525,0.1010101,0,91.8824102571986,0
0.25252525,0.11111111,0,90.1951039446187,0
0.25252525,0.12121212,0,78.60117613714036,0
0.25252525,0.13131313,0,67.76559117504183,0
0.25252525,0.14141414,0,54.72118037711969,0
0.25252525,0.15151515,0,42.53559943429136,0
0.25252525,0.16161616,0,32.54526558319237,0
0.25252525,0.17171717,0,24.68814201596114,0
0.25252525,0.18181818,0,18.37648970252562,0
0.25252525,0.19191919,0,13.120355090948946,0
0.25252525,0.2020202,0,9.575061456959972,0
0.25252525,0.21212121,0,7.0404317955791536,0
0.25252525,0.22222222,0,5.1941258644148,0
0.25252525,0.23232323,0,3.771475614065801,0
0.25252525,0.24242424,0,2.6735227600276232,0
0.25252525,0.25252525,0,1.9866824399513856,0
0.25252525,0.26262626,0,1.3806550323890194,0
0.25252525,0.27272727,0,0.9689424603753812,0
0.25252525,0.28282828,0,0.6836881265511726,0
0.25252525,0.29292929,0,0.4862847610205849,0
0.25252525,0.3030303,0,0.3321312528456594,0
0.25252525,0.31313131,0,0.2440546964599928,0
0.25252525,0.32323232,0,0.1568194765896512,0
0.25252525,0.33333333,0,0.11948742308638352,0
0.25252525,0.34343434,0,0.10621950238446488,0
0.25252525,0.35353535,0,0.07505310928348467,0
0.25252525,0.36363636,0,0.04761920533374332,0
0.25252525,0.37373737,0,0.04118769368057616,0
0.25252525,0.38383838,0,0.02511206409472925,0
0.25252525,0.39393939,0,0.01401964245994708,0
0.25252525,0.4040404,0,0.00593500992501958,0
0.25252525,0.41414141,0,0.00963655825638823,0
0.25252525,0.42424242,0,0.00832846829663341,0
0.25252525,0.43434343,0,0.00319083817454457,0
0.25252525,0.44444444,0,4.1997575714403706e-5,0
0.25252525,0.45454545,0,0,0
0.25252525,0.46464646,0,2.372161915943857e-5,0
0.25252525,0.47474747,0,0,0
0.25252525,0.48484848,0,2.0752978214470253e-5,0
0.25252525,0.49494949,0,0,0
0.25252525,0.50505051,0,2.163554270441332e-5,0
0.25252525,0.51515152,1,1.9288754556534e-4,0
0.25252525,0.52525253,1,0.00108497053566968,0
0.25252525,0.53535354,1,1.1329593138796e-4,0
0.25252525,0.54545455,1,1.5178483598161297e-5,0
0.25252525,0.55555556,1,0,0
0.25252525,0.56565657,1,1.6709522899929352e-5,0
0.25252525,0.57575758,1,0,0
0.25252525,0.58585859,1,1.7035177993706263e-5,0
0.25252525,0.5959596,1,0,0
0.25252525,0.60606061,1,1.6909606022046433e-5,0
0.25252525,0.61616162,1,0,0
0.25252525,0.62626263,1,1.6903453657795666e-5,0
0.25252525,0.63636364,1,0,0
0.25252525,0.64646465,1,1.702735621376188e-5,0
0.25252525,0.65656566,1,0,0
0.25252525,0.66666667,1,1.729151480024751e-5,0
0.25252525,0.67676768,1,0,0
0.25252525,0.68686869,1,1.7707096560221324e-5,0
0.25252525,0.6969697,1,0,0
0.25252525,0.70707071,1,1.828955291477727e-5,0
0.25252525,0.71717172,1,0,0
0.25252525,0.72727273,1,1.906062937795977e-5,0
0.25252525,0.73737374,1,0,0
0.25252525,0.74747475,1,2.0050460964434574e-5,0
0.25252525,0.75757576,1,0,0
0.25252525,0.76767677,1,2.1300382126900183e-5,0
0.25252525,0.77777778,1,0,0
0.25252525,0.78787879,1,2.286701670620581e-5,0
0.25252525,0.7979798,1,0,0
0.25252525,0.80808081,1,2.4828437130788916e-5,0
0.25252525,0.81818182,1,0,0
0.25252525,0.82828283,1,2.729368565666777e-5,0
0.25252525,0.83838384,1,0,0
0.25252525,0.84848485,1,3.041792049755799e-5,0
0.25252525,0.85858586,1,0,0
0.25252525,0.86868687,1,3.4427341069105746e-5,0
0.25252525,0.87878788,1,0,0
0.25252525,0.88888889,1,3.966190844141824e-5,0
0.25252525,0.8989899,1,0,0
0.25252525,0.90909091,1,4.665223910234885e-5,0
0.25252525,0.91919192,1,0,0
0.25252525,0.92929293,1,5.626646869761532e-5,0
0.25252525,0.93939394,1,0,0
0.25252525,0.94949495,1,7.001183252134298e-5,0
0.25252525,0.95959596,1,0,0
0.25252525,0.96969697,1,9.071125117911468e-5,0
0.25252525,0.97979798,1,0,0
0.25252525,0.98989899,1,1.241889461347e-4,0
0.25252525,1,1,0,0
0.26262626,0,-1,0,0
0.26262626,0.01010101,-1,1.6107079115272273e-5,0
0.26262626,0.02020202,1,0,0
0.26262626,0.03030303,1,0,0
0.26262626,0.04040404,1,0.00224097900757815,0
0.26262626,0.05050505,0,0.24002326147443848,0
0.26262626,0.06060606,0,4.057772867065642,0
0.26262626,0.07070707,0,21.29853366714492,0
0.26262626,0.08080808,0,51.52781485975944,0
0.26262626,0.09090909,0,79.2101840711244,0
0.26262626,0.1010101,0,94.01880850154824,0
0.26262626,0.11111111,0,92.90617934292956,0
0.26262626,0.12121212,0,84.04118552528188,0
0.26262626,0.13131313,0,72.56189684033913,0
0.26262626,0.14141414,0,59.996430296981266,0
0.26262626,0.15151515,0,47.60728393793233,0
0.26262626,0.16161616,0,36.2134672557374,0
0.26262626,0.17171717,0,27.322523930181188,0
0.26262626,0.18181818,0,20.716517675225152,0
0.26262626,0.19191919,0,15.01882425575041,0
0.26262626,0.2020202,0,10.716539848929626,0
0.26262626,0.21212121,0,7.9332477668838495,0
0.26262626,0.22222222,0,5.873619995877827,0
0.26262626,0.23232323,0,4.2082416873079875,0
0.26262626,0.24242424,0,2.9782326563159645,0
0.26262626,0.25252525,0,2.181034027329783,0
0.26262626,0.26262626,0,1.54487208440944,0
0.26262626,0.27272727,0,1.0696356295714755,0
0.26262626,0.28282828,0,0.7455853441311363,0
0.26262626,0.29292929,0,0.517513194918918,0
0.26262626,0.3030303,0,0.35696145566780785,0
0.26262626,0.31313131,0,0.26549444648998227,0
0.26262626,0.32323232,0,0.16316024353307348,0
0.26262626,0.33333333,0,0.12563586716214648,0
0.26262626,0.34343434,0,0.10652332761922804,0
0.26262626,0.35353535,0,0.07990175349919407,0
0.26262626,0.36363636,0,0.0450833486181751,0
0.26262626,0.37373737,0,0.03972223479061199,0
0.26262626,0.38383838,0,0.022566611075127,0
0.26262626,0.39393939,0,0.01323949839448791,0
0.26262626,0.4040404,0,0.00624300929042383,0
0.26262626,0.41414141,0,0.01060525561239567,0
0.26262626,0.42424242,0,0.00622332395344735,0
0.26262626,0.43434343,0,0.00132772415535054,0
0.26262626,0.44444444,0,4.316754156522678e-6,0
0.26262626,0.45454545,0,1.4348231123549028e-6,0
0.26262626,0.46464646,0,0,0
0.26262626,0.47474747,0,2.4838940132857235e-6,0
0.26262626,0.48484848,0,0,0
0.26262626,0.49494949,0,7.675606419790297e-6,0
0.26262626,0.50505051,1,3.7263264524722e-4,0
0.26262626,0.51515152,1,9.2416725327488e-4,0
0.26262626,0.52525253,1,1.859310826945e-4,0
0.26262626,0.53535354,1,3.095523042485105e-6,0
0.26262626,0.54545455,1,0,0
0.26262626,0.55555556,1,3.367451780037501e-6,0
0.26262626,0.56565657,1,0,0
0.26262626,0.57575758,1,3.837543532161025e-6,0
0.26262626,0.58585859,1,0,0
0.26262626,0.5959596,1,4.083275138373681e-6,0
0.26262626,0.60606061,1,0,0
0.26262626,0.61616162,1,4.188395615343485e-6,0
0.26262626,0.62626263,1,0,0
0.26262626,0.63636364,1,4.303254175489931e-6,0
0.26262626,0.64646465,1,0,0
0.26262626,0.65656566,1,4.437921846462268e-6,0
0.26262626,0.66666667,1,0,0
0.26262626,0.67676768,1,4.5998294372136085e-6,0
0.26262626,0.68686869,1,0,0
0.26262626,0.6969697,1,4.795771445742916e-6,0
0.26262626,0.70707071,1,0,0
0.26262626,0.71717172,1,5.032972837968055e-6,0
0.26262626,0.72727273,1,0,0
0.26262626,0.73737374,1,5.31984010912472e-6,0
0.26262626,0.74747475,1,0,0
0.26262626,0.75757576,1,5.666664841857078e-6,0
0.26262626,0.76767677,1,0,0
0.26262626,0.77777778,1,6.086424218453589e-6,0
0.26262626,0.78787879,1,0,0
0.26262626,0.7979798,1,6.595791605857138e-6,0
0.26262626,0.80808081,1,0,0
0.26262626,0.81818182,1,7.216471796284988e-6,0
0.26262626,0.82828283,1,0,0
0.26262626,0.83838384,1,7.976985982653253e-6,0
0.26262626,0.84848485,1,0,0
0.26262626,0.85858586,1,8.915009859907285e-6,0
0.26262626,0.86868687,1,0,0
0.26262626,0.87878788,1,1.008021490919332e-5,0
0.26262626,0.88888889,1,0,0
0.26262626,0.8989899,1,1.1536942931253263e-5,0
0.26262626,0.90909091,1,0,0
0.26262626,0.91919192,1,1.3363879242362273e-5,0
0.26262626,0.92929293,1,0,0
0.26262626,0.93939394,1,1.564044512208608e-5,0
0.26262626,0.94949495,1,0,0
0.26262626,0.95959596,1,1.8383165692412403e-5,0
0.26262626,0.96969697,1,0,0
0.26262626,0.97979798,1,2.12949758554209e-5,0
0.26262626,0.98989899,1,0,0
0.26262626,1,1,2.278316086522671e-5,0
0.27272727,0,-1,0,0
0.27272727,0.01010101,-1,1.3364257250615e-4,0
0.27272727,0.02020202,1,0,0
0.27272727,0.03030303,1,1.387535947026e-4,0
0.27272727,0.04040404,1,6.226257114461e-4,0
0.27272727,0.05050505,0,0.12398226056162398,0
0.27272727,0.06060606,0,2.661731146891253,0
0.27272727,0.07070707,0,16.715862763456755,0
0.27272727,0.08080808,0,45.17588843468813,0
0.27272727,0.09090909,0,74.55643369847992,0
0.27272727,0.1010101,0,92.478489997191,0
0.27272727,0.11111111,0,94.21020023623689,0
0.27272727,0.12121212,0,88.67695630162487,0
0.27272727,0.13131313,0,76.36340799948559,0
0.27272727,0.14141414,0,63.137801927190814,0
0.27272727,0.15151515,0,50.663204238060665,0
0.27272727,0.16161616,0,39.2381553765454,0
0.27272727,0.17171717,0,29.52268440838863,0
0.27272727,0.18181818,0,22.40431070669977,0
0.27272727,0.19191919,0,16.446023328508605,0
0.27272727,0.2020202,0,11.77122261675011,0
0.27272727,0.21212121,0,8.526723048818003,0
0.27272727,0.22222222,0,6.390186616032215,0
0.27272727,0.23232323,0,4.617123774461101,0
0.27272727,0.24242424,0,3.182821915039199,0
0.27272727,0.25252525,0,2.3498732697723232,0
0.27272727,0.26262626,0,1.663659560944729,0
0.27272727,0.27272727,0,1.1311901403405171,0
0.27272727,0.28282828,0,0.8002261753475847,0
0.27272727,0.29292929,0,0.5275976250289071,0
0.27272727,0.3030303,0,0.3769127820188476,0
0.27272727,0.31313131,0,0.26295186932100334,0
0.27272727,0.32323232,0,0.16509060005072795,0
0.27272727,0.33333333,0,0.13610747853858549,0
0.27272727,0.34343434,0,0.10580736482204244,0
0.27272727,0.35353535,0,0.07983292630146302,0
0.27272727,0.36363636,0,0.04209437634193561,0
0.27272727,0.37373737,0,0.03386180687731761,0
0.27272727,0.38383838,0,0.01748711960278663,0
0.27272727,0.39393939,0,0.01090547716514944,0
0.27272727,0.4040404,0,0.00849043859983371,0
0.27272727,0.41414141,0,0.01044366180451061,0
0.27272727,0.42424242,0,0.00323079925786495,0
0.27272727,0.43434343,0,1.1405711166059e-4,0
0.27272727,0.44444444,0,0,0
0.27272727,0.45454545,0,2.0401469307922565e-5,0
0.27272727,0.46464646,0,0,0
0.27272727,0.47474747,0,2.0600176284956033e-5,0
0.27272727,0.48484848,0,0,0
0.27272727,0.49494949,1,3.8594433174697e-4,0
0.27272727,0.50505051,1,9.768345207422e-4,0
0.27272727,0.51515152,1,2.6171839783389e-4,0
0.27272727,0.52525253,1,0,0
0.27272727,0.53535354,1,1.935568046456575e-5,0
0.27272727,0.54545455,1,0,0
0.27272727,0.55555556,1,1.823128779005658e-5,0
0.27272727,0.56565657,1,0,0
0.27272727,0.57575758,1,1.768263057149005e-5,0
0.27272727,0.58585859,1,0,0
0.27272727,0.5959596,1,1.7374605510413867e-5,0
0.27272727,0.60606061,1,0,0
0.27272727,0.61616162,1,1.7305663474060107e-5,0
0.27272727,0.62626263,1,0,0
0.27272727,0.63636364,1,1.7368429677136865e-5,0
0.27272727,0.64646465,1,0,0
0.27272727,0.65656566,1,1.7564897213384886e-5,0
0.27272727,0.66666667,1,0,0
0.27272727,0.67676768,1,1.7901612223441895e-5,0
0.27272727,0.68686869,1,0,0
0.27272727,0.6969697,1,1.8389790479820628e-5,0
0.27272727,0.70707071,1,0,0
0.27272727,0.71717172,1,1.9045981979589956e-5,0
0.27272727,0.72727273,1,0,0
0.27272727,0.73737374,1,1.9893234261863665e-5,0
0.27272727,0.74747475,1,0,0
0.27272727,0.75757576,1,2.0962842736169836e-5,0
0.27272727,0.76767677,1,0,0
0.27272727,0.77777778,1,2.2296900276857476e-5,0
0.27272727,0.78787879,1,0,0
0.27272727,0.7979798,1,2.395200484285645e-5,0
0.27272727,0.80808081,1,0,0
0.27272727,0.81818182,1,2.600469674315556e-5,0
0.27272727,0.82828283,1,0,0
0.27272727,0.83838384,1,2.855954268071338e-5,0
0.27272727,0.84848485,1,0,0
0.27272727,0.85858586,1,3.1761348129007226e-5,0
0.27272727,0.86868687,1,0,0
0.27272727,0.87878788,1,3.5813915538253e-5,0
0.27272727,0.88888889,1,0,0
0.27272727,0.8989899,1,4.100926588884431e-5,0
0.27272727,0.90909091,1,0,0
0.27272727,0.91919192,1,4.7773400375946824e-05,0
0.27272727,0.92929293,1,0,0
0.27272727,0.93939394,1,5.673647149200991e-5,0
0.27272727,0.94949495,1,0,0
0.27272727,0.95959596,1,6.882919818757703e-5,0
0.27272727,0.96969697,1,0,0
0.27272727,0.97979798,1,8.535107105508655e-5,0
0.27272727,0.98989899,1,0,0
0.27272727,1,1,1.0760817547884e-4,0
0.28282828,0,-1,0,0
0.28282828,0.01010101,-1,1.3452584749471e-4,0
0.28282828,0.02020202,1,0,0
0.28282828,0.03030303,1,1.4995898687853e-4,0
0.28282828,0.04040404,1,1.9199117155792436e-5,0
0.28282828,0.05050505,0,0.05752142386362068,0
0.28282828,0.06060606,0,1.5927245529117795,0
0.28282828,0.07070707,0,12.224408536306743,0
0.28282828,0.08080808,0,37.46724655374597,0
0.28282828,0.09090909,0,66.74966094608729,0
0.28282828,0.1010101,0,87.27533574239995,0
0.28282828,0.11111111,0,92.79879539435272,0
0.28282828,0.12121212,0,87.81401821502467,0
0.28282828,0.13131313,0,75.89539604605125,0
0.28282828,0.14141414,0,64.57361091074308,0
0.28282828,0.15151515,0,52.39835557167869,0
0.28282828,0.16161616,0,41.189902185913326,0
0.28282828,0.17171717,0,31.09613572884383,0
0.28282828,0.18181818,0,23.25389822123285,0
0.28282828,0.19191919,0,17.363043160282164,0
0.28282828,0.2020202,0,12.364188960717708,0
0.28282828,0.21212121,0,8.910542562412733,0
0.28282828,0.22222222,0,6.7046193995833425,0
0.28282828,0.23232323,0,4.841411760906878,0
0.28282828,0.24242424,0,3.320514641469001,0
0.28282828,0.25252525,0,2.4440038234329333,0
0.28282828,0.26262626,0,1.7253042719405662,0
0.28282828,0.27272727,0,1.1630668419824362,0
0.28282828,0.28282828,0,0.7962376052612258,0
0.28282828,0.29292929,0,0.5226695065551807,0
0.28282828,0.3030303,0,0.37878311992832425,0
0.28282828,0.31313131,0,0.2452531188767136,0
0.28282828,0.32323232,0,0.1719680531351817,0
0.28282828,0.33333333,0,0.12730615324888575,0
0.28282828,0.34343434,0,0.1058559904267547,0
0.28282828,0.35353535,0,0.06728971717074907,0
0.28282828,0.36363636,0,0.03728529600718575,0
0.28282828,0.37373737,0,0.02863346168107335,0
0.28282828,0.38383838,0,0.01379122901764924,0
0.28282828,0.39393939,0,0.01104156920681426,0
0.28282828,0.4040404,0,0.01082832669997607,0
0.28282828,0.41414141,0,0.00601751687183459,0
0.28282828,0.42424242,0,4.9542632681942e-4,0
0.28282828,0.43434343,0,1.979894477853855e-5,0
0.28282828,0.44444444,0,0,0
0.28282828,0.45454545,0,2.0780534455685076e-5,0
0.28282828,0.46464646,0,0,0
0.28282828,0.47474747,0,1.94445033879245e-5,0
0.28282828,0.48484848,1,1.4958184745169e-4,0
0.28282828,0.49494949,1,9.6082766891381e-4,0
0.28282828,0.50505051,1,1.4384408081549e-4,0
0.28282828,0.51515152,1,1.779541697732321e-5,0
0.28282828,0.52525253,1,0,0
0.28282828,0.53535354,1,1.646120783194723e-5,0
0.28282828,0.54545455,1,0,0
0.28282828,0.55555556,1,1.639278397542041e-5,0
0.28282828,0.56565657,1,0,0
0.28282828,0.57575758,1,1.621223205207322e-5,0
0.28282828,0.58585859,1,0,0
0.28282828,0.5959596,1,1.6093715068909975e-5,0
0.28282828,0.60606061,1,0,0
0.28282828,0.61616162,1,1.6009301760561013e-5,0
0.28282828,0.62626263,1,0,0
0.28282828,0.63636364,1,1.6046091833938025e-5,0
0.28282828,0.64646465,1,0,0
0.28282828,0.65656566,1,1.620783292105417e-5,0
0.28282828,0.66666667,1,0,0
0.28282828,0.67676768,1,1.6500968359253506e-5,0
0.28282828,0.68686869,1,0,0
0.28282828,0.6969697,1,1.693573884491057e-5,0
0.28282828,0.70707071,1,0,0
0.28282828,0.71717172,1,1.752719584834413e-5,0
0.28282828,0.72727273,1,0,0
0.28282828,0.73737374,1,1.8296439363579992e-5,0
0.28282828,0.74747475,1,0,0
0.28282828,0.75757576,1,1.927232404563539e-5,0
0.28282828,0.76767677,1,0,0
0.28282828,0.77777778,1,2.049390145072097e-5,0
0.28282828,0.78787879,1,0,0
0.28282828,0.7979798,1,2.201397798615721e-5,0
0.28282828,0.80808081,1,0,0
0.28282828,0.81818182,1,2.3904374996479903e-5,0
0.28282828,0.82828283,1,0,0
0.28282828,0.83838384,1,2.626384093866515e-5,0
0.28282828,0.84848485,1,0,0
0.28282828,0.85858586,1,2.923019100727818e-5,0
0.28282828,0.86868687,1,0,0
0.28282828,0.87878788,1,3.299935157425723e-5,0
0.28282828,0.88888889,1,0,0
0.28282828,0.8989899,1,3.785593626233516e-5,0
0.28282828,0.90909091,1,0,0
0.28282828,0.91919192,1,4.422339086982974e-5,0
0.28282828,0.92929293,1,0,0
0.28282828,0.93939394,1,5.274719175905056e-5,0
0.28282828,0.94949495,1,0,0
0.28282828,0.95959596,1,6.44298894124001e-5,0
0.28282828,0.96969697,1,0,0
0.28282828,0.97979798,1,8.081791811762227e-5,0
0.28282828,0.98989899,1,0,0
0.28282828,1,1,1.0401795969931e-4,0
0.29292929,0,-1,0,0
0.29292929,0.01010101,-1,7.071741545993931e-5,0
0.29292929,0.02020202,1,0,0
0.29292929,0.03030303,1,8.027497863657424e-5,0
0.29292929,0.04040404,1,0,0
0.29292929,0.05050505,0,0.02300812010100294,0
0.29292929,0.06060606,0,0.861397956781048,0
0.29292929,0.07070707,0,8.199994228408933,0
0.29292929,0.08080808,0,29.122644230240898,0
0.29292929,0.09090909,0,56.66194204547751,0
0.29292929,0.1010101,0,77.90443477386772,0
0.29292929,0.11111111,0,86.75073637127689,0
0.29292929,0.12121212,0,83.85137761320837,0
0.29292929,0.13131313,0,74.70536307321521,0
0.29292929,0.14141414,0,64.48113357341236,0
0.29292929,0.15151515,0,52.30339491359244,0
0.29292929,0.16161616,0,41.45394529465885,0
0.29292929,0.17171717,0,31.44603917582583,0
0.29292929,0.18181818,0,23.70811873798041,0
0.29292929,0.19191919,0,17.706614295064234,0
0.29292929,0.2020202,0,12.66596873471351,0
0.29292929,0.21212121,0,9.022446225700852,0
0.29292929,0.22222222,0,6.730530621580227,0
0.29292929,0.23232323,0,4.8464066324617665,0
0.29292929,0.24242424,0,3.295355256309912,0
0.29292929,0.25252525,0,2.456504356675038,0
0.29292929,0.26262626,0,1.686771265621429,0
0.29292929,0.27272727,0,1.137874489260318,0
0.29292929,0.28282828,0,0.7762243244768701,0
0.29292929,0.29292929,0,0.5022395457776603,0
0.29292929,0.3030303,0,0.361149918067475,0
0.29292929,0.31313131,0,0.22600954736596496,0
0.29292929,0.32323232,0,0.16088607654583928,0
0.29292929,0.33333333,0,0.1243845124018731,0
0.29292929,0.34343434,0,0.09557428603840444,0
0.29292929,0.35353535,0,0.05458975204052445,0
0.29292929,0.36363636,0,0.03317471501119749,0
0.29292929,0.37373737,0,0.02291338221711531,0
0.29292929,0.38383838,0,0.01120679472412624,0
0.29292929,0.39393939,0,0.01166839083333345,0
0.29292929,0.4040404,0,0.00773490403237187,0
0.29292929,0.41414141,0,0.00180343928601759,0
0.29292929,0.42424242,0,8.97283185530912e-7,0
0.29292929,0.43434343,0,1.2991375715667088e-5,0
0.29292929,0.44444444,0,0,0
0.29292929,0.45454545,0,1.1349160690042607e-5,0
0.29292929,0.46464646,0,0,0
0.29292929,0.47474747,1,2.0435838627059e-4,0
0.29292929,0.48484848,1,6.8598958108554e-4,0
0.29292929,0.49494949,1,4.1208975853539e-4,0
0.29292929,0.50505051,1,0,0
0.29292929,0.51515152,1,1.0348646482578758e-5,0
0.29292929,0.52525253,1,0,0
0.29292929,0.53535354,1,9.973331313604572e-6,0
0.29292929,0.54545455,1,0,0
0.29292929,0.55555556,1,9.489619571795124e-6,0
0.29292929,0.56565657,1,0,0
0.29292929,0.57575758,1,9.145600153387888e-6,0
0.29292929,0.58585859,1,0,0
0.29292929,0.5959596,1,8.899202563055592e-6,0
0.29292929,0.60606061,1,0,0
0.29292929,0.61616162,1,8.796494300627863e-6,0
0.29292929,0.62626263,1,0,0
0.29292929,0.63636364,1,8.765487520692952e-6,0
0.29292929,0.64646465,1,0,0
0.29292929,0.65656566,1,8.805379895838464e-6,0
0.29292929,0.66666667,1,0,0
0.29292929,0.67676768,1,8.917501919515837e-6,0
0.29292929,0.68686869,1,0,0
0.29292929,0.6969697,1,9.10557905107294e-6,0
0.29292929,0.70707071,1,0,0
0.29292929,0.71717172,1,9.376033823503048e-6,0
0.29292929,0.72727273,1,0,0
0.29292929,0.73737374,1,9.738477655511024e-6,0
0.29292929,0.74747475,1,0,0
0.29292929,0.75757576,1,1.0206477166043176e-5,0
0.29292929,0.76767677,1,0,0
0.29292929,0.77777778,1,1.0798708600452126e-5,0
0.29292929,0.78787879,1,0,0
0.29292929,0.7979798,1,1.1540682105540954e-5,0
0.29292929,0.80808081,1,0,0
0.29292929,0.81818182,1,1.2467330704816609e-5,0
0.29292929,0.82828283,1,0,0
0.29292929,0.83838384,1,1.3626956821460004e-5,0
0.29292929,0.84848485,1,0,0
0.29292929,0.85858586,1,1.5087377322443198e-5,0
0.29292929,0.86868687,1,0,0
0.29292929,0.87878788,1,1.6945747047701926e-5,0
0.29292929,0.88888889,1,0,0
0.29292929,0.8989899,1,1.9344741496935003e-5,0
0.29292929,0.90909091,1,0,0
0.29292929,0.91919192,1,2.2500088449612863e-5,0
0.29292929,0.92929293,1,0,0
0.29292929,0.93939394,1,2.6748838545503165e-5,0
0.29292929,0.94949495,1,0,0
0.29292929,0.95959596,1,3.263523666353897e-5,0
0.29292929,0.96969697,1,0,0
0.29292929,0.97979798,1,4.105550269014379e-5,0
0.29292929,0.98989899,1,0,0
0.29292929,1,1,5.3405017950343314e-5,0
0.3030303,0,-1,0,0
0.3030303,0.01010101,-1,4.168657757539427e-5,0
0.3030303,0.02020202,1,0,0
0.3030303,0.03030303,1,6.88431034292915e-5,0
0.3030303,0.04040404,1,0,0
0.3030303,0.05050505,0,0.00843772097980324,0
0.3030303,0.06060606,0,0.4038754335615288,0
0.3030303,0.07070707,0,4.99285259567134,0
0.3030303,0.08080808,0,21.145069267594,0
0.3030303,0.09090909,0,45.649373803490725,0
0.3030303,0.1010101,0,66.89339982009153,0
0.3030303,0.11111111,0,77.94335091972249,0
0.3030303,0.12121212,0,78.63478467529305,0
0.3030303,0.13131313,0,72.1743702491724,0
0.3030303,0.14141414,0,61.95452671736941,0
0.3030303,0.15151515,0,50.48827781975102,0
0.3030303,0.16161616,0,39.75436979232127,0
0.3030303,0.17171717,0,30.714153914258077,0
0.3030303,0.18181818,0,23.31350564639836,0
0.3030303,0.19191919,0,17.24025329271269,0
0.3030303,0.2020202,0,12.42912490999169,0
0.3030303,0.21212121,0,8.894011253773728,0
0.3030303,0.22222222,0,6.680344039040257,0
0.3030303,0.23232323,0,4.655220401899441,0
0.3030303,0.24242424,0,3.1482329727381018,0
0.3030303,0.25252525,0,2.364236363559194,0
0.3030303,0.26262626,0,1.5975818388387328,0
0.3030303,0.27272727,0,1.0567656392433682,0
0.3030303,0.28282828,0,0.7124802985343611,0
0.3030303,0.29292929,0,0.4576529238741392,0
0.3030303,0.3030303,0,0.3169589166135825,0
0.3030303,0.31313131,0,0.20098483416004465,0
0.3030303,0.32323232,0,0.15347799424352657,0
0.3030303,0.33333333,0,0.12225340989872271,0
0.3030303,0.34343434,0,0.07344553237121025,0
0.3030303,0.35353535,0,0.03731810428169414,0
0.3030303,0.36363636,0,0.02958330562414497,0
0.3030303,0.37373737,0,0.01525682442313394,0
0.3030303,0.38383838,0,0.011475683431496,0
0.3030303,0.39393939,0,0.00830191366341909,0
0.3030303,0.4040404,0,0.00244212529632202,0
0.3030303,0.41414141,0,1.9257232079857e-4,0
0.3030303,0.42424242,0,0,0
0.3030303,0.43434343,0,4.6475872120635e-6,0
0.3030303,0.44444444,0,0,0
0.3030303,0.45454545,1,3.031489158855746e-5,0
0.3030303,0.46464646,1,4.8675591871027e-4,0
0.3030303,0.47474747,1,7.1421099331987e-4,0
0.3030303,0.48484848,1,2.8780536506228e-4,0
0.3030303,0.49494949,1,1.022791606927294e-5,0
0.3030303,0.50505051,1,0,0
0.3030303,0.51515152,1,2.224574002360244e-6,0
0.3030303,0.52525253,1,0,0
0.3030303,0.53535354,1,2.1971034813265985e-6,0
0.3030303,0.54545455,1,0,0
0.3030303,0.55555556,1,2.1771556759267658e-6,0
0.3030303,0.56565657,1,0,0
0.3030303,0.57575758,1,2.1646551922107095e-6,0
0.3030303,0.58585859,1,0,0
0.3030303,0.5959596,1,2.174640188840985e-6,0
0.3030303,0.60606061,1,0,0
0.3030303,0.61616162,1,2.1504540002661373e-6,0
0.3030303,0.62626263,1,0,0
0.3030303,0.63636364,1,2.1485116502279967e-6,0
0.3030303,0.64646465,1,0,0
0.3030303,0.65656566,1,2.1680020414671848e-6,0
0.3030303,0.66666667,1,0,0
0.3030303,0.67676768,1,2.20926573803302e-6,0
0.3030303,0.68686869,1,0,0
0.3030303,0.6969697,1,2.2736667681550147e-6,0
0.3030303,0.70707071,1,0,0
0.3030303,0.71717172,1,2.363663427721785e-6,0
0.3030303,0.72727273,1,0,0
0.3030303,0.73737374,1,2.483012113270568e-6,0
0.3030303,0.74747475,1,0,0
0.3030303,0.75757576,1,2.6371257294696325e-6,0
0.3030303,0.76767677,1,0,0
0.3030303,0.77777778,1,2.8336466768729816e-6,0
0.3030303,0.78787879,1,0,0
0.3030303,0.7979798,1,3.0833468961683745e-6,0
0.3030303,0.80808081,1,0,0
0.3030303,0.81818182,1,3.4015517086924595e-6,0
0.3030303,0.82828283,1,0,0
0.3030303,0.83838384,1,3.810441577394515e-6,0
0.3030303,0.84848485,1,0,0
0.3030303,0.85858586,1,4.342883472693762e-6,0
0.3030303,0.86868687,1,0,0
0.3030303,0.87878788,1,5.049045827829439e-6,0
0.3030303,0.88888889,1,0,0
0.3030303,0.8989899,1,6.008319588011098e-6,0
0.3030303,0.90909091,1,0,0
0.3030303,0.91919192,1,7.351902659474411e-6,0
0.3030303,0.92929293,1,0,0
0.3030303,0.93939394,1,9.308112218450311e-6,0
0.3030303,0.94949495,1,0,0
0.3030303,0.95959596,1,1.2299335943883648e-5,0
0.3030303,0.96969697,1,0,0
0.3030303,0.97979798,1,1.7163659395322773e-5,0
0.3030303,0.98989899,1,0,0
0.3030303,1,1,2.568369666966888e-5,0
0.31313131,0,-1,0,0
0.31313131,0.01010101,-1,6.527797418422879e-5,0
0.31313131,0.02020202,1,0,0
0.31313131,0.03030303,1,1.177216442164e-4,0
0.31313131,0.04040404,1,0,0
0.31313131,0.05050505,0,0.00265437538336307,0
0.31313131,0.06060606,0,0.17300477576431644,0
0.31313131,0.07070707,0,2.7113114028499328,0
0.31313131,0.08080808,0,14.002336956848334,0
0.31313131,0.09090909,0,34.4035988332924,0
0.31313131,0.1010101,0,54.51353087242326,0
0.31313131,0.11111111,0,66.35389608387479,0
0.31313131,0.12121212,0,69.81970549420849,0
0.31313131,0.13131313,0,65.59374968325477,0
0.31313131,0.14141414,0,57.04281282462918,0
0.31313131,0.15151515,0,46.83832488664506,0
0.31313131,0.16161616,0,37.274337647345426,0
0.31313131,0.17171717,0,29.06833026416715,0
0.31313131,0.18181818,0,22.138345428196754,0
0.31313131,0.19191919,0,16.23267966758206,0
0.31313131,0.2020202,0,11.58566992631254,0
0.31313131,0.21212121,0,8.570911601442035,0
0.31313131,0.22222222,0,6.276536376044096,0
0.31313131,0.23232323,0,4.267592340527563,0
0.31313131,0.24242424,0,2.98034924466668,0
0.31313131,0.25252525,0,2.134948658985775,0
0.31313131,0.26262626,0,1.4373568524209788,0
0.31313131,0.27272727,0,0.9496760820508204,0
0.31313131,0.28282828,0,0.6140334464971977,0
0.31313131,0.29292929,0,0.4058460347548116,0
0.31313131,0.3030303,0,0.27419633443231833,0
0.31313131,0.31313131,0,0.1750725244159569,0
0.31313131,0.32323232,0,0.14506244449853584,0
0.31313131,0.33333333,0,0.09832014118241536,0
0.31313131,0.34343434,0,0.04469878876850821,0
0.31313131,0.35353535,0,0.03265819931381143,0
0.31313131,0.36363636,0,0.02165297839820387,0
0.31313131,0.37373737,0,0.01287398172912628,0
0.31313131,0.38383838,0,0.00930871383850969,0
0.31313131,0.39393939,0,0.00277605532376909,0
0.31313131,0.4040404,0,4.1136951976855e-4,0
0.31313131,0.41414141,0,9.008239093853905e-6,0
0.31313131,0.42424242,0,0,0
0.31313131,0.43434343,0,5.2779886673190474e-6,0
0.31313131,0.44444444,0,3.657271834670093e-5,0
0.31313131,0.45454545,1,6.2769200449401e-4,0
0.31313131,0.46464646,1,6.7738428780231e-4,0
0.31313131,0.47474747,1,6.479628216951827e-5,0
0.31313131,0.48484848,1,0,0
0.31313131,0.49494949,1,5.076102075783487e-6,0
0.31313131,0.50505051,1,0,0
0.31313131,0.51515152,1,5.130472626816005e-6,0
0.31313131,0.52525253,1,0,0
0.31313131,0.53535354,1,4.816435758663448e-6,0
0.31313131,0.54545455,1,0,0
0.31313131,0.55555556,1,4.617243219905823e-6,0
0.31313131,0.56565657,1,0,0
0.31313131,0.57575758,1,4.478229466897811e-6,0
0.31313131,0.58585859,1,0,0
0.31313131,0.5959596,1,4.377985537496367e-6,0
0.31313131,0.60606061,1,0,0
0.31313131,0.61616162,1,4.365575563153505e-6,0
0.31313131,0.62626263,1,0,0
0.31313131,0.63636364,1,4.389606701844219e-6,0
0.31313131,0.64646465,1,0,0
0.31313131,0.65656566,1,4.450587396390144e-6,0
0.31313131,0.66666667,1,0,0
0.31313131,0.67676768,1,4.550377643361665e-6,0
0.31313131,0.68686869,1,0,0
0.31313131,0.6969697,1,4.6923146696109205e-6,0
0.31313131,0.70707071,1,0,0
0.31313131,0.71717172,1,4.881443050768832e-6,0
0.31313131,0.72727273,1,0,0
0.31313131,0.73737374,1,5.124908042301904e-6,0
0.31313131,0.74747475,1,0,0
0.31313131,0.75757576,1,5.432567690060824e-6,0
0.31313131,0.76767677,1,0,0
0.31313131,0.77777778,1,5.817918914257009e-6,0
0.31313131,0.78787879,1,0,0
0.31313131,0.7979798,1,6.29950065176943e-6,0
0.31313131,0.80808081,1,0,0
0.31313131,0.81818182,1,6.903050234836447e-6,0
0.31313131,0.82828283,1,0,0
0.31313131,0.83838384,1,7.664896161880758e-6,0
0.31313131,0.84848485,1,0,0
0.31313131,0.85858586,1,8.637457833293133e-6,0
0.31313131,0.86868687,1,0,0
0.31313131,0.87878788,1,9.898493600566185e-6,0
0.31313131,0.88888889,1,0,0
0.31313131,0.8989899,1,1.156734960215362e-5,0
0.31313131,0.90909091,1,0,0
0.31313131,0.91919192,1,1.3835058626999514e-5,0
0.31313131,0.92929293,1,0,0
0.31313131,0.93939394,1,1.7023781749585953e-5,0
0.31313131,0.94949495,1,0,0
0.31313131,0.95959596,1,2.1713781267512944e-5,0
0.31313131,0.96969697,1,0,0
0.31313131,0.97979798,1,2.904218306432912e-5,0
0.31313131,0.98989899,1,0,0
0.31313131,1,1,4.149360673574633e-5,0
0.32323232,0,-1,2.8337338789236543e-5,0
0.32323232,0.01010101,-1,0,0
0.32323232,0.02020202,1,3.924075759563664e-5,0
0.32323232,0.03030303,1,0,0
0.32323232,0.04040404,1,5.293533695049775e-5,0
0.32323232,0.05050505,1,5.0032308836669e-4,0
0.32323232,0.06060606,0,0.06683654928354738,0
0.32323232,0.07070707,0,1.328969457534695,0
0.32323232,0.08080808,0,8.373812084454649,0
0.32323232,0.09090909,0,24.06314706415122,0
0.32323232,0.1010101,0,41.83800957262514,0
0.32323232,0.11111111,0,54.226128108725256,0
0.32323232,0.12121212,0,58.07150922888548,0
0.32323232,0.13131313,0,56.077503256740165,0
0.32323232,0.14141414,0,49.82686868754501,0
0.32323232,0.15151515,0,41.77698938425833,0
0.32323232,0.16161616,0,33.63809425353614,0
0.32323232,0.17171717,0,26.170860675278515,0
0.32323232,0.18181818,0,20.195951267537637,0
0.32323232,0.19191919,0,14.599645409939628,0
0.32323232,0.2020202,0,10.441682915827895,0
0.32323232,0.21212121,0,7.849295401683165,0
0.32323232,0.22222222,0,5.579002662577834,0
0.32323232,0.23232323,0,3.8179396970733,0
0.32323232,0.24242424,0,2.7094548631688284,0
0.32323232,0.25252525,0,1.8477433873144955,0
0.32323232,0.26262626,0,1.2233772604727944,0
0.32323232,0.27272727,0,0.8035900144015711,0
0.32323232,0.28282828,0,0.49722083725660526,0
0.32323232,0.29292929,0,0.3556358969051422,0
0.32323232,0.3030303,0,0.22611400529314324,0
0.32323232,0.31313131,0,0.15399430598363364,0
0.32323232,0.32323232,0,0.116484922629898,0
0.32323232,0.33333333,0,0.05910827696200003,0
0.32323232,0.34343434,0,0.03432394126223733,0
0.32323232,0.35353535,0,0.02438022755713118,0
0.32323232,0.36363636,0,0.01594566214093081,0
0.32323232,0.37373737,0,0.01044268148010262,0
0.32323232,0.38383838,0,0.00397406789685803,0
0.32323232,0.39393939,0,5.6745600377175e-4,0
0.32323232,0.4040404,0,9.40860195328902e-6,0
0.32323232,0.41414141,0,0,0
0.32323232,0.42424242,0,5.246441246967126e-6,0
0.32323232,0.43434343,1,1.1579884033806e-4,0
0.32323232,0.44444444,1,6.6454952340804e-4,0
0.32323232,0.45454545,1,6.4303909882253e-4,0
0.32323232,0.46464646,1,4.328296061695011e-5,0
0.32323232,0.47474747,1,0,0
0.32323232,0.48484848,1,3.116864816299403e-6,0
0.32323232,0.49494949,1,0,0
0.32323232,0.50505051,1,3.2566084553000726e-6,0
0.32323232,0.51515152,1,0,0
0.32323232,0.52525253,1,2.908697608765827e-6,0
0.32323232,0.53535354,1,0,0
0.32323232,0.54545455,1,2.866281278816631e-6,0
0.32323232,0.55555556,1,0,0
0.32323232,0.56565657,1,2.744797624247183e-6,0
0.32323232,0.57575758,1,0,0
0.32323232,0.58585859,1,2.6498342638128043e-6,0
0.32323232,0.5959596,1,0,0
0.32323232,0.60606061,1,2.6574496941957373e-6,0
0.32323232,0.61616162,1,0,0
0.32323232,0.62626263,1,2.684201058093314e-6,0
0.32323232,0.63636364,1,0,0
0.32323232,0.64646465,1,2.7329291586997032e-6,0
0.32323232,0.65656566,1,0,0
0.32323232,0.66666667,1,2.805001501518903e-6,0
0.32323232,0.67676768,1,0,0
0.32323232,0.68686869,1,2.902637192929362e-6,0
0.32323232,0.6969697,1,0,0
0.32323232,0.70707071,1,3.029051237210654e-6,0
0.32323232,0.71717172,1,0,0
0.32323232,0.72727273,1,3.1886790365466e-6,0
0.32323232,0.73737374,1,0,0
0.32323232,0.74747475,1,3.387516134957944e-6,0
0.32323232,0.75757576,1,0,0
0.32323232,0.76767677,1,3.633619368799136e-6,0
0.32323232,0.77777778,1,0,0
0.32323232,0.78787879,1,3.937843596137797e-6,0
0.32323232,0.7979798,1,0,0
0.32323232,0.80808081,1,4.314934946851745e-6,0
0.32323232,0.81818182,1,0,0
0.32323232,0.82828283,1,4.785178283098908e-6,0
0.32323232,0.83838384,1,0,0
0.32323232,0.84848485,1,5.3769302572333145e-6,0
0.32323232,0.85858586,1,0,0
0.32323232,0.86868687,1,6.130605097455546e-6,0
0.32323232,0.87878788,1,0,0
0.32323232,0.88888889,1,7.105110020207685e-6,0
0.32323232,0.8989899,1,0,0
0.32323232,0.90909091,1,8.388524507045906e-6,0
0.32323232,0.91919192,1,0,0
0.32323232,0.92929293,1,1.0116311783555482e-5,0
0.32323232,0.93939394,1,0,0
0.32323232,0.94949495,1,1.25030737170104e-5,0
0.32323232,0.95959596,1,0,0
0.32323232,0.96969697,1,1.5898107482777184e-5,0
0.32323232,0.97979798,1,0,0
0.32323232,0.98989899,1,2.087654214281609e-5,0
0.32323232,1,1,0,0
0.33333333,0,-1,1.1637108865293598e-5,0
0.33333333,0.01010101,-1,0,0
0.33333333,0.02020202,1,1.4043674600147056e-5,0
0.33333333,0.03030303,1,0,0
0.33333333,0.04040404,1,7.755609174402312e-6,0
0.33333333,0.05050505,1,5.725913769881341e-5,0
0.33333333,0.06060606,0,0.02144815668239169,0
0.33333333,0.07070707,0,0.5585434152081714,0
0.33333333,0.08080808,0,4.533163419106254,0
0.33333333,0.09090909,0,15.360856194784947,0
0.33333333,0.1010101,0,29.99975807705884,0
0.33333333,0.11111111,0,41.791860575398886,0
0.33333333,0.12121212,0,46.96623030506257,0
0.33333333,0.13131313,0,46.14185005678868,0
0.33333333,0.14141414,0,41.81610765991303,0
0.33333333,0.15151515,0,35.65681316293285,0
0.33333333,0.16161616,0,29.064540758948763,0
0.33333333,0.17171717,0,23.237595563781063,0
0.33333333,0.18181818,0,17.29220760735754,0
0.33333333,0.19191919,0,12.5136194879095,0
0.33333333,0.2020202,0,9.398348199928058,0
0.33333333,0.21212121,0,6.813591629664575,0
0.33333333,0.22222222,0,4.700944586785796,0
0.33333333,0.23232323,0,3.3231331833704494,0
0.33333333,0.24242424,0,2.3203182070704522,0
0.33333333,0.25252525,0,1.5261697309400717,0
0.33333333,0.26262626,0,0.978528439644936,0
0.33333333,0.27272727,0,0.6364996916285033,0
0.33333333,0.28282828,0,0.4090523240967741,0
0.33333333,0.29292929,0,0.28490459631531156,0
0.33333333,0.3030303,0,0.1813987494786254,0
0.33333333,0.31313131,0,0.12924681679166444,0
0.33333333,0.32323232,0,0.07479704359100843,0
0.33333333,0.33333333,0,0.03965827053686621,0
0.33333333,0.34343434,0,0.0256815673680002,0
0.33333333,0.35353535,0,0.01695670283549261,0
0.33333333,0.36363636,0,0.01078688951492998,0
0.33333333,0.37373737,0,0.00325374509232021,0
0.33333333,0.38383838,0,6.4927630793353e-4,0
0.33333333,0.39393939,0,6.994056101057145e-6,0
0.33333333,0.4040404,0,2.8829159672562173e-6,0
0.33333333,0.41414141,0,2.0146505759346013e-6,0
0.33333333,0.42424242,1,2.5918549155587e-4,0
0.33333333,0.43434343,1,7.4724249990479e-4,0
0.33333333,0.44444444,1,4.8664707376732e-4,0
0.33333333,0.45454545,1,2.8376320294572712e-5,0
0.33333333,0.46464646,1,1.8602791783626227e-6,0
0.33333333,0.47474747,1,0,0
0.33333333,0.48484848,1,2.9784624426051634e-6,0
0.33333333,0.49494949,1,0,0
0.33333333,0.50505051,1,2.5891258452505565e-6,0
0.33333333,0.51515152,1,0,0
0.33333333,0.52525253,1,2.5613192370990353e-6,0
0.33333333,0.53535354,1,0,0
0.33333333,0.54545455,1,2.3730937592187633e-6,0
0.33333333,0.55555556,1,0,0
0.33333333,0.56565657,1,2.320121230837185e-6,0
0.33333333,0.57575758,1,0,0
0.33333333,0.58585859,1,2.2961326365961297e-6,0
0.33333333,0.5959596,1,0,0
0.33333333,0.60606061,1,2.2275684845728663e-6,0
0.33333333,0.61616162,1,0,0
0.33333333,0.62626263,1,2.1827645207605277e-6,0
0.33333333,0.63636364,1,0,0
0.33333333,0.64646465,1,2.157892841983717e-6,0
0.33333333,0.65656566,1,0,0
0.33333333,0.66666667,1,2.151949438726819e-6,0
0.33333333,0.67676768,1,0,0
0.33333333,0.68686869,1,2.164653439179463e-6,0
0.33333333,0.6969697,1,0,0
0.33333333,0.70707071,1,2.1964049235938345e-6,0
0.33333333,0.71717172,1,0,0
0.33333333,0.72727273,1,2.2483100637965776e-6,0
0.33333333,0.73737374,1,0,0
0.33333333,0.74747475,1,2.322265989105299e-6,0
0.33333333,0.75757576,1,0,0
0.33333333,0.76767677,1,2.4211157321834134e-6,0
0.33333333,0.77777778,1,0,0
0.33333333,0.78787879,1,2.5488955024084772e-6,0
0.33333333,0.7979798,1,0,0
0.33333333,0.80808081,1,2.7112131184704217e-6,0
0.33333333,0.81818182,1,0,0
0.33333333,0.82828283,1,2.9158217562077135e-6,0
0.33333333,0.83838384,1,0,0
0.33333333,0.84848485,1,3.1734956556056106e-6,0
0.33333333,0.85858586,1,0,0
0.33333333,0.86868687,1,3.499386760199649e-6,0
0.33333333,0.87878788,1,0,0
0.33333333,0.88888889,1,3.9151663870263744e-6,0
0.33333333,0.8989899,1,0,0
0.33333333,0.90909091,1,4.452470652906145e-6,0
0.33333333,0.91919192,1,0,0
0.33333333,0.92929293,1,5.15850900498917e-6,0
0.33333333,0.93939394,1,0,0
0.33333333,0.94949495,1,6.105068039457325e-6,0
0.33333333,0.95959596,1,0,0
0.33333333,0.96969697,1,7.4014734678986255e-6,0
0.33333333,0.97979798,1,0,0
0.33333333,0.98989899,1,9.202940400613693e-6,0
0.33333333,1,1,0,0
0.34343434,0,-1,3.28954328682371e-5,0
0.34343434,0.01010101,-1,0,0
0.34343434,0.02020202,1,4.425750144156443e-5,0
0.34343434,0.03030303,1,0,0
0.34343434,0.04040404,1,6.404838034467811e-5,0
0.34343434,0.05050505,1,0,0
0.34343434,0.06060606,0,0.00446371660620327,0
0.34343434,0.07070707,0,0.21002487635601916,0
0.34343434,0.08080808,0,2.145296163651688,0
0.34343434,0.09090909,0,8.87815079578715,0
0.34343434,0.1010101,0,19.882933977191133,0
0.34343434,0.11111111,0,29.988485697543645,0
0.34343434,0.12121212,0,35.61382086981633,0
0.34343434,0.13131313,0,36.7307231811787,0
0.34343434,0.14141414,0,34.010449480571424,0
0.34343434,0.15151515,0,29.711631443016408,0
0.34343434,0.16161616,0,24.37968001149926,0
0.34343434,0.17171717,0,19.24370955351707,0
0.34343434,0.18181818,0,14.105046897998903,0
0.34343434,0.19191919,0,10.726398776734294,0
0.34343434,0.2020202,0,7.871567203880512,0
0.34343434,0.21212121,0,5.583139024119452,0
0.34343434,0.22222222,0,3.872669710175603,0
0.34343434,0.23232323,0,2.722422897632432,0
0.34343434,0.24242424,0,1.829689220062102,0
0.34343434,0.25252525,0,1.177579710951803,0
0.34343434,0.26262626,0,0.7499980884037234,0
0.34343434,0.27272727,0,0.4773392770532416,0
0.34343434,0.28282828,0,0.3192470311890699,0
0.34343434,0.29292929,0,0.20492317151154732,0
0.34343434,0.3030303,0,0.14218321614446536,0
0.34343434,0.31313131,0,0.08513704292564196,0
0.34343434,0.32323232,0,0.04511847895823195,0
0.34343434,0.33333333,0,0.02721808547690603,0
0.34343434,0.34343434,0,0.01664195557538615,0
0.34343434,0.35353535,0,0.01047976607750379,0
0.34343434,0.36363636,0,0.00368028728272697,0
0.34343434,0.37373737,0,2.8971470870308e-4,0
0.34343434,0.38383838,0,1.9418810532700337e-5,0
0.34343434,0.39393939,0,0,0
0.34343434,0.4040404,0,9.898846447628057e-5,0
0.34343434,0.41414141,1,4.2497417696229e-4,0
0.34343434,0.42424242,1,6.9912031680283e-4,0
0.34343434,0.43434343,1,1.4496803983533e-4,0
0.34343434,0.44444444,1,1.6971017961852512e-5,0
0.34343434,0.45454545,1,0,0
0.34343434,0.46464646,1,1.0950953674761391e-5,0
0.34343434,0.47474747,1,0,0
0.34343434,0.48484848,1,9.659247457130574e-6,0
0.34343434,0.49494949,1,0,0
0.34343434,0.50505051,1,9.090816550001611e-6,0
0.34343434,0.51515152,1,0,0
0.34343434,0.52525253,1,8.420541166413174e-6,0
0.34343434,0.53535354,1,0,0
0.34343434,0.54545455,1,8.020023897032175e-6,0
0.34343434,0.55555556,1,0,0
0.34343434,0.56565657,1,7.615544177094296e-6,0
0.34343434,0.57575758,1,0,0
0.34343434,0.58585859,1,7.287268261086045e-6,0
0.34343434,0.5959596,1,0,0
0.34343434,0.60606061,1,7.088130351133873e-6,0
0.34343434,0.61616162,1,0,0
0.34343434,0.62626263,1,6.949804288255174e-6,0
0.34343434,0.63636364,1,0,0
0.34343434,0.64646465,1,6.8696410938405855e-6,0
0.34343434,0.65656566,1,0,0
0.34343434,0.66666667,1,6.845145702204991e-6,0
0.34343434,0.67676768,1,0,0
0.34343434,0.68686869,1,6.875617363310981e-6,0
0.34343434,0.6969697,1,0,0
0.34343434,0.70707071,1,6.962131106489053e-6,0
0.34343434,0.71717172,1,0,0
0.34343434,0.72727273,1,7.1076272896729886e-6,0
0.34343434,0.73737374,1,0,0
0.34343434,0.74747475,1,7.317133663480312e-6,0
0.34343434,0.75757576,1,0,0
0.34343434,0.76767677,1,7.598152123179168e-6,0
0.34343434,0.77777778,1,0,0
0.34343434,0.78787879,1,7.961264368878347e-6,0
0.34343434,0.7979798,1,0,0
0.34343434,0.80808081,1,8.421046566797149e-6,0
0.34343434,0.81818182,1,0,0
0.34343434,0.82828283,1,8.997440954119785e-6,0
0.34343434,0.83838384,1,0,0
0.34343434,0.84848485,1,9.717830509390331e-6,0
0.34343434,0.85858586,1,0,0
0.34343434,0.86868687,1,1.0620236184939333e-5,0
0.34343434,0.87878788,1,0,0
0.34343434,0.88888889,1,1.1758376640274348e-5,0
0.34343434,0.8989899,1,0,0
0.34343434,0.90909091,1,1.3209950916760144e-5,0
0.34343434,0.91919192,1,0,0
0.34343434,0.92929293,1,1.50907759080174e-5,0
0.34343434,0.93939394,1,0,0
0.34343434,0.94949495,1,1.7580181749073227e-5,0
0.34343434,0.95959596,1,0,0
0.34343434,0.96969697,1,2.0969551976668195e-5,0
0.34343434,0.97979798,1,0,0
0.34343434,0.98989899,1,2.576218332222043e-5,0
0.34343434,1,1,0,0
0.35353535,0,-1,0,0
0.35353535,0.01010101,-1,5.426962014281164e-6,0
0.35353535,0.02020202,-1,0,0
0.35353535,0.03030303,1,4.440140804071425e-6,0
0.35353535,0.04040404,1,0,0
0.35353535,0.05050505,1,0,0
0.35353535,0.06060606,0,8.8858278524806e-4,0
0.35353535,0.07070707,0,0.06304440733171296,0
0.35353535,0.08080808,0,0.8754228838412746,0
0.35353535,0.09090909,0,4.595353311879476,0
0.35353535,0.1010101,0,11.943687701011424,0
0.35353535,0.11111111,0,19.88902684385344,0
0.35353535,0.12121212,0,25.251075218770794,0
0.35353535,0.13131313,0,26.975294739668,0
0.35353535,0.14141414,0,25.853649065817823,0
0.35353535,0.15151515,0,22.747523882281797,0
0.35353535,0.16161616,0,18.741513912473252,0
0.35353535,0.17171717,0,14.756594792344249,0
0.35353535,0.18181818,0,11.438804427242008,0
0.35353535,0.19191919,0,8.612574985503233,0
0.35353535,0.2020202,0,6.209604157995892,0
0.35353535,0.21212121,0,4.30127469328258,0
0.35353535,0.22222222,0,3.04176019862973,0
0.35353535,0.23232323,0,2.0585843830486006,0
0.35353535,0.24242424,0,1.3486576749796877,0
0.35353535,0.25252525,0,0.8549833359367247,0
0.35353535,0.26262626,0,0.5444735286321815,0
0.35353535,0.27272727,0,0.3447357671008951,0
0.35353535,0.28282828,0,0.2324195578072588,0
0.35353535,0.29292929,0,0.15373426969021095,0
0.35353535,0.3030303,0,0.08798692722389334,0
0.35353535,0.31313131,0,0.05229738681489778,0
0.35353535,0.32323232,0,0.02890632751738546,0
0.35353535,0.33333333,0,0.01532361948392878,0
0.35353535,0.34343434,0,0.00825903054024317,0
0.35353535,0.35353535,0,0.00295989806554777,0
0.35353535,0.36363636,0,4.5643043643163e-4,0
0.35353535,0.37373737,0,7.376951905707692e-6,0
0.35353535,0.38383838,0,3.7519472716275504e-5,0
0.35353535,0.39393939,1,5.2702548615871e-4,0
0.35353535,0.4040404,1,6.0599434730123e-4,0
0.35353535,0.41414141,1,3.724065727177e-4,0
0.35353535,0.42424242,1,3.412033010965333e-5,0
0.35353535,0.43434343,1,2.590811552766932e-6,0
0.35353535,0.44444444,1,0,0
0.35353535,0.45454545,1,3.164580068869977e-6,0
0.35353535,0.46464646,1,0,0
0.35353535,0.47474747,1,2.8335483623604607e-6,0
0.35353535,0.48484848,1,0,0
0.35353535,0.49494949,1,2.326195187433358e-6,0
0.35353535,0.50505051,1,0,0
0.35353535,0.51515152,1,2.204544324414239e-6,0
0.35353535,0.52525253,1,0,0
0.35353535,0.53535354,1,2.0481791983649203e-6,0
0.35353535,0.54545455,1,0,0
0.35353535,0.55555556,1,1.925846655204331e-6,0
0.35353535,0.56565657,1,0,0
0.35353535,0.57575758,1,1.821501873670896e-6,0
0.35353535,0.58585859,1,0,0
0.35353535,0.5959596,1,1.7239033843830045e-6,0
0.35353535,0.60606061,1,0,0
0.35353535,0.61616162,1,1.6738919216778711e-6,0
0.35353535,0.62626263,1,0,0
0.35353535,0.63636364,1,1.6389330873878568e-6,0
0.35353535,0.64646465,1,0,0
0.35353535,0.65656566,1,1.617904962069099e-6,0
0.35353535,0.66666667,1,0,0
0.35353535,0.67676768,1,1.6101187408273253e-6,0
0.35353535,0.68686869,1,0,0
0.35353535,0.6969697,1,1.6153124837076292e-6,0
0.35353535,0.70707071,1,0,0
0.35353535,0.71717172,1,1.633639191635738e-6,0
0.35353535,0.72727273,1,0,0
0.35353535,0.73737374,1,1.6656774161814434e-6,0
0.35353535,0.74747475,1,0,0
0.35353535,0.75757576,1,1.7124692501973144e-6,0
0.35353535,0.76767677,1,0,0
0.35353535,0.77777778,1,1.775590039117554e-6,0
0.35353535,0.78787879,1,0,0
0.35353535,0.7979798,1,1.8572572226866797e-6,0
0.35353535,0.80808081,1,0,0
0.35353535,0.81818182,1,1.9604889397513503e-6,0
0.35353535,0.82828283,1,0,0
0.35353535,0.83838384,1,2.0893276779482445e-6,0
0.35353535,0.84848485,1,0,0
0.35353535,0.85858586,1,2.249147019226498e-6,0
0.35353535,0.86868687,1,0,0
0.35353535,0.87878788,1,2.447057320173224e-6,0
0.35353535,0.88888889,1,0,0
0.35353535,0.8989899,1,2.692400581355066e-6,0
0.35353535,0.90909091,1,0,0
0.35353535,0.91919192,1,2.9972247278211644e-6,0
0.35353535,0.92929293,1,0,0
0.35353535,0.93939394,1,3.3762774117946178e-6,0
0.35353535,0.94949495,1,0,0
0.35353535,0.95959596,1,3.8448606518058315e-6,0
0.35353535,0.96969697,1,0,0
0.35353535,0.97979798,1,4.408600602392457e-6,0
0.35353535,0.98989899,1,0,0
0.35353535,1,1,5.022636751633687e-6,0
0.36363636,0,-1,0,0
0.36363636,0.01010101,-1,2.363575585669671e-6,0
0.36363636,0.02020202,-1,0,0
0.36363636,0.03030303,1,3.458035810298199e-6,0
0.36363636,0.04040404,1,0,0
0.36363636,0.05050505,1,1.9851551018973625e-6,0
0.36363636,0.06060606,1,1.6332098971308e-4,0
0.36363636,0.07070707,0,0.01624171717105991,0
0.36363636,0.08080808,0,0.29837085661641427,0
0.36363636,0.09090909,0,2.0239478558781374,0
0.36363636,0.1010101,0,6.318356459592614,0
0.36363636,0.11111111,0,11.966134451523455,0
0.36363636,0.12121212,0,16.70794970588888,0
0.36363636,0.13131313,0,18.793498139677943,0
0.36363636,0.14141414,0,18.37073664977451,0
0.36363636,0.15151515,0,16.539964181771982,0
0.36363636,0.16161616,0,14.057379001882062,0
0.36363636,0.17171717,0,11.31070855716915,0
0.36363636,0.18181818,0,8.674021730905013,0
0.36363636,0.19191919,0,6.376502276884383,0
0.36363636,0.2020202,0,4.505862215959165,0
0.36363636,0.21212121,0,3.244365578666957,0
0.36363636,0.22222222,0,2.1731394463079097,0
0.36363636,0.23232323,0,1.4478499746901257,0
0.36363636,0.24242424,0,0.9172064871169912,0
0.36363636,0.25252525,0,0.5795163456725427,0
0.36363636,0.26262626,0,0.36978625940219456,0
0.36363636,0.27272727,0,0.2514234332000734,0
0.36363636,0.28282828,0,0.16335553915462248,0
0.36363636,0.29292929,0,0.08669758349231048,0
0.36363636,0.3030303,0,0.05119146900540031,0
0.36363636,0.31313131,0,0.0265618205070498,0
0.36363636,0.32323232,0,0.01423386797408565,0
0.36363636,0.33333333,0,0.00863652383652753,0
0.36363636,0.34343434,0,0.00222207883050353,0
0.36363636,0.35353535,0,1.8485696844259e-4,0
0.36363636,0.36363636,0,5.993478902463076e-6,0
0.36363636,0.37373737,1,2.890781349156385e-5,0
0.36363636,0.38383838,1,5.7298932420648e-4,0
0.36363636,0.39393939,1,5.9449331723648e-4,0
0.36363636,0.4040404,1,4.902594307715809e-5,0
0.36363636,0.41414141,1,2.2407923051822494e-6,0
0.36363636,0.42424242,1,1.4289907828853678e-7,0
0.36363636,0.43434343,1,0,0
0.36363636,0.44444444,1,1.6976531834163076e-6,0
0.36363636,0.45454545,1,0,0
0.36363636,0.46464646,1,1.3972593475646031e-6,0
0.36363636,0.47474747,1,0,0
0.36363636,0.48484848,1,1.1115606143588808e-6,0
0.36363636,0.49494949,1,0,0
0.36363636,0.50505051,1,1.0398661132434262e-6,0
0.36363636,0.51515152,1,0,0
0.36363636,0.52525253,1,8.507971924973435e-7,0
0.36363636,0.53535354,1,0,0
0.36363636,0.54545455,1,8.042312237008747e-7,0
0.36363636,0.55555556,1,0,0
0.36363636,0.56565657,1,6.910971831673397e-7,0
0.36363636,0.57575758,1,0,0
0.36363636,0.58585859,1,5.864377601747296e-7,0
0.36363636,0.5959596,1,0,0
0.36363636,0.60606061,1,5.376022803350379e-7,0
0.36363636,0.61616162,1,0,0
0.36363636,0.62626263,1,4.946996959290601e-7,0
0.36363636,0.63636364,1,0,0
0.36363636,0.64646465,1,4.576400781739311e-7,0
0.36363636,0.65656566,1,0,0
0.36363636,0.66666667,1,4.251708256716093e-7,0
0.36363636,0.67676768,1,0,0
0.36363636,0.68686869,1,3.962243339942808e-7,0
0.36363636,0.6969697,1,0,0
0.36363636,0.70707071,1,3.698523473124505e-7,0
0.36363636,0.71717172,1,0,0
0.36363636,0.72727273,1,3.451602835757184e-7,0
0.36363636,0.73737374,1,0,0
0.36363636,0.74747475,1,3.2124121059345985e-7,0
0.36363636,0.75757576,1,0,0
0.36363636,0.76767677,1,2.9710189982768506e-7,0
0.36363636,0.77777778,1,0,0
0.36363636,0.78787879,1,2.715704109358052e-7,0
0.36363636,0.7979798,1,0,0
0.36363636,0.80808081,1,2.43170072178161e-7,0
0.36363636,0.81818182,1,0,0
0.36363636,0.82828283,1,2.099361927237873e-7,0
0.36363636,0.83838384,1,0,0
0.36363636,0.84848485,1,1.69136931021169e-7,0
0.36363636,0.85858586,1,0,0
0.36363636,0.86868687,1,1.168324230853098e-7,0
0.36363636,0.87878788,1,0,0
0.36363636,0.88888889,1,4.7156926768497025e-8,0
0.36363636,0.8989899,1,0,0
0.36363636,0.90909091,1,0,0
0.36363636,0.91919192,1,1.1093447322438866e-7,0
0.36363636,0.92929293,1,0,0
0.36363636,0.93939394,1,2.7564783610004777e-7,0
0.36363636,0.94949495,1,0,0
0.36363636,0.95959596,1,5.204187659891953e-7,0
0.36363636,0.96969697,1,0,0
0.36363636,0.97979798,1,8.940506736197056e-7,0
0.36363636,0.98989899,1,0,0
0.36363636,1,1,1.475058669744541e-6,0
0.37373737,0,-1,2.1682812955392018e-6,0
0.37373737,0.01010101,-1,0,0
0.37373737,0.02020202,-1,3.018724933473581e-6,0
0.37373737,0.03030303,1,0,0
0.37373737,0.04040404,1,4.682419811580019e-6,0
0.37373737,0.05050505,1,0,0
0.37373737,0.06060606,1,1.9067534400687692e-5,0
0.37373737,0.07070707,0,0.0030281638276248,0
0.37373737,0.08080808,0,0.08452901743846492,0
0.37373737,0.09090909,0,0.7447355133975894,0
0.37373737,0.1010101,0,2.8678810431199406,0
0.37373737,0.11111111,0,6.341489313909295,0
0.37373737,0.12121212,0,9.74981394506252,0
0.37373737,0.13131313,0,11.91286846764522,0
0.37373737,0.14141414,0,12.321872367959266,0
0.37373737,0.15151515,0,11.386407916137276,0
0.37373737,0.16161616,0,9.619768653067712,0
0.37373737,0.17171717,0,7.647466000053725,0
0.37373737,0.18181818,0,5.862111226413314,0
0.37373737,0.19191919,0,4.37462196981848,0
0.37373737,0.2020202,0,3.1701388355406324,0
0.37373737,0.21212121,0,2.2000743712781174,0
0.37373737,0.22222222,0,1.459823253440395,0
0.37373737,0.23232323,0,0.926622322098802,0
0.37373737,0.24242424,0,0.5903658968788608,0
0.37373737,0.25252525,0,0.37344469979191874,0
0.37373737,0.26262626,0,0.24992547782905827,0
0.37373737,0.27272727,0,0.15325854283204987,0
0.37373737,0.28282828,0,0.08492493096932914,0
0.37373737,0.29292929,0,0.04675304871710634,0
0.37373737,0.3030303,0,0.02435986220661935,0
0.37373737,0.31313131,0,0.01213382425100762,0
0.37373737,0.32323232,0,0.00794720011611547,0
0.37373737,0.33333333,0,0.00202109314658552,0
0.37373737,0.34343434,0,1.306240678499e-4,0
0.37373737,0.35353535,0,3.789300027117257e-6,0
0.37373737,0.36363636,1,1.5406850133457e-4,0
0.37373737,0.37373737,1,4.2447433151432e-4,0
0.37373737,0.38383838,1,5.7004785058704e-4,0
0.37373737,0.39393939,1,3.5742095231768907e-5,0
0.37373737,0.4040404,1,0,0
0.37373737,0.41414141,1,0,0
0.37373737,0.42424242,1,6.836064447678279e-7,0
0.37373737,0.43434343,1,0,0
0.37373737,0.44444444,1,0,0
0.37373737,0.45454545,1,3.541790188560713e-8,0
0.37373737,0.46464646,1,1.2115711370894831e-8,0
0.37373737,0.47474747,1,4.544270209001384e-8,0
0.37373737,0.48484848,1,1.0628598052312995e-7,0
0.37373737,0.49494949,1,0,0
0.37373737,0.50505051,1,7.347730280475863e-8,0
0.37373737,0.51515152,1,0,0
0.37373737,0.52525253,1,1.576389986707061e-7,0
0.37373737,0.53535354,1,0,0
0.37373737,0.54545455,1,1.286409052784071e-7,0
0.37373737,0.55555556,1,0,0
0.37373737,0.56565657,1,1.7409430627699798e-7,0
0.37373737,0.57575758,1,0,0
0.37373737,0.58585859,1,2.221697255442345e-7,0
0.37373737,0.5959596,1,0,0
0.37373737,0.60606061,1,2.2863682271509785e-7,0
0.37373737,0.61616162,1,0,0
0.37373737,0.62626263,1,2.3687154911203258e-7,0
0.37373737,0.63636364,1,0,0
0.37373737,0.64646465,1,2.459836446382676e-7,0
0.37373737,0.65656566,1,0,0
0.37373737,0.66666667,1,2.563562378096537e-7,0
0.37373737,0.67676768,1,0,0
0.37373737,0.68686869,1,2.683767805234913e-7,0
0.37373737,0.6969697,1,0,0
0.37373737,0.70707071,1,2.8246136459709097e-7,0
0.37373737,0.71717172,1,0,0
0.37373737,0.72727273,1,2.990856534370159e-7,0
0.37373737,0.73737374,1,0,0
0.37373737,0.74747475,1,3.188199626057947e-7,0
0.37373737,0.75757576,1,0,0
0.37373737,0.76767677,1,3.423722184726148e-7,0
0.37373737,0.77777778,1,0,0
0.37373737,0.78787879,1,3.706443092037242e-7,0
0.37373737,0.7979798,1,0,0
0.37373737,0.80808081,1,4.048098908891109e-7,0
0.37373737,0.81818182,1,0,0
0.37373737,0.82828283,1,4.4642571085067483e-7,0
0.37373737,0.83838384,1,0,0
0.37373737,0.84848485,1,4.975958361521829e-7,0
0.37373737,0.85858586,1,0,0
0.37373737,0.86868687,1,5.61220659197499e-7,0
0.37373737,0.87878788,1,0,0
0.37373737,0.88888889,1,6.413855137723614e-7,0
0.37373737,0.8989899,1,0,0
0.37373737,0.90909091,1,7.43986764182752e-7,0
0.37373737,0.91919192,1,0,0
0.37373737,0.92929293,1,8.777789794691465e-7,0
0.37373737,0.93939394,1,0,0
0.37373737,0.94949495,1,1.0562103760087474e-6,0
0.37373737,0.95959596,1,0,0
0.37373737,0.96969697,1,1.3008525063622584e-6,0
0.37373737,0.97979798,1,0,0
0.37373737,0.98989899,1,1.6484702804485996e-6,0
0.37373737,1,1,0,0
0.38383838,0,-1,0,0
0.38383838,0.01010101,-1,3.984455346371764e-6,0
0.38383838,0.02020202,-1,0,0
0.38383838,0.03030303,1,5.548986304478154e-6,0
0.38383838,0.04040404,1,0,0
0.38383838,0.05050505,1,8.040153706974707e-6,0
0.38383838,0.06060606,1,0,0
0.38383838,0.07070707,0,5.5369782040656e-4,0
0.38383838,0.08080808,0,0.0179268493422704,0
0.38383838,0.09090909,0,0.22408968711725216,0
0.38383838,0.1010101,0,1.0990198440868046,0
0.38383838,0.11111111,0,2.899368181420053,0
0.38383838,0.12121212,0,5.0879956707353164,0
0.38383838,0.13131313,0,6.704863816886928,0
0.38383838,0.14141414,0,7.328802274883096,0
0.38383838,0.15151515,0,6.987379929539652,0
0.38383838,0.16161616,0,6.097886003940864,0
0.38383838,0.17171717,0,4.978740627153941,0
0.38383838,0.18181818,0,3.903687922961787,0
0.38383838,0.19191919,0,2.820807209270471,0
0.38383838,0.2020202,0,1.9840465134459513,0
0.38383838,0.21212121,0,1.3590853258034168,0
0.38383838,0.22222222,0,0.8600475418671498,0
0.38383838,0.23232323,0,0.5594681776676238,0
0.38383838,0.24242424,0,0.37686426436824527,0
0.38383838,0.25252525,0,0.24152639242163343,0
0.38383838,0.26262626,0,0.14204938260631664,0
0.38383838,0.27272727,0,0.07271001448203379,0
0.38383838,0.28282828,0,0.03992266177671154,0
0.38383838,0.29292929,0,0.01940052297167928,0
0.38383838,0.3030303,0,0.01019696844163752,0
0.38383838,0.31313131,0,0.00476684891104924,0
0.38383838,0.32323232,0,0.0011978462667123,0
0.38383838,0.33333333,0,9.07791400079919e-5,0
0.38383838,0.34343434,1,1.7756507675608923e-5,0
0.38383838,0.35353535,1,3.027490947572e-4,0
0.38383838,0.36363636,1,7.116654832942e-4,0
0.38383838,0.37373737,1,2.0580071774764e-4,0
0.38383838,0.38383838,1,3.050681052198289e-5,0
0.38383838,0.39393939,1,9.429261967803844e-7,0
0.38383838,0.4040404,1,0,0
0.38383838,0.41414141,1,1.9450012315041963e-6,0
0.38383838,0.42424242,1,0,0
0.38383838,0.43434343,1,1.5161979162215934e-6,0
0.38383838,0.44444444,1,0,0
0.38383838,0.45454545,1,1.0375945935006151e-6,0
0.38383838,0.46464646,1,0,0
0.38383838,0.47474747,1,8.613994263590508e-7,0
0.38383838,0.48484848,1,0,0
0.38383838,0.49494949,1,9.01010783903004e-7,0
0.38383838,0.50505051,1,0,0
0.38383838,0.51515152,1,8.093445877980743e-7,0
0.38383838,0.52525253,1,0,0
0.38383838,0.53535354,1,7.648090333245428e-7,0
0.38383838,0.54545455,1,0,0
0.38383838,0.55555556,1,7.302364169446851e-7,0
0.38383838,0.56565657,1,0,0
0.38383838,0.57575758,1,7.091189843175177e-7,0
0.38383838,0.58585859,1,0,0
0.38383838,0.5959596,1,7.088650004243227e-7,0
0.38383838,0.60606061,1,0,0
0.38383838,0.61616162,1,6.922351468410802e-7,0
0.38383838,0.62626263,1,0,0
0.38383838,0.63636364,1,6.818572434053604e-7,0
0.38383838,0.64646465,1,0,0
0.38383838,0.65656566,1,6.772936808336781e-7,0
0.38383838,0.66666667,1,0,0
0.38383838,0.67676768,1,6.783563334455233e-7,0
0.38383838,0.68686869,1,0,0
0.38383838,0.6969697,1,6.850599100341498e-7,0
0.38383838,0.70707071,1,0,0
0.38383838,0.71717172,1,6.976164897731421e-7,0
0.38383838,0.72727273,1,0,0
0.38383838,0.73737374,1,7.164486644777335e-7,0
0.38383838,0.74747475,1,0,0
0.38383838,0.75757576,1,7.422204369880175e-7,0
0.38383838,0.76767677,1,0,0
0.38383838,0.77777778,1,7.758893496564112e-7,0
0.38383838,0.78787879,1,0,0
0.38383838,0.7979798,1,8.187872490346546e-7,0
0.38383838,0.80808081,1,0,0
0.38383838,0.81818182,1,8.727421387511068e-7,0
0.38383838,0.82828283,1,0,0
0.38383838,0.83838384,1,9.402620201357362e-7,0
0.38383838,0.84848485,1,0,0
0.38383838,0.85858586,1,1.0248158283997034e-6,0
0.38383838,0.86868687,1,0,0
0.38383838,0.87878788,1,1.131272207880544e-6,0
0.38383838,0.88888889,1,0,0
0.38383838,0.8989899,1,1.2666048411048607e-6,0
0.38383838,0.90909091,1,0,0
0.38383838,0.91919192,1,1.4410674106210308e-6,0
0.38383838,0.92929293,1,0,0
0.38383838,0.93939394,1,1.6702374508675288e-6,0
0.38383838,0.94949495,1,0,0
0.38383838,0.95959596,1,1.978762300468813e-6,0
0.38383838,0.96969697,1,0,0
0.38383838,0.97979798,1,2.4076708439621698e-6,0
0.38383838,0.98989899,1,0,0
0.38383838,1,1,3.0297458162402835e-6,0
0.39393939,0,-1,0,0
0.39393939,0.01010101,-1,2.8258069507056345e-6,0
0.39393939,0.02020202,-1,0,0
0.39393939,0.03030303,1,4.640624036600949e-6,0
0.39393939,0.04040404,1,0,0
0.39393939,0.05050505,1,9.375232250738463e-6,0
0.39393939,0.06060606,1,0,0
0.39393939,0.07070707,1,6.545677134354265e-5,0
0.39393939,0.08080808,0,0.00223738803124588,0
0.39393939,0.09090909,0,0.04647445818666702,0
0.39393939,0.1010101,0,0.35671012731239043,0
0.39393939,0.11111111,0,1.1013109086424355,0
0.39393939,0.12121212,0,2.237869066113668,0
0.39393939,0.13131313,0,3.265498549546962,0
0.39393939,0.14141414,0,3.812810552884823,0
0.39393939,0.15151515,0,3.8444601582896185,0
0.39393939,0.16161616,0,3.4473131284303653,0
0.39393939,0.17171717,0,2.849686065224455,0
0.39393939,0.18181818,0,2.195800648761697,0
0.39393939,0.19191919,0,1.5937281894112525,0
0.39393939,0.2020202,0,1.1294528506240966,0
0.39393939,0.21212121,0,0.7483673515420584,0
0.39393939,0.22222222,0,0.498790486663034,0
0.39393939,0.23232323,0,0.33115811119390703,0
0.39393939,0.24242424,0,0.21293186720290333,0
0.39393939,0.25252525,0,0.11555779455575416,0
0.39393939,0.26262626,0,0.05700999909585699,0
0.39393939,0.27272727,0,0.03127090837437359,0
0.39393939,0.28282828,0,0.01651152273458582,0
0.39393939,0.29292929,0,0.00634897678332476,0
0.39393939,0.3030303,0,0.00233229968109152,0
0.39393939,0.31313131,0,5.0804098035926e-4,0
0.39393939,0.32323232,0,2.287839386613904e-5,0
0.39393939,0.33333333,1,2.9725576213947e-4,0
0.39393939,0.34343434,1,6.3435439678068e-4,0
0.39393939,0.35353535,1,5.4356330991538e-4,0
0.39393939,0.36363636,1,1.552926513573e-4,0
0.39393939,0.37373737,1,3.4956950502204267e-6,0
0.39393939,0.38383838,1,0,0
0.39393939,0.39393939,1,1.2448821656093658e-6,0
0.39393939,0.4040404,1,0,0
0.39393939,0.41414141,1,3.867510625706872e-7,0
0.39393939,0.42424242,1,0,0
0.39393939,0.43434343,1,4.24557925826724e-7,0
0.39393939,0.44444444,1,0,0
0.39393939,0.45454545,1,5.870375718971059e-7,0
0.39393939,0.46464646,1,0,0
0.39393939,0.47474747,1,5.979268072472869e-7,0
0.39393939,0.48484848,1,0,0
0.39393939,0.49494949,1,4.560290089473304e-7,0
0.39393939,0.50505051,1,0,0
0.39393939,0.51515152,1,4.459350503435366e-7,0
0.39393939,0.52525253,1,0,0
0.39393939,0.53535354,1,4.1557742015308763e-7,0
0.39393939,0.54545455,1,0,0
0.39393939,0.55555556,1,3.909585960420126e-7,0
0.39393939,0.56565657,1,0,0
0.39393939,0.57575758,1,3.670402828356087e-7,0
0.39393939,0.58585859,1,0,0
0.39393939,0.5959596,1,3.341522184979282e-7,0
0.39393939,0.60606061,1,0,0
0.39393939,0.61616162,1,3.261189485870413e-7,0
0.39393939,0.62626263,1,0,0
0.39393939,0.63636364,1,3.21157417491073e-7,0
0.39393939,0.64646465,1,0,0
0.39393939,0.65656566,1,3.191148592182654e-7,0
0.39393939,0.66666667,1,0,0
0.39393939,0.67676768,1,3.199209101222219e-7,0
0.39393939,0.68686869,1,0,0
0.39393939,0.6969697,1,3.2360753794122786e-7,0
0.39393939,0.70707071,1,0,0
0.39393939,0.71717172,1,3.3031540097316176e-7,0
0.39393939,0.72727273,1,0,0
0.39393939,0.73737374,1,3.403066232489235e-7,0
0.39393939,0.74747475,1,0,0
0.39393939,0.75757576,1,3.539881993620717e-7,0
0.39393939,0.76767677,1,0,0
0.39393939,0.77777778,1,3.719501231597069e-7,0
0.39393939,0.78787879,1,0,0
0.39393939,0.7979798,1,3.950249340683202e-7,0
0.39393939,0.80808081,1,0,0
0.39393939,0.81818182,1,4.243799036173687e-7,0
0.39393939,0.82828283,1,0,0
0.39393939,0.83838384,1,4.616612294247328e-7,0
0.39393939,0.84848485,1,0,0
0.39393939,0.85858586,1,5.092244943655871e-7,0
0.39393939,0.86868687,1,0,0
0.39393939,0.87878788,1,5.705141916885999e-7,0
0.39393939,0.88888889,1,0,0
0.39393939,0.8989899,1,6.5071269247689e-7,0
0.39393939,0.90909091,1,0,0
0.39393939,0.91919192,1,7.57901622463994e-7,0
0.39393939,0.92929293,1,0,0
0.39393939,0.93939394,1,9.052579181156534e-7,0
0.39393939,0.94949495,1,0,0
0.39393939,0.95959596,1,1.115494184727581e-6,0
0.39393939,0.96969697,1,0,0
0.39393939,0.97979798,1,1.430614324106332e-6,0
0.39393939,0.98989899,1,0,0
0.39393939,1,1,1.9357295416032673e-6,0
0.4040404,0,-1,1.3265300878460073e-6,0
0.4040404,0.01010101,-1,0,0
0.4040404,0.02020202,-1,1.888744659336346e-6,0
0.4040404,0.03030303,1,0,0
0.4040404,0.04040404,1,2.9806064734231086e-6,0
0.4040404,0.05050505,1,0,0
0.4040404,0.06060606,1,6.264741689619768e-6,0
0.4040404,0.07070707,1,0,0
0.4040404,0.08080808,0,8.456336654162443e-5,0
0.4040404,0.09090909,0,0.00682471521106299,0
0.4040404,0.1010101,0,0.07533015457545816,0
0.4040404,0.11111111,0,0.36073218662954576,0
0.4040404,0.12121212,0,0.8608825427930128,0
0.4040404,0.13131313,0,1.3650075845420635,0
0.4040404,0.14141414,0,1.6752348291110102,0
0.4040404,0.15151515,0,1.8061469787268043,0
0.4040404,0.16161616,0,1.69519131483643,0
0.4040404,0.17171717,0,1.4135208873462048,0
0.4040404,0.18181818,0,1.0892594726215696,0
0.4040404,0.19191919,0,0.8064008559377671,0
0.4040404,0.2020202,0,0.5844499643450517,0
0.4040404,0.21212121,0,0.4052528489580656,0
0.4040404,0.22222222,0,0.26503048636900906,0
0.4040404,0.23232323,0,0.15615498730801602,0
0.4040404,0.24242424,0,0.08036627666986558,0
0.4040404,0.25252525,0,0.04383871167456908,0
0.4040404,0.26262626,0,0.02365479079543237,0
0.4040404,0.27272727,0,0.01152142262117028,0
0.4040404,0.28282828,0,0.00466045607545325,0
0.4040404,0.29292929,0,0.00134867118918114,0
0.4040404,0.3030303,0,8.45571683886643e-5,0
0.4040404,0.31313131,1,3.06682795617439e-5,0
0.4040404,0.32323232,1,3.7242647138886e-4,0
0.4040404,0.33333333,1,8.1203223441773e-4,0
0.4040404,0.34343434,1,3.0632312658625e-4,0
0.4040404,0.35353535,1,1.0630084776884451e-5,0
0.4040404,0.36363636,1,3.264162283129757e-7,0
0.4040404,0.37373737,1,0,0
0.4040404,0.38383838,1,7.097157119092313e-7,0
0.4040404,0.39393939,1,0,0
0.4040404,0.4040404,1,6.247276575000627e-7,0
0.4040404,0.41414141,1,0,0
0.4040404,0.42424242,1,1.826502459011589e-7,0
0.4040404,0.43434343,1,0,0
0.4040404,0.44444444,1,3.234050425553842e-7,0
0.4040404,0.45454545,1,0,0
0.4040404,0.46464646,1,3.21309119534083e-7,0
0.4040404,0.47474747,1,0,0
0.4040404,0.48484848,1,2.925637661727238e-7,0
0.4040404,0.49494949,1,0,0
0.4040404,0.50505051,1,3.144465423389185e-7,0
0.4040404,0.51515152,1,0,0
0.4040404,0.52525253,1,2.5220551325046905e-7,0
0.4040404,0.53535354,1,0,0
0.4040404,0.54545455,1,2.774987533843464e-7,0
0.4040404,0.55555556,1,0,0
0.4040404,0.56565657,1,2.421803470162853e-7,0
0.4040404,0.57575758,1,0,0
0.4040404,0.58585859,1,2.0620659633236385e-7,0
0.4040404,0.5959596,1,0,0
0.4040404,0.60606061,1,2.030849369736968e-7,0
0.4040404,0.61616162,1,0,0
0.4040404,0.62626263,1,2.00707066250361e-7,0
0.4040404,0.63636364,1,0,0
0.4040404,0.64646465,1,2.0002106128145735e-7,0
0.4040404,0.65656566,1,0,0
0.4040404,0.66666667,1,2.0100785779205866e-7,0
0.4040404,0.67676768,1,0,0
0.4040404,0.68686869,1,2.036968866568024e-7,0
0.4040404,0.6969697,1,0,0
0.4040404,0.70707071,1,2.081757723146377e-7,0
0.4040404,0.71717172,1,0,0
0.4040404,0.72727273,1,2.14597902332835e-7,0
0.4040404,0.73737374,1,0,0
0.4040404,0.74747475,1,2.2319436888424333e-7,0
0.4040404,0.75757576,1,0,0
0.4040404,0.76767677,1,2.3429270513064237e-7,0
0.4040404,0.77777778,1,0,0
0.4040404,0.78787879,1,2.483453005279725e-7,0
0.4040404,0.7979798,1,0,0
0.4040404,0.80808081,1,2.6597209733132184e-7,0
0.4040404,0.81818182,1,0,0
0.4040404,0.82828283,1,2.880250456261086e-7,0
0.4040404,0.83838384,1,0,0
0.4040404,0.84848485,1,3.156869899849114e-7,0
0.4040404,0.85858586,1,0,0
0.4040404,0.86868687,1,3.506268526246685e-7,0
0.4040404,0.87878788,1,0,0
0.4040404,0.88888889,1,3.9525045344591705e-7,0
0.4040404,0.8989899,1,0,0
0.4040404,0.90909091,1,4.531205964947105e-7,0
0.4040404,0.91919192,1,0,0
0.4040404,0.92929293,1,5.296913660796212e-7,0
0.4040404,0.93939394,1,0,0
0.4040404,0.94949495,1,6.336596723698282e-7,0
0.4040404,0.95959596,1,0,0
0.4040404,0.96969697,1,7.796143994114033e-7,0
0.4040404,0.97979798,1,0,0
0.4040404,0.98989899,1,9.936520465131823e-7,0
0.4040404,1,1,0,0
0.41414141,0,-1,0,0
0.41414141,0.01010101,-1,4.904702193162131e-7,0
0.41414141,0.02020202,-1,0,0
0.41414141,0.03030303,1,6.625031938387372e-7,0
0.41414141,0.04040404,1,0,0
0.41414141,0.05050505,1,1.0496725969574073e-6,0
0.41414141,0.06060606,1,0,0
0.41414141,0.07070707,1,6.671844198308464e-6,0
0.41414141,0.08080808,1,6.6921438696681435e-6,0
0.41414141,0.09090909,0,4.3054740268253e-4,0
0.41414141,0.1010101,0,0.01201587748835627,0
0.41414141,0.11111111,0,0.07404527509849176,0
0.41414141,0.12121212,0,0.2360351063348716,0
0.41414141,0.13131313,0,0.48224899647805625,0
0.41414141,0.14141414,0,0.6951660984613552,0
0.41414141,0.15151515,0,0.7623628729912435,0
0.41414141,0.16161616,0,0.7324813996442647,0
0.41414141,0.17171717,0,0.6296710144363706,0
0.41414141,0.18181818,0,0.5013272122633702,0
0.41414141,0.19191919,0,0.3816436093965739,0
0.41414141,0.2020202,0,0.26903669451504897,0
0.41414141,0.21212121,0,0.16820787874042076,0
0.41414141,0.22222222,0,0.09248432984667868,0
0.41414141,0.23232323,0,0.04487329433876163,0
0.41414141,0.24242424,0,0.02569089355981262,0
0.41414141,0.25252525,0,0.01533256623586858,0
0.41414141,0.26262626,0,0.00722519865146968,0
0.41414141,0.27272727,0,0.00229522388393878,0
0.41414141,0.28282828,0,3.6503180408879e-4,0
0.41414141,0.29292929,0,4.1164891407826e-4,0
0.41414141,0.3030303,1,8.4140537449251e-4,0
0.41414141,0.31313131,1,5.0310136510674e-4,0
0.41414141,0.32323232,1,3.9805565283823e-4,0
0.41414141,0.33333333,1,5.027432121855773e-5,0
0.41414141,0.34343434,1,2.2176975304927463e-6,0
0.41414141,0.35353535,1,0,0
0.41414141,0.36363636,1,1.356342096188623e-7,0
0.41414141,0.37373737,1,4.917603333440824e-7,0
0.41414141,0.38383838,1,0,0
0.41414141,0.39393939,1,3.642101359067174e-7,0
0.41414141,0.4040404,1,0,0
0.41414141,0.41414141,1,2.1494571076971506e-8,0
0.41414141,0.42424242,1,0,0
0.41414141,0.43434343,1,8.78514009326923e-8,0
0.41414141,0.44444444,1,0,0
0.41414141,0.45454545,1,1.961128868454108e-7,0
0.41414141,0.46464646,1,0,0
0.41414141,0.47474747,1,2.3297892378488595e-7,0
0.41414141,0.48484848,1,0,0
0.41414141,0.49494949,1,1.47934499781749e-7,0
0.41414141,0.50505051,1,0,0
0.41414141,0.51515152,1,1.5501233934300406e-7,0
0.41414141,0.52525253,1,0,0
0.41414141,0.53535354,1,1.4525484754655713e-7,0
0.41414141,0.54545455,1,0,0
0.41414141,0.55555556,1,1.359625185132301e-7,0
0.41414141,0.56565657,1,0,0
0.41414141,0.57575758,1,1.2490680703317048e-7,0
0.41414141,0.58585859,1,0,0
0.41414141,0.5959596,1,1.0264867373168693e-7,0
0.41414141,0.60606061,1,0,0
0.41414141,0.61616162,1,9.991166205638429e-8,0
0.41414141,0.62626263,1,0,0
0.41414141,0.63636364,1,9.805874417675697e-8,0
0.41414141,0.64646465,1,0,0
0.41414141,0.65656566,1,9.705142049904647e-8,0
0.41414141,0.66666667,1,0,0
0.41414141,0.67676768,1,9.685687189931033e-8,0
0.41414141,0.68686869,1,0,0
0.41414141,0.6969697,1,9.746688090016708e-8,0
0.41414141,0.70707071,1,0,0
0.41414141,0.71717172,1,9.889997124191193e-8,0
0.41414141,0.72727273,1,0,0
0.41414141,0.73737374,1,1.0120319642500401e-7,0
0.41414141,0.74747475,1,0,0
0.41414141,0.75757576,1,1.0445568423308652e-7,0
0.41414141,0.76767677,1,0,0
0.41414141,0.77777778,1,1.0877467403221421e-7,0
0.41414141,0.78787879,1,0,0
0.41414141,0.7979798,1,1.1432497074490295e-7,0
0.41414141,0.80808081,1,0,0
0.41414141,0.81818182,1,1.2133320711059701e-7,0
0.41414141,0.82828283,1,0,0
0.41414141,0.83838384,1,1.301091478006874e-7,0
0.41414141,0.84848485,1,0,0
0.41414141,0.85858586,1,1.41077784212068e-7,0
0.41414141,0.86868687,1,0,0
0.41414141,0.87878788,1,1.5482838354782645e-7,0
0.41414141,0.88888889,1,0,0
0.41414141,0.8989899,1,1.7219124962622166e-7,0
0.41414141,0.90909091,1,0,0
0.41414141,0.91919192,1,1.943612306647424e-7,0
0.41414141,0.92929293,1,0,0
0.41414141,0.93939394,1,2.231035470585799e-7,0
0.41414141,0.94949495,1,0,0
0.41414141,0.95959596,1,2.611112875302579e-7,0
0.41414141,0.96969697,1,0,0
0.41414141,0.97979798,1,3.126588957577837e-7,0
0.41414141,0.98989899,1,0,0
0.41414141,1,1,3.8487709171300324e-7,0
0.42424242,0,-1,0,0
0.42424242,0.01010101,-1,5.729268393717095e-8,0
0.42424242,0.02020202,-1,0,0
0.42424242,0.03030303,1,3.403507069502654e-8,0
0.42424242,0.04040404,1,0,0
0.42424242,0.05050505,1,0,0
0.42424242,0.06060606,1,8.968627876242863e-7,0
0.42424242,0.07070707,1,0,0
0.42424242,0.08080808,1,0,0
0.42424242,0.09090909,1,0,0
0.42424242,0.1010101,0,9.1630802020758e-4,0
0.42424242,0.11111111,0,0.01259792220980898,0
0.42424242,0.12121212,0,0.04418840024604079,0
0.42424242,0.13131313,0,0.11089096397090412,0
0.42424242,0.14141414,0,0.1984813116684185,0
0.42424242,0.15151515,0,0.2551166079059079,0
0.42424242,0.16161616,0,0.26275930453923074,0
0.42424242,0.17171717,0,0.23477862780447784,0
0.42424242,0.18181818,0,0.193998280613843,0
0.42424242,0.19191919,0,0.13166508286986103,0
0.42424242,0.2020202,0,0.07546974647059002,0
0.42424242,0.21212121,0,0.04083713126046398,0
0.42424242,0.22222222,0,0.02270397052632972,0
0.42424242,0.23232323,0,0.01563015347156327,0
0.42424242,0.24242424,0,0.00720367127396734,0
0.42424242,0.25252525,0,0.00224402481478877,0
0.42424242,0.26262626,0,6.2255625879245e-4,0
0.42424242,0.27272727,0,4.1741177632198e-4,0
0.42424242,0.28282828,1,6.9591174580299e-4,0
0.42424242,0.29292929,1,7.5969937508102e-4,0
0.42424242,0.3030303,1,2.9679652229082e-4,0
0.42424242,0.31313131,1,3.109587652843926e-5,0
0.42424242,0.32323232,1,5.775229385835435e-6,0
0.42424242,0.33333333,1,0,0
0.42424242,0.34343434,1,0,0
0.42424242,0.35353535,1,1.2576739022431394e-6,0
0.42424242,0.36363636,1,0,0
0.42424242,0.37373737,1,0,0
0.42424242,0.38383838,1,0,0
0.42424242,0.39393939,1,0,0
0.42424242,0.4040404,1,4.2094389307978375e-8,0
0.42424242,0.41414141,1,2.011568005002851e-7,0
0.42424242,0.42424242,1,0,0
0.42424242,0.43434343,1,1.0706195181815433e-7,0
0.42424242,0.44444444,1,0,0
0.42424242,0.45454545,1,1.88366245071728e-9,0
0.42424242,0.46464646,1,0,0
0.42424242,0.47474747,1,0,0
0.42424242,0.48484848,1,0,0
0.42424242,0.49494949,1,1.320856115866168e-8,0
0.42424242,0.50505051,1,3.1607058793511237e-8,0
0.42424242,0.51515152,1,0,0
0.42424242,0.52525253,1,0,0
0.42424242,0.53535354,1,0,0
0.42424242,0.54545455,1,2.629971121224004e-8,0
0.42424242,0.55555556,1,0,0
0.42424242,0.56565657,1,3.902725270341079e-9,0
0.42424242,0.57575758,1,2.950419557584682e-9,0
0.42424242,0.58585859,1,0,0
0.42424242,0.5959596,1,1.9865857592051673e-8,0
0.42424242,0.60606061,1,0,0
0.42424242,0.61616162,1,1.9610908801913305e-8,0
0.42424242,0.62626263,1,0,0
0.42424242,0.63636364,1,1.9517087326688154e-8,0
0.42424242,0.64646465,1,0,0
0.42424242,0.65656566,1,1.955481816789648e-8,0
0.42424242,0.66666667,1,0,0
0.42424242,0.67676768,1,1.9721628656999855e-8,0
0.42424242,0.68686869,1,0,0
0.42424242,0.6969697,1,2.0021684394426362e-8,0
0.42424242,0.70707071,1,0,0
0.42424242,0.71717172,1,2.046324753020488e-8,0
0.42424242,0.72727273,1,0,0
0.42424242,0.73737374,1,2.1058476040425973e-8,0
0.42424242,0.74747475,1,0,0
0.42424242,0.75757576,1,2.1823873901196327e-8,0
0.42424242,0.76767677,1,0,0
0.42424242,0.77777778,1,2.2781049627265213e-8,0
0.42424242,0.78787879,1,0,0
0.42424242,0.7979798,1,2.3957746481408112e-8,0
0.42424242,0.80808081,1,0,0
0.42424242,0.81818182,1,2.5389143383014342e-8,0
0.42424242,0.82828283,1,0,0
0.42424242,0.83838384,1,2.7119355241947745e-8,0
0.42424242,0.84848485,1,0,0
0.42424242,0.85858586,1,2.9203002827492497e-8,0
0.42424242,0.86868687,1,0,0
0.42424242,0.87878788,1,3.170626557278298e-8,0
0.42424242,0.88888889,1,0,0
0.42424242,0.8989899,1,3.4706044786030906e-8,0
0.42424242,0.90909091,1,0,0
0.42424242,0.91919192,1,3.8283443895425625e-8,0
0.42424242,0.92929293,1,0,0
0.42424242,0.93939394,1,4.2501942191623675e-8,0
0.42424242,0.94949495,1,0,0
0.42424242,0.95959596,1,4.7344114431702075e-8,0
0.42424242,0.96969697,1,0,0
0.42424242,0.97979798,1,5.253276832173059e-8,0
0.42424242,0.98989899,1,0,0
0.42424242,1,1,5.7008753191346875e-8,0
0.43434343,0,-1,0,0
0.43434343,0.01010101,-1,1.9479521442602666e-7,0
0.43434343,0.02020202,-1,0,0
0.43434343,0.03030303,1,2.876678026628277e-7,0
0.43434343,0.04040404,1,0,0
0.43434343,0.05050505,1,5.281885774707007e-7,0
0.43434343,0.06060606,1,0,0
0.43434343,0.07070707,1,3.135468331856828e-6,0
0.43434343,0.08080808,1,7.656463532657654e-6,0
0.43434343,0.09090909,1,1.1083665774094696e-5,0
0.43434343,0.1010101,0,0,0
0.43434343,0.11111111,0,0.00114965606472997,0
0.43434343,0.12121212,0,0.00797048787943895,0
0.43434343,0.13131313,0,0.01880454936203296,0
0.43434343,0.14141414,0,0.03805557451902078,0
0.43434343,0.15151515,0,0.05271218442515492,0
0.43434343,0.16161616,0,0.06303254212142924,0
0.43434343,0.17171717,0,0.05911973677713481,0
0.43434343,0.18181818,0,0.04575104864030795,0
0.43434343,0.19191919,0,0.03263764761719538,0
0.43434343,0.2020202,0,0.02125472800003018,0
0.43434343,0.21212121,0,0.01325383811688448,0
0.43434343,0.22222222,0,0.0060237334517424,0
0.43434343,0.23232323,0,0.0021219168197334,0
0.43434343,0.24242424,0,4.4353397046302e-4,0
0.43434343,0.25252525,0,6.5797016499832e-4,0
0.43434343,0.26262626,1,6.6904731148178e-4,0
0.43434343,0.27272727,1,5.0190013428833e-4,0
0.43434343,0.28282828,1,2.4059707032628e-4,0
0.43434343,0.29292929,1,9.531914645882012e-6,0
0.43434343,0.3030303,1,2.6401308078014554e-6,0
0.43434343,0.31313131,1,0,0
0.43434343,0.32323232,1,0,0
0.43434343,0.33333333,1,8.233610705179474e-7,0
0.43434343,0.34343434,1,2.399702912896374e-7,0
0.43434343,0.35353535,1,0,0
0.43434343,0.36363636,1,2.7212850602236217e-7,0
0.43434343,0.37373737,1,1.0321896985887592e-7,0
0.43434343,0.38383838,1,1.2731427882517466e-8,0
0.43434343,0.39393939,1,4.0472252223633375e-8,0
0.43434343,0.4040404,1,0,0
0.43434343,0.41414141,1,0,0
0.43434343,0.42424242,1,4.8407311561904374e-8,0
0.43434343,0.43434343,1,0,0
0.43434343,0.44444444,1,0,0
0.43434343,0.45454545,1,3.979808311677613e-8,0
0.43434343,0.46464646,1,0,0
0.43434343,0.47474747,1,8.433825069052106e-8,0
0.43434343,0.48484848,1,0,0
0.43434343,0.49494949,1,2.8541057311954365e-8,0
0.43434343,0.50505051,1,0,0
0.43434343,0.51515152,1,4.224603334437833e-8,0
0.43434343,0.52525253,1,0,0
0.43434343,0.53535354,1,4.229222170329213e-8,0
0.43434343,0.54545455,1,0,0
0.43434343,0.55555556,1,4.026017969146954e-8,0
0.43434343,0.56565657,1,0,0
0.43434343,0.57575758,1,3.5809860334490296e-8,0
0.43434343,0.58585859,1,0,0
0.43434343,0.5959596,1,1.9649923461485287e-8,0
0.43434343,0.60606061,1,0,0
0.43434343,0.61616162,1,1.9855818064464052e-8,0
0.43434343,0.62626263,1,0,0
0.43434343,0.63636364,1,2.015384769669566e-8,0
0.43434343,0.64646465,1,0,0
0.43434343,0.65656566,1,2.058383179035589e-8,0
0.43434343,0.66666667,1,0,0
0.43434343,0.67676768,1,2.1165692788546447e-8,0
0.43434343,0.68686869,1,0,0
0.43434343,0.6969697,1,2.191999076352564e-8,0
0.43434343,0.70707071,1,0,0
0.43434343,0.71717172,1,2.2872087008698025e-8,0
0.43434343,0.72727273,1,0,0
0.43434343,0.73737374,1,2.405456497988776e-8,0
0.43434343,0.74747475,1,0,0
0.43434343,0.75757576,1,2.5509855370200476e-8,0
0.43434343,0.76767677,1,0,0
0.43434343,0.77777778,1,2.7293683488650545e-8,0
0.43434343,0.78787879,1,0,0
0.43434343,0.7979798,1,2.9479919050293052e-8,0
0.43434343,0.80808081,1,0,0
0.43434343,0.81818182,1,3.2167625236747995e-8,0
0.43434343,0.82828283,1,0,0
0.43434343,0.83838384,1,3.549151667459854e-8,0
0.43434343,0.84848485,1,0,0
0.43434343,0.85858586,1,3.963792640202087e-8,0
0.43434343,0.86868687,1,0,0
0.43434343,0.87878788,1,4.486975199933632e-8,0
0.43434343,0.88888889,1,0,0
0.43434343,0.8989899,1,5.1566727994184054e-8,0
0.43434343,0.90909091,1,0,0
0.43434343,0.91919192,1,6.029260441034408e-8,0
0.43434343,0.92929293,1,0,0
0.43434343,0.93939394,1,7.191191007338358e-8,0
0.43434343,0.94949495,1,0,0
0.43434343,0.95959596,1,8.780254592789926e-8,0
0.43434343,0.96969697,1,0,0
0.43434343,0.97979798,1,1.1026501721739433e-7,0
0.43434343,0.98989899,1,0,0
0.43434343,1,1,1.4336404682470674e-7,0
0.44444444,0,-1,0,0
0.44444444,0.01010101,-1,5.355185002024476e-8,0
0.44444444,0.02020202,-1,0,0
0.44444444,0.03030303,1,7.246549432380345e-8,0
0.44444444,0.04040404,1,0,0
0.44444444,0.05050505,1,4.6546505041078495e-8,0
0.44444444,0.06060606,1,5.846438079061045e-7,0
0.44444444,0.07070707,1,0,0
0.44444444,0.08080808,1,0,0
0.44444444,0.09090909,1,0,0
0.44444444,0.1010101,1,4.705985300097382e-5,0
0.44444444,0.11111111,1,5.2696139934778336e-5,0
0.44444444,0.12121212,0,0.00129025921709398,0
0.44444444,0.13131313,0,0.00225739721487516,0
0.44444444,0.14141414,0,0.00354712348317334,0
0.44444444,0.15151515,0,0.00517341604669472,0
0.44444444,0.16161616,0,0.00685079290895273,0
0.44444444,0.17171717,0,0.00684795237284215,0
0.44444444,0.18181818,0,0.0068664782082576,0
0.44444444,0.19191919,0,0.0055684296492368,0
0.44444444,0.2020202,0,0.00360206686058079,0
0.44444444,0.21212121,0,0.00167691844374091,0
0.44444444,0.22222222,0,8.8137625509127e-4,0
0.44444444,0.23232323,0,0.00150985880741041,0
0.44444444,0.24242424,1,8.8683365288526e-4,0
0.44444444,0.25252525,1,2.301740456465e-4,0
0.44444444,0.26262626,1,1.4405059784252215e-5,0
0.44444444,0.27272727,1,6.077807533043256e-6,0
0.44444444,0.28282828,1,1.947467991016083e-7,0
0.44444444,0.29292929,1,6.870071304746262e-7,0
0.44444444,0.3030303,1,0,0
0.44444444,0.31313131,1,1.7573664572125835e-6,0
0.44444444,0.32323232,1,3.4555235195767866e-7,0
0.44444444,0.33333333,1,0,0
0.44444444,0.34343434,1,0,0
0.44444444,0.35353535,1,6.885655792089551e-7,0
0.44444444,0.36363636,1,0,0
0.44444444,0.37373737,1,0,0
0.44444444,0.38383838,1,0,0
0.44444444,0.39393939,1,3.133109558906e-9,0
0.44444444,0.4040404,1,8.456812837032147e-9,0
0.44444444,0.41414141,1,1.4763735483178665e-7,0
0.44444444,0.42424242,1,0,0
0.44444444,0.43434343,1,6.161147700149973e-8,0
0.44444444,0.44444444,1,0,0
0.44444444,0.45454545,1,0,0
0.44444444,0.46464646,1,2.2656214176892606e-9,0
0.44444444,0.47474747,1,0,0
0.44444444,0.48484848,1,9.57404820175348e-9,0
0.44444444,0.49494949,1,0,0
0.44444444,0.50505051,1,3.9226597448237215e-8,0
0.44444444,0.51515152,1,0,0
0.44444444,0.52525253,1,4.171542205699385e-9,0
0.44444444,0.53535354,1,0,0
0.44444444,0.54545455,1,3.5546338538178935e-8,0
0.44444444,0.55555556,1,0,0
0.44444444,0.56565657,1,1.556127777001537e-8,0
0.44444444,0.57575758,1,0,0
0.44444444,0.58585859,1,0,0
0.44444444,0.5959596,1,5.418357382405182e-9,0
0.44444444,0.60606061,1,0,0
0.44444444,0.61616162,1,5.416024677156253e-9,0
0.44444444,0.62626263,1,0,0
0.44444444,0.63636364,1,5.481918823379119e-9,0
0.44444444,0.64646465,1,0,0
0.44444444,0.65656566,1,5.5923314381875824e-09,0
0.44444444,0.66666667,1,0,0
0.44444444,0.67676768,1,5.746194620748126e-9,0
0.44444444,0.68686869,1,0,0
0.44444444,0.6969697,1,5.947148113875662e-9,0
0.44444444,0.70707071,1,0,0
0.44444444,0.71717172,1,6.201301118493284e-9,0
0.44444444,0.72727273,1,0,0
0.44444444,0.73737374,1,6.517080163100835e-9,0
0.44444444,0.74747475,1,0,0
0.44444444,0.75757576,1,6.905685824130665e-9,0
0.44444444,0.76767677,1,0,0
0.44444444,0.77777778,1,7.381924862396748e-9,0
0.44444444,0.78787879,1,0,0
0.44444444,0.7979798,1,7.965476852144935e-9,0
0.44444444,0.80808081,1,0,0
0.44444444,0.81818182,1,8.682781392964487e-9,0
0.44444444,0.82828283,1,0,0
0.44444444,0.83838384,1,9.569855016112281e-9,0
0.44444444,0.84848485,1,0,0
0.44444444,0.85858586,1,1.0676651816275869e-8,0
0.44444444,0.86868687,1,0,0
0.44444444,0.87878788,1,1.2073905788736584e-8,0
0.44444444,0.88888889,1,0,0
0.44444444,0.8989899,1,1.38643356117912e-8,0
0.44444444,0.90909091,1,0,0
0.44444444,0.91919192,1,1.6201579683481576e-8,0
0.44444444,0.92929293,1,0,0
0.44444444,0.93939394,1,1.9323824368059577e-8,0
0.44444444,0.94949495,1,0,0
0.44444444,0.95959596,1,2.3616765509361463e-8,0
0.44444444,0.96969697,1,0,0
0.44444444,0.97979798,1,2.9739845426124406e-8,0
0.44444444,0.98989899,1,0,0
0.44444444,1,1,3.8902697241504545e-8,0
0.45454545,0,-1,2.6243354329310957e-8,0
0.45454545,0.01010101,-1,0,0
0.45454545,0.02020202,-1,3.334742346229186e-8,0
0.45454545,0.03030303,1,0,0
0.45454545,0.04040404,1,5.1079331564096725e-8,0
0.45454545,0.05050505,1,2.7313670670992002e-08,0
0.45454545,0.06060606,1,0,0
0.45454545,0.07070707,1,9.241758340067464e-7,0
0.45454545,0.08080808,1,7.622842551063514e-6,0
0.45454545,0.09090909,1,6.459139511935064e-6,0
0.45454545,0.1010101,1,0,0
0.45454545,0.11111111,1,0,0
0.45454545,0.12121212,1,9.49677302451164e-6,0
0.45454545,0.13131313,0,2.2987916283309e-4,0
0.45454545,0.14141414,0,6.4660936462405e-4,0
0.45454545,0.15151515,0,0.00134207938605486,0
0.45454545,0.16161616,0,0.00149258685044196,0
0.45454545,0.17171717,0,0.001312018558831,0
0.45454545,0.18181818,0,9.767145447553e-4,0
0.45454545,0.19191919,0,0.00118883182103591,0
0.45454545,0.2020202,0,3.5722796169302e-4,0
0.45454545,0.21212121,1,3.7010065245365e-4,0
0.45454545,0.22222222,1,1.7319051861252e-4,0
0.45454545,0.23232323,1,6.881202380945979e-5,0
0.45454545,0.24242424,1,1.1265142425634168e-5,0
0.45454545,0.25252525,1,2.3295969022001375e-6,0
0.45454545,0.26262626,1,0,0
0.45454545,0.27272727,1,0,0
0.45454545,0.28282828,1,8.278828698678354e-7,0
0.45454545,0.29292929,1,0,0
0.45454545,0.3030303,1,6.07258947003686e-7,0
0.45454545,0.31313131,1,0,0
0.45454545,0.32323232,1,3.626739310931271e-8,0
0.45454545,0.33333333,1,9.705852503998361e-8,0
0.45454545,0.34343434,1,1.907952611361452e-7,0
0.45454545,0.35353535,1,0,0
0.45454545,0.36363636,1,2.146359977174939e-7,0
0.45454545,0.37373737,1,3.884285141726451e-8,0
0.45454545,0.38383838,1,7.26647014452908e-8,0
0.45454545,0.39393939,1,0,0
0.45454545,0.4040404,1,1.9267325701299857e-8,0
0.45454545,0.41414141,1,0,0
0.45454545,0.42424242,1,6.065865597140174e-8,0
0.45454545,0.43434343,1,0,0
0.45454545,0.44444444,1,1.635552970359333e-8,0
0.45454545,0.45454545,1,0,0
0.45454545,0.46464646,1,7.478809843802131e-9,0
0.45454545,0.47474747,1,3.882546984312089e-8,0
0.45454545,0.48484848,1,0,0
0.45454545,0.49494949,1,0,0
0.45454545,0.50505051,1,0,0
0.45454545,0.51515152,1,7.303222205037614e-9,0
0.45454545,0.52525253,1,1.5249157729750867e-9,0
0.45454545,0.53535354,1,9.516881359359125e-9,0
0.45454545,0.54545455,1,0,0
0.45454545,0.55555556,1,8.828388848616461e-9,0
0.45454545,0.56565657,1,0,0
0.45454545,0.57575758,1,6.070983052636203e-9,0
0.45454545,0.58585859,1,8.959542461970099e-9,0
0.45454545,0.5959596,1,0,0
0.45454545,0.60606061,1,7.86400273206419e-9,0
0.45454545,0.61616162,1,0,0
0.45454545,0.62626263,1,7.612444190590326e-9,0
0.45454545,0.63636364,1,0,0
0.45454545,0.64646465,1,7.4441075070953335e-9,0
0.45454545,0.65656566,1,0,0
0.45454545,0.66666667,1,7.343255648254018e-9,0
0.45454545,0.67676768,1,0,0
0.45454545,0.68686869,1,7.304071007929064e-9,0
0.45454545,0.6969697,1,0,0
0.45454545,0.70707071,1,7.324437258781442e-9,0
0.45454545,0.71717172,1,0,0
0.45454545,0.72727273,1,7.4046866825600815e-9,0
0.45454545,0.73737374,1,0,0
0.45454545,0.74747475,1,7.54733054876644e-9,0
0.45454545,0.75757576,1,0,0
0.45454545,0.76767677,1,7.757141267937528e-9,0
0.45454545,0.77777778,1,0,0
0.45454545,0.78787879,1,8.041475732372501e-9,0
0.45454545,0.7979798,1,0,0
0.45454545,0.80808081,1,8.410835677113028e-9,0
0.45454545,0.81818182,1,0,0
0.45454545,0.82828283,1,8.879747717781099e-9,0
0.45454545,0.83838384,1,0,0
0.45454545,0.84848485,1,9.468090581646285e-9,0
0.45454545,0.85858586,1,0,0
0.45454545,0.86868687,1,1.0203102671664609e-8,0
0.45454545,0.87878788,1,0,0
0.45454545,0.88888889,1,1.1122445318772394e-8,0
0.45454545,0.8989899,1,0,0
0.45454545,0.90909091,1,1.2279042368011464e-8,0
0.45454545,0.91919192,1,0,0
0.45454545,0.92929293,1,1.3748901223426024e-8,0
0.45454545,0.93939394,1,0,0
0.45454545,0.94949495,1,1.5644409401259974e-8,0
0.45454545,0.95959596,1,0,0
0.45454545,0.96969697,1,1.8138134466780213e-8,0
0.45454545,0.97979798,1,0,0
0.45454545,0.98989899,1,2.1508951465233897e-8,0
0.45454545,1,1,0,0
0.46464646,0,-1,0,0
0.46464646,0.01010101,-1,6.842839495888476e-9,0
0.46464646,0.02020202,-1,0,0
0.46464646,0.03030303,1,3.3732309911854722e-9,0
0.46464646,0.04040404,1,0,0
0.46464646,0.05050505,1,0,0
0.46464646,0.06060606,1,7.645543969374557e-7,0
0.46464646,0.07070707,1,0,0
0.46464646,0.08080808,1,0,0
0.46464646,0.09090909,1,0,0
0.46464646,0.1010101,1,3.860036270270939e-5,0
0.46464646,0.11111111,1,5.066934898386535e-5,0
0.46464646,0.12121212,1,6.887142786217737e-6,0
0.46464646,0.13131313,1,0,0
0.46464646,0.14141414,1,6.249698870633438e-5,0
0.46464646,0.15151515,1,0,0
0.46464646,0.16161616,1,0,0
0.46464646,0.17171717,1,0,0
0.46464646,0.18181818,1,0,0
0.46464646,0.19191919,1,4.225416096051049e-6,0
0.46464646,0.2020202,1,5.821619111407017e-5,0
0.46464646,0.21212121,1,0,0
0.46464646,0.22222222,1,4.71907345697673e-6,0
0.46464646,0.23232323,1,0,0
0.46464646,0.24242424,1,0,0
0.46464646,0.25252525,1,0,0
0.46464646,0.26262626,1,0,0
0.46464646,0.27272727,1,9.851119602899417e-8,0
0.46464646,0.28282828,1,0,0
0.46464646,0.29292929,1,1.506210583772827e-6,0
0.46464646,0.3030303,1,0,0
0.46464646,0.31313131,1,1.1313581284852603e-6,0
0.46464646,0.32323232,1,0,0
0.46464646,0.33333333,1,0,0
0.46464646,0.34343434,1,0,0
0.46464646,0.35353535,1,5.003067910880788e-7,0
0.46464646,0.36363636,1,0,0
0.46464646,0.37373737,1,0,0
0.46464646,0.38383838,1,0,0
0.46464646,0.39393939,1,1.7427986712892364e-8,0
0.46464646,0.4040404,1,0,0
0.46464646,0.41414141,1,1.235950202572056e-7,0
0.46464646,0.42424242,1,0,0
0.46464646,0.43434343,1,4.3809901982072576e-8,0
0.46464646,0.44444444,1,0,0
0.46464646,0.45454545,1,0,0
0.46464646,0.46464646,1,9.397386580342356e-10,0
0.46464646,0.47474747,1,0,0
0.46464646,0.48484848,1,9.971052798064774e-9,0
0.46464646,0.49494949,1,0,0
0.46464646,0.50505051,1,3.648678501654923e-8,0
0.46464646,0.51515152,1,0,0
0.46464646,0.52525253,1,5.270656030462607e-9,0
0.46464646,0.53535354,1,0,0
0.46464646,0.54545455,1,3.465999071631531e-8,0
0.46464646,0.55555556,1,0,0
0.46464646,0.56565657,1,1.6887680063493172e-8,0
0.46464646,0.57575758,1,0,0
0.46464646,0.58585859,1,0,0
0.46464646,0.5959596,1,1.439461212543198e-9,0
0.46464646,0.60606061,1,0,0
0.46464646,0.61616162,1,1.3591677372644168e-9,0
0.46464646,0.62626263,1,0,0
0.46464646,0.63636364,1,1.3220716816460123e-9,0
0.46464646,0.64646465,1,0,0
0.46464646,0.65656566,1,1.3032976721175786e-9,0
0.46464646,0.66666667,1,0,0
0.46464646,0.67676768,1,1.2977666110973406e-9,0
0.46464646,0.68686869,1,0,0
0.46464646,0.6969697,1,1.303950340237562e-9,0
0.46464646,0.70707071,1,0,0
0.46464646,0.71717172,1,1.3215414362402046e-9,0
0.46464646,0.72727273,1,0,0
0.46464646,0.73737374,1,1.3509116834657923e-9,0
0.46464646,0.74747475,1,0,0
0.46464646,0.75757576,1,1.3929846648154127e-9,0
0.46464646,0.76767677,1,0,0
0.46464646,0.77777778,1,1.4492488181460596e-9,0
0.46464646,0.78787879,1,0,0
0.46464646,0.7979798,1,1.5218532042812586e-9,0
0.46464646,0.80808081,1,0,0
0.46464646,0.81818182,1,1.6138000797890575e-9,0
0.46464646,0.82828283,1,0,0
0.46464646,0.83838384,1,1.7292221287878995e-9,0
0.46464646,0.84848485,1,0,0
0.46464646,0.85858586,1,1.8738466289813967e-9,0
0.46464646,0.86868687,1,0,0
0.46464646,0.87878788,1,2.055681498918608e-9,0
0.46464646,0.88888889,1,0,0
0.46464646,0.8989899,1,2.2861613490151798e-9,0
0.46464646,0.90909091,1,0,0
0.46464646,0.91919192,1,2.5820093257088872e-9,0
0.46464646,0.92929293,1,0,0
0.46464646,0.93939394,1,2.9685294706538464e-9,0
0.46464646,0.94949495,1,0,0
0.46464646,0.95959596,1,3.485678006966575e-9,0
0.46464646,0.96969697,1,0,0
0.46464646,0.97979798,1,4.200260539042027e-9,0
0.46464646,0.98989899,1,0,0
0.46464646,1,1,5.233732118150539e-9,0
0.47474747,0,-1,5.071493239660122e-9,0
0.47474747,0.01010101,-1,0,0
0.47474747,0.02020202,-1,6.8333065005712914e-9,0
0.47474747,0.03030303,1,0,0
0.47474747,0.04040404,1,2.0539318395762508e-8,0
0.47474747,0.05050505,1,6.408909874835445e-8,0
0.47474747,0.06060606,1,0,0
0.47474747,0.07070707,1,1.934233601787128e-7,0
0.47474747,0.08080808,1,6.467244636951364e-6,0
0.47474747,0.09090909,1,5.103810383661767e-6,0
0.47474747,0.1010101,1,0,0
0.47474747,0.11111111,1,0,0
0.47474747,0.12121212,1,0,0
0.47474747,0.13131313,1,1.380891421758861e-5,0
0.47474747,0.14141414,1,0,0
0.47474747,0.15151515,1,4.3094633166219864e-5,0
0.47474747,0.16161616,1,5.170758864187519e-5,0
0.47474747,0.17171717,1,4.3509749550321434e-5,0
0.47474747,0.18181818,1,1.602294451695343e-5,0
0.47474747,0.19191919,1,5.902827127511046e-6,0
0.47474747,0.2020202,1,0,0
0.47474747,0.21212121,1,5.901234106795528e-6,0
0.47474747,0.22222222,1,0,0
0.47474747,0.23232323,1,7.789619727361697e-6,0
0.47474747,0.24242424,1,0,0
0.47474747,0.25252525,1,7.206259450299513e-7,0
0.47474747,0.26262626,1,7.437275695053814e-7,0
0.47474747,0.27272727,1,9.299198032977074e-8,0
0.47474747,0.28282828,1,2.2789832306102658e-7,0
0.47474747,0.29292929,1,0,0
0.47474747,0.3030303,1,3.817395494337461e-7,0
0.47474747,0.31313131,1,0,0
0.47474747,0.32323232,1,2.5970556045677996e-7,0
0.47474747,0.33333333,1,0,0
0.47474747,0.34343434,1,1.194343085245464e-7,0
0.47474747,0.35353535,1,0,0
0.47474747,0.36363636,1,1.428176851849372e-7,0
0.47474747,0.37373737,1,4.9019172768183245e-8,0
0.47474747,0.38383838,1,5.403755025366053e-8,0
0.47474747,0.39393939,1,0,0
0.47474747,0.4040404,1,1.9954630368346217e-8,0
0.47474747,0.41414141,1,0,0
0.47474747,0.42424242,1,3.2357235735602794e-8,0
0.47474747,0.43434343,1,0,0
0.47474747,0.44444444,1,3.999520020467329e-9,0
0.47474747,0.45454545,1,7.811100483444845e-9,0
0.47474747,0.46464646,1,4.813444938534145e-10,0
0.47474747,0.47474747,1,4.0627434994817535e-8,0
0.47474747,0.48484848,1,0,0
0.47474747,0.49494949,1,2.538834263142789e-9,0
0.47474747,0.50505051,1,0,0
0.47474747,0.51515152,1,1.2457020380489968e-8,0
0.47474747,0.52525253,1,0,0
0.47474747,0.53535354,1,1.4851041759680276e-8,0
0.47474747,0.54545455,1,0,0
0.47474747,0.55555556,1,1.4053621123377714e-8,0
0.47474747,0.56565657,1,0,0
0.47474747,0.57575758,1,1.1763944930786924e-8,0
0.47474747,0.58585859,1,1.982335215197249e-9,0
0.47474747,0.5959596,1,0,0
0.47474747,0.60606061,1,1.2322118308039086e-9,0
0.47474747,0.61616162,1,0,0
0.47474747,0.62626263,1,1.1841074701591116e-9,0
0.47474747,0.63636364,1,0,0
0.47474747,0.64646465,1,1.1592609457751567e-9,0
0.47474747,0.65656566,1,0,0
0.47474747,0.66666667,1,1.1478893594722183e-9,0
0.47474747,0.67676768,1,0,0
0.47474747,0.68686869,1,1.147397070089479e-9,0
0.47474747,0.6969697,1,0,0
0.47474747,0.70707071,1,1.1570076555552941e-9,0
0.47474747,0.71717172,1,0,0
0.47474747,0.72727273,1,1.176726442210811e-9,0
0.47474747,0.73737374,1,0,0
0.47474747,0.74747475,1,1.207081997434871e-9,0
0.47474747,0.75757576,1,0,0
0.47474747,0.76767677,1,1.2490759319601536e-9,0
0.47474747,0.77777778,1,0,0
0.47474747,0.78787879,1,1.304235433649374e-9,0
0.47474747,0.7979798,1,0,0
0.47474747,0.80808081,1,1.374721271866792e-9,0
0.47474747,0.81818182,1,0,0
0.47474747,0.82828283,1,1.4635214079089348e-9,0
0.47474747,0.83838384,1,0,0
0.47474747,0.84848485,1,1.5747483498133875e-9,0
0.47474747,0.85858586,1,0,0
0.47474747,0.86868687,1,1.7141153555253612e-9,0
0.47474747,0.87878788,1,0,0
0.47474747,0.88888889,1,1.8896540792489803e-9,0
0.47474747,0.8989899,1,0,0
0.47474747,0.90909091,1,2.112914008587686e-9,0
0.47474747,0.91919192,1,0,0
0.47474747,0.92929293,1,2.400966226404934e-9,0
0.47474747,0.93939394,1,0,0
0.47474747,0.94949495,1,2.779986018409432e-9,0
0.47474747,0.95959596,1,0,0
0.47474747,0.96969697,1,3.292077673863747e-9,0
0.47474747,0.97979798,1,0,0
0.47474747,0.98989899,1,4.009661869678119e-9,0
0.47474747,1,1,0,0
0.48484848,0,-1,0,0
0.48484848,0.01010101,-1,4.911962802571501e-9,0
0.48484848,0.02020202,-1,0,0
0.48484848,0.03030303,-1,9.956180158629536e-10,0
0.48484848,0.04040404,1,0,0
0.48484848,0.05050505,1,0,0
0.48484848,0.06060606,1,7.860033816541545e-7,0
0.48484848,0.07070707,1,7.944474018586336e-8,0
0.48484848,0.08080808,1,0,0
0.48484848,0.09090909,1,0,0
0.48484848,0.1010101,1,3.328005308831053e-5,0
0.48484848,0.11111111,1,5.1953956567376736e-5,0
0.48484848,0.12121212,1,1.4090977745581768e-5,0
0.48484848,0.13131313,1,0,0
0.48484848,0.14141414,1,2.891773264764197e-5,0
0.48484848,0.15151515,1,0,0
0.48484848,0.16161616,1,0,0
0.48484848,0.17171717,1,0,0
0.48484848,0.18181818,1,0,0
0.48484848,0.19191919,1,0,0
0.48484848,0.2020202,1,3.57957208737389e-5,0
0.48484848,0.21212121,1,0,0
0.48484848,0.22222222,1,1.587141544723636e-6,0
0.48484848,0.23232323,1,0,0
0.48484848,0.24242424,1,1.7633762590776315e-6,0
0.48484848,0.25252525,1,0,0
0.48484848,0.26262626,1,0,0
0.48484848,0.27272727,1,0,0
0.48484848,0.28282828,1,0,0
0.48484848,0.29292929,1,1.2053413723620565e-6,0
0.48484848,0.3030303,1,0,0
0.48484848,0.31313131,1,8.609702145314203e-7,0
0.48484848,0.32323232,1,0,0
0.48484848,0.33333333,1,6.862634969735384e-8,0
0.48484848,0.34343434,1,0,0
0.48484848,0.35353535,1,3.9724111282168907e-7,0
0.48484848,0.36363636,1,0,0
0.48484848,0.37373737,1,0,0
0.48484848,0.38383838,1,0,0
0.48484848,0.39393939,1,2.3367253421113793e-8,0
0.48484848,0.4040404,1,0,0
0.48484848,0.41414141,1,1.077699498078122e-7,0
0.48484848,0.42424242,1,0,0
0.48484848,0.43434343,1,3.4221866696482195e-8,0
0.48484848,0.44444444,1,0,0
0.48484848,0.45454545,1,0,0
0.48484848,0.46464646,1,0,0
0.48484848,0.47474747,1,0,0
0.48484848,0.48484848,1,8.100629682037059e-9,0
0.48484848,0.49494949,1,0,0
0.48484848,0.50505051,1,3.214675771900828e-8,0
0.48484848,0.51515152,1,0,0
0.48484848,0.52525253,1,3.71516148894753e-9,0
0.48484848,0.53535354,1,0,0
0.48484848,0.54545455,1,3.137493847086836e-8,0
0.48484848,0.55555556,1,0,0
0.48484848,0.56565657,1,1.5235450343639412e-8,0
0.48484848,0.57575758,1,0,0
0.48484848,0.58585859,1,0,0
0.48484848,0.5959596,1,1.1114836834056046e-9,0
0.48484848,0.60606061,1,0,0
0.48484848,0.61616162,1,1.0435491833449447e-9,0
0.48484848,0.62626263,1,0,0
0.48484848,0.63636364,1,1.01277156124408e-9,0
0.48484848,0.64646465,1,0,0
0.48484848,0.65656566,1,9.96886522119716e-10,0
0.48484848,0.66666667,1,0,0
0.48484848,0.67676768,1,9.913881787764615e-10,0
0.48484848,0.68686869,1,0,0
0.48484848,0.6969697,1,9.949020066690911e-10,0
0.48484848,0.70707071,1,0,0
0.48484848,0.71717172,1,1.0070884120418414e-9,0
0.48484848,0.72727273,1,0,0
0.48484848,0.73737374,1,1.0281535772468495e-9,0
0.48484848,0.74747475,1,0,0
0.48484848,0.75757576,1,1.0587310730039191e-9,0
0.48484848,0.76767677,1,0,0
0.48484848,0.77777778,1,1.0998720697471662e-9,0
0.48484848,0.78787879,1,0,0
0.48484848,0.7979798,1,1.153109510310807e-9,0
0.48484848,0.80808081,1,0,0
0.48484848,0.81818182,1,1.2205899711031747e-9,0
0.48484848,0.82828283,1,0,0
0.48484848,0.83838384,1,1.305263943532711e-9,0
0.48484848,0.84848485,1,0,0
0.48484848,0.85858586,1,1.4112087609892584e-9,0
0.48484848,0.86868687,1,0,0
0.48484848,0.87878788,1,1.5440923234988704e-9,0
0.48484848,0.88888889,1,0,0
0.48484848,0.8989899,1,1.711956399126982e-9,0
0.48484848,0.90909091,1,0,0
0.48484848,0.91919192,1,1.926462922136052e-9,0
0.48484848,0.92929293,1,0,0
0.48484848,0.93939394,1,2.20507633918246e-9,0
0.48484848,0.94949495,1,0,0
0.48484848,0.95959596,1,2.5750375831757807e-9,0
0.48484848,0.96969697,1,0,0
0.48484848,0.97979798,1,3.081223949646245e-9,0
0.48484848,0.98989899,1,0,0
0.48484848,1,1,3.803950040337858e-9,0
0.49494949,0,-1,3.673875881063729e-9,0
0.49494949,0.01010101,-1,0,0
0.49494949,0.02020202,-1,4.903092774719703e-9,0
0.49494949,0.03030303,-1,0,0
0.49494949,0.04040404,1,2.0717674541859132e-8,0
0.49494949,0.05050505,1,6.631520878244148e-8,0
0.49494949,0.06060606,1,0,0
0.49494949,0.07070707,1,0,0
0.49494949,0.08080808,1,5.578661537947483e-6,0
0.49494949,0.09090909,1,4.182917300931877e-6,0
0.49494949,0.1010101,1,0,0
0.49494949,0.11111111,1,0,0
0.49494949,0.12121212,1,0,0
0.49494949,0.13131313,1,1.0283356518266374e-5,0
0.49494949,0.14141414,1,0,0
0.49494949,0.15151515,1,4.128707117988597e-5,0
0.49494949,0.16161616,1,4.077539318022901e-5,0
0.49494949,0.17171717,1,3.27533604920518e-5,0
0.49494949,0.18181818,1,8.388608470659164e-6,0
0.49494949,0.19191919,1,6.620636389061474e-6,0
0.49494949,0.2020202,1,0,0
0.49494949,0.21212121,1,6.068385042260616e-6,0
0.49494949,0.22222222,1,0,0
0.49494949,0.23232323,1,4.0684027573547616e-6,0
0.49494949,0.24242424,1,0,0
0.49494949,0.25252525,1,5.040385729842001e-7,0
0.49494949,0.26262626,1,7.835303048267406e-7,0
0.49494949,0.27272727,1,1.5693219679349116e-7,0
0.49494949,0.28282828,1,0,0
0.49494949,0.29292929,1,0,0
0.49494949,0.3030303,1,2.72130536909998e-7,0
0.49494949,0.31313131,1,0,0
0.49494949,0.32323232,1,3.491693524587447e-7,0
0.49494949,0.33333333,1,0,0
0.49494949,0.34343434,1,8.942914954310766e-8,0
0.49494949,0.35353535,1,0,0
0.49494949,0.36363636,1,1.152894672218352e-7,0
0.49494949,0.37373737,1,4.2233343871700425e-8,0
0.49494949,0.38383838,1,5.0268528714436656e-8,0
0.49494949,0.39393939,1,0,0
0.49494949,0.4040404,1,2.7752553992022035e-8,0
0.49494949,0.41414141,1,0,0
0.49494949,0.42424242,1,2.2982806794402677e-8,0
0.49494949,0.43434343,1,0,0
0.49494949,0.44444444,1,3.1274512807177334e-9,0
0.49494949,0.45454545,1,6.368116309467741e-9,0
0.49494949,0.46464646,1,2.4197376292667707e-9,0
0.49494949,0.47474747,1,3.512110198854268e-8,0
0.49494949,0.48484848,1,0,0
0.49494949,0.49494949,1,1.816346341452493e-9,0
0.49494949,0.50505051,1,0,0
0.49494949,0.51515152,1,1.0316543562492924e-8,0
0.49494949,0.52525253,1,0,0
0.49494949,0.53535354,1,1.3229018453353449e-8,0
0.49494949,0.54545455,1,0,0
0.49494949,0.55555556,1,1.2651158444364945e-8,0
0.49494949,0.56565657,1,0,0
0.49494949,0.57575758,1,1.0987016694033632e-8,0
0.49494949,0.58585859,1,1.6141226249832134e-9,0
0.49494949,0.5959596,1,0,0
0.49494949,0.60606061,1,9.360463333594072e-10,0
0.49494949,0.61616162,1,0,0
0.49494949,0.62626263,1,8.96348746908188e-10,0
0.49494949,0.63636364,1,0,0
0.49494949,0.64646465,1,8.760985841418933e-10,0
0.49494949,0.65656566,1,0,0
0.49494949,0.66666667,1,8.665402007733673e-10,0
0.49494949,0.67676768,1,0,0
0.49494949,0.68686869,1,8.65366875277447e-10,0
0.49494949,0.6969697,1,0,0
0.49494949,0.70707071,1,8.71856010307894e-10,0
0.49494949,0.71717172,1,0,0
0.49494949,0.72727273,1,8.859413119058443e-10,0
0.49494949,0.73737374,1,0,0
0.49494949,0.74747475,1,9.07969522754475e-10,0
0.49494949,0.75757576,1,0,0
0.49494949,0.76767677,1,9.386408125094167e-10,0
0.49494949,0.77777778,1,0,0
0.49494949,0.78787879,1,9.790465067818863e-10,0
0.49494949,0.7979798,1,0,0
0.49494949,0.80808081,1,1.03073888877629e-9,0
0.49494949,0.81818182,1,0,0
0.49494949,0.82828283,1,1.0958661583202864e-9,0
0.49494949,0.83838384,1,0,0
0.49494949,0.84848485,1,1.177375555078391e-9,0
0.49494949,0.85858586,1,0,0
0.49494949,0.86868687,1,1.2793518498270888e-9,0
0.49494949,0.87878788,1,0,0
0.49494949,0.88888889,1,1.4075086193763611e-9,0
0.49494949,0.8989899,1,0,0
0.49494949,0.90909091,1,1.5700084461423532e-9,0
0.49494949,0.91919192,1,0,0
0.49494949,0.92929293,1,1.778830780626607e-9,0
0.49494949,0.93939394,1,0,0
0.49494949,0.94949495,1,2.052175665010446e-9,0
0.49494949,0.95959596,1,0,0
0.49494949,0.96969697,1,2.4189913548258724e-9,0
0.49494949,0.97979798,1,0,0
0.49494949,0.98989899,1,2.9284506048169593e-9,0
0.49494949,1,1,0,0
0.50505051,0,-1,0,0
0.50505051,0.01010101,-1,3.622591807891581e-9,0
0.50505051,0.02020202,-1,0,0
0.50505051,0.03030303,-1,0,0
0.50505051,0.04040404,1,0,0
0.50505051,0.05050505,1,0,0
0.50505051,0.06060606,1,8.009506695088931e-7,0
0.50505051,0.07070707,1,4.815540753952519e-7,0
0.50505051,0.08080808,1,0,0
0.50505051,0.09090909,1,0,0
0.50505051,0.1010101,1,2.9736776181289317e-5,0
0.50505051,0.11111111,1,5.034519634264143e-5,0
0.50505051,0.12121212,1,1.6030479080291118e-5,0
0.50505051,0.13131313,1,0,0
0.50505051,0.14141414,1,1.742313989561808e-5,0
0.50505051,0.15151515,1,0,0
0.50505051,0.16161616,1,0,0
0.50505051,0.17171717,1,0,0
0.50505051,0.18181818,1,0,0
0.50505051,0.19191919,1,0,0
0.50505051,0.2020202,1,2.6234305419029622e-5,0
0.50505051,0.21212121,1,0,0
0.50505051,0.22222222,1,9.799235275522734e-7,0
0.50505051,0.23232323,1,0,0
0.50505051,0.24242424,1,1.658999625215074e-6,0
0.50505051,0.25252525,1,0,0
0.50505051,0.26262626,1,0,0
0.50505051,0.27272727,1,0,0
0.50505051,0.28282828,1,1.065532487046994e-7,0
0.50505051,0.29292929,1,9.319813520349386e-7,0
0.50505051,0.3030303,1,0,0
0.50505051,0.31313131,1,7.041960446937168e-7,0
0.50505051,0.32323232,1,0,0
0.50505051,0.33333333,1,9.80205190343142e-8,0
0.50505051,0.34343434,1,0,0
0.50505051,0.35353535,1,3.311768287554973e-7,0
0.50505051,0.36363636,1,0,0
0.50505051,0.37373737,1,0,0
0.50505051,0.38383838,1,0,0
0.50505051,0.39393939,1,2.5582473602914213e-8,0
0.50505051,0.4040404,1,0,0
0.50505051,0.41414141,1,9.594063337523553e-8,0
0.50505051,0.42424242,1,0,0
0.50505051,0.43434343,1,2.7894667302530432e-8,0
0.50505051,0.44444444,1,0,0
0.50505051,0.45454545,1,0,0
0.50505051,0.46464646,1,0,0
0.50505051,0.47474747,1,0,0
0.50505051,0.48484848,1,6.733837270853083e-9,0
0.50505051,0.49494949,1,0,0
0.50505051,0.50505051,1,2.8881867777724725e-8,0
0.50505051,0.51515152,1,0,0
0.50505051,0.52525253,1,2.5597522071124644e-9,0
0.50505051,0.53535354,1,0,0
0.50505051,0.54545455,1,2.87922389256734e-8,0
0.50505051,0.55555556,1,0,0
0.50505051,0.56565657,1,1.391488767277238e-8,0
0.50505051,0.57575758,1,0,0
0.50505051,0.58585859,1,0,0
0.50505051,0.5959596,1,8.64053847249302e-10,0
0.50505051,0.60606061,1,0,0
0.50505051,0.61616162,1,8.060249979902067e-10,0
0.50505051,0.62626263,1,0,0
0.50505051,0.63636364,1,7.804983199077852e-10,0
0.50505051,0.64646465,1,0,0
0.50505051,0.65656566,1,7.672777239786655e-10,0
0.50505051,0.66666667,1,0,0
0.50505051,0.67676768,1,7.623184085980838e-10,0
0.50505051,0.68686869,1,0,0
0.50505051,0.6969697,1,7.643818522029554e-10,0
0.50505051,0.70707071,1,0,0
0.50505051,0.71717172,1,7.731225095286564e-10,0
0.50505051,0.72727273,1,0,0
0.50505051,0.73737374,1,7.886464145456794e-10,0
0.50505051,0.74747475,1,0,0
0.50505051,0.75757576,1,8.113973282930509e-10,0
0.50505051,0.76767677,1,0,0
0.50505051,0.77777778,1,8.421395587876467e-10,0
0.50505051,0.78787879,1,0,0
0.50505051,0.7979798,1,8.819975782392575e-10,0
0.50505051,0.80808081,1,0,0
0.50505051,0.81818182,1,9.325486877043155e-10,0
0.50505051,0.82828283,1,0,0
0.50505051,0.83838384,1,9.959590427571772e-10,0
0.50505051,0.84848485,1,0,0
0.50505051,0.85858586,1,1.075216944679269e-9,0
0.50505051,0.86868687,1,0,0
0.50505051,0.87878788,1,1.1744577888661566e-9,0
0.50505051,0.88888889,1,0,0
0.50505051,0.8989899,1,1.299519761471801e-9,0
0.50505051,0.90909091,1,0,0
0.50505051,0.91919192,1,1.4588174913954255e-9,0
0.50505051,0.92929293,1,0,0
0.50505051,0.93939394,1,1.6648541992736467e-9,0
0.50505051,0.94949495,1,0,0
0.50505051,0.95959596,1,1.9369421143805573e-9,0
0.50505051,0.96969697,1,0,0
0.50505051,0.97979798,1,2.3065425065388335e-9,0
0.50505051,0.98989899,1,0,0
0.50505051,1,1,2.829338903224954e-9,0
0.51515152,0,-1,2.7788635654107855e-9,0
0.51515152,0.01010101,-1,0,0
0.51515152,0.02020202,-1,3.680114708116662e-9,0
0.51515152,0.03030303,-1,9.543097657840461e-10,0
0.51515152,0.04040404,1,2.1241515763092968e-8,0
0.51515152,0.05050505,1,6.871987470091767e-8,0
0.51515152,0.06060606,1,0,0
0.51515152,0.07070707,1,0,0
0.51515152,0.08080808,1,4.864465965147247e-6,0
0.51515152,0.09090909,1,3.5299854220284035e-6,0
0.51515152,0.1010101,1,0,0
0.51515152,0.11111111,1,0,0
0.51515152,0.12121212,1,0,0
0.51515152,0.13131313,1,7.312523986547604e-6,0
0.51515152,0.14141414,1,0,0
0.51515152,0.15151515,1,3.7136769048538554e-5,0
0.51515152,0.16161616,1,3.202003476462778e-5,0
0.51515152,0.17171717,1,2.4807016785325688e-5,0
0.51515152,0.18181818,1,4.186480824682804e-6,0
0.51515152,0.19191919,1,5.642995021435127e-6,0
0.51515152,0.2020202,1,0,0
0.51515152,0.21212121,1,5.064361447853116e-6,0
0.51515152,0.22222222,1,0,0
0.51515152,0.23232323,1,2.6499760807951133e-6,0
0.51515152,0.24242424,1,0,0
0.51515152,0.25252525,1,3.435204315394458e-7,0
0.51515152,0.26262626,1,7.056696838645849e-7,0
0.51515152,0.27272727,1,1.4129788828256552e-7,0
0.51515152,0.28282828,1,0,0
0.51515152,0.29292929,1,0,0
0.51515152,0.3030303,1,1.9732495403133045e-7,0
0.51515152,0.31313131,1,0,0
0.51515152,0.32323232,1,3.814753566889096e-7,0
0.51515152,0.33333333,1,0,0
0.51515152,0.34343434,1,6.731787755072106e-8,0
0.51515152,0.35353535,1,0,0
0.51515152,0.36363636,1,9.821110324388373e-8,0
0.51515152,0.37373737,1,3.7188143465627376e-8,0
0.51515152,0.38383838,1,4.6173611552724486e-8,0
0.51515152,0.39393939,1,0,0
0.51515152,0.4040404,1,3.17477643395292e-8,0
0.51515152,0.41414141,1,0,0
0.51515152,0.42424242,1,1.685798261829019e-8,0
0.51515152,0.43434343,1,0,0
0.51515152,0.44444444,1,2.4341090431748667e-9,0
0.51515152,0.45454545,1,5.418738017130486e-9,0
0.51515152,0.46464646,1,3.721619314420307e-9,0
0.51515152,0.47474747,1,3.107762706009746e-8,0
0.51515152,0.48484848,1,0,0
0.51515152,0.49494949,1,1.2465151277969231e-9,0
0.51515152,0.50505051,1,0,0
0.51515152,0.51515152,1,8.647190998944954e-9,0
0.51515152,0.52525253,1,0,0
0.51515152,0.53535354,1,1.194006279121946e-8,0
0.51515152,0.54545455,1,0,0
0.51515152,0.55555556,1,1.1503069839958938e-8,0
0.51515152,0.56565657,1,0,0
0.51515152,0.57575758,1,1.032286455398989e-8,0
0.51515152,0.58585859,1,1.3602381299373295e-9,0
0.51515152,0.5959596,1,0,0
0.51515152,0.60606061,1,7.38643422205931e-10,0
0.51515152,0.61616162,1,0,0
0.51515152,0.62626263,1,7.04852345420723e-10,0
0.51515152,0.63636364,1,0,0
0.51515152,0.64646465,1,6.878215313545947e-10,0
0.51515152,0.65656566,1,0,0
0.51515152,0.66666667,1,6.795921029861189e-10,0
0.51515152,0.67676768,1,0,0
0.51515152,0.68686869,1,6.78082888885378e-10,0
0.51515152,0.6969697,1,0,0
0.51515152,0.70707071,1,6.826211399483889e-10,0
0.51515152,0.71717172,1,0,0
0.51515152,0.72727273,1,6.931001880041646e-10,0
0.51515152,0.73737374,1,0,0
0.51515152,0.74747475,1,7.097518873271893e-10,0
0.51515152,0.75757576,1,0,0
0.51515152,0.76767677,1,7.330883612566198e-10,0
0.51515152,0.77777778,1,0,0
0.51515152,0.78787879,1,7.639233469356952e-10,0
0.51515152,0.7979798,1,0,0
0.51515152,0.80808081,1,8.034200291926786e-10,0
0.51515152,0.81818182,1,0,0
0.51515152,0.82828283,1,8.531905838569508e-10,0
0.51515152,0.83838384,1,0,0
0.51515152,0.84848485,1,9.154401926267807e-10,0
0.51515152,0.85858586,1,0,0
0.51515152,0.86868687,1,9.932188864332851e-10,0
0.51515152,0.87878788,1,0,0
0.51515152,0.88888889,1,1.0907757510225658e-9,0
0.51515152,0.8989899,1,0,0
0.51515152,0.90909091,1,1.214143602250024e-9,0
0.51515152,0.91919192,1,0,0
0.51515152,0.92929293,1,1.3721180738422452e-9,0
0.51515152,0.93939394,1,0,0
0.51515152,0.94949495,1,1.5779482551373044e-9,0
0.51515152,0.95959596,1,0,0
0.51515152,0.96969697,1,1.852492273225542e-9,0
0.51515152,0.97979798,1,0,0
0.51515152,0.98989899,1,2.230781203895523e-9,0
0.51515152,1,1,0,0
0.52525253,0,-1,0,0
0.52525253,0.01010101,-1,2.778925016525685e-9,0
0.52525253,0.02020202,-1,0,0
0.52525253,0.03030303,-1,0,0
0.52525253,0.04040404,1,0,0
0.52525253,0.05050505,1,0,0
0.52525253,0.06060606,1,8.126278213808292e-7,0
0.52525253,0.07070707,1,7.595184741148842e-7,0
0.52525253,0.08080808,1,0,0
0.52525253,0.09090909,1,0,0
0.52525253,0.1010101,1,2.7126241239966477e-5,0
0.52525253,0.11111111,1,4.804074607636722e-5,0
0.52525253,0.12121212,1,1.6279395846140688e-5,0
0.52525253,0.13131313,1,0,0
0.52525253,0.14141414,1,1.1477148690391915e-5,0
0.52525253,0.15151515,1,0,0
0.52525253,0.16161616,1,0,0
0.52525253,0.17171717,1,0,0
0.52525253,0.18181818,1,0,0
0.52525253,0.19191919,1,0,0
0.52525253,0.2020202,1,2.0587907221488425e-5,0
0.52525253,0.21212121,1,0,0
0.52525253,0.22222222,1,6.918198919265705e-7,0
0.52525253,0.23232323,1,0,0
0.52525253,0.24242424,1,1.4305012958402586e-6,0
0.52525253,0.25252525,1,0,0
0.52525253,0.26262626,1,0,0
0.52525253,0.27272727,1,0,0
0.52525253,0.28282828,1,1.9000021781891977e-7,0
0.52525253,0.29292929,1,7.312273060676944e-7,0
0.52525253,0.3030303,1,0,0
0.52525253,0.31313131,1,6.005506822134521e-7,0
0.52525253,0.32323232,1,0,0
0.52525253,0.33333333,1,1.0594694675845064e-7,0
0.52525253,0.34343434,1,0,0
0.52525253,0.35353535,1,2.850318951942654e-7,0
0.52525253,0.36363636,1,0,0
0.52525253,0.37373737,1,0,0
0.52525253,0.38383838,1,0,0
0.52525253,0.39393939,1,2.6215676505758625e-8,0
0.52525253,0.4040404,1,0,0
0.52525253,0.41414141,1,8.689257429623787e-8,0
0.52525253,0.42424242,1,0,0
0.52525253,0.43434343,1,2.357441635402191e-8,0
0.52525253,0.44444444,1,0,0
0.52525253,0.45454545,1,0,0
0.52525253,0.46464646,1,0,0
0.52525253,0.47474747,1,0,0
0.52525253,0.48484848,1,5.6718149675898295e-9,0
0.52525253,0.49494949,1,0,0
0.52525253,0.50505051,1,2.6354195178485143e-8,0
0.52525253,0.51515152,1,0,0
0.52525253,0.52525253,1,1.645377651233841e-9,0
0.52525253,0.53535354,1,0,0
0.52525253,0.54545455,1,2.6721655388362977e-8,0
0.52525253,0.55555556,1,0,0
0.52525253,0.56565657,1,1.2826950218108177e-8,0
0.52525253,0.57575758,1,0,0
0.52525253,0.58585859,1,0,0
0.52525253,0.5959596,1,6.966896951592604e-10,0
0.52525253,0.60606061,1,0,0
0.52525253,0.61616162,1,6.457822120140705e-10,0
0.52525253,0.62626263,1,0,0
0.52525253,0.63636364,1,6.239406764452746e-10,0
0.52525253,0.64646465,1,0,0
0.52525253,0.65656566,1,6.125963907004616e-10,0
0.52525253,0.66666667,1,0,0
0.52525253,0.67676768,1,6.080623619195666e-10,0
0.52525253,0.68686869,1,0,0
0.52525253,0.6969697,1,6.092064724781167e-10,0
0.52525253,0.70707071,1,0,0
0.52525253,0.71717172,1,6.156864573374048e-10,0
0.52525253,0.72727273,1,0,0
0.52525253,0.73737374,1,6.275483747082353e-10,0
0.52525253,0.74747475,1,0,0
0.52525253,0.75757576,1,6.45113453479583e-10,0
0.52525253,0.76767677,1,0,0
0.52525253,0.77777778,1,6.68957081175793e-10,0
0.52525253,0.78787879,1,0,0
0.52525253,0.7979798,1,6.999347246045006e-10,0
0.52525253,0.80808081,1,0,0
0.52525253,0.81818182,1,7.392501742344015e-10,0
0.52525253,0.82828283,1,0,0
0.52525253,0.83838384,1,7.88556091527691e-10,0
0.52525253,0.84848485,1,0,0
0.52525253,0.85858586,1,8.501275530835294e-10,0
0.52525253,0.86868687,1,0,0
0.52525253,0.87878788,1,9.271006203554963e-10,0
0.52525253,0.88888889,1,0,0
0.52525253,0.8989899,1,1.0238839126574735e-9,0
0.52525253,0.90909091,1,0,0
0.52525253,0.91919192,1,1.146790038696402e-9,0
0.52525253,0.92929293,1,0,0
0.52525253,0.93939394,1,1.3051267306437435e-9,0
0.52525253,0.94949495,1,0,0
0.52525253,0.95959596,1,1.5131367343580727e-9,0
0.52525253,0.96969697,1,0,0
0.52525253,0.97979798,1,1.793772191625506e-9,0
0.52525253,0.98989899,1,0,0
0.52525253,1,1,2.1872577327282375e-9,0
0.53535354,0,-1,2.174565722794924e-9,0
0.53535354,0.01010101,-1,0,0
0.53535354,0.02020202,-1,2.8601751219173303e-9,0
0.53535354,0.03030303,-1,1.6479027210275502e-9,0
0.53535354,0.04040404,1,2.1906155372327947e-8,0
0.53535354,0.05050505,1,7.143701576524108e-8,0
0.53535354,0.06060606,1,0,0
0.53535354,0.07070707,1,0,0
0.53535354,0.08080808,1,4.288652970717521e-6,0
0.53535354,0.09090909,1,3.043540463113459e-6,0
0.53535354,0.1010101,1,0,0
0.53535354,0.11111111,1,0,0
0.53535354,0.12121212,1,0,0
0.53535354,0.13131313,1,5.147017603303539e-6,0
0.53535354,0.14141414,1,0,0
0.53535354,0.15151515,1,3.3340856556606015e-5,0
0.53535354,0.16161616,1,2.584393087345234e-5,0
0.53535354,0.17171717,1,1.9444216307419993e-5,0
0.53535354,0.18181818,1,1.8003500081249514e-6,0
0.53535354,0.19191919,1,4.694154029493802e-6,0
0.53535354,0.2020202,1,0,0
0.53535354,0.21212121,1,4.161183618634823e-6,0
0.53535354,0.22222222,1,0,0
0.53535354,0.23232323,1,1.935474180436358e-6,0
0.53535354,0.24242424,1,0,0
0.53535354,0.25252525,1,2.291421035806707e-7,0
0.53535354,0.26262626,1,6.264100782118476e-7,0
0.53535354,0.27272727,1,1.1790087270355798e-7,0
0.53535354,0.28282828,1,0,0
0.53535354,0.29292929,1,0,0
0.53535354,0.3030303,1,1.452754553554314e-7,0
0.53535354,0.31313131,1,0,0
0.53535354,0.32323232,1,3.9065166238856373e-07,0
0.53535354,0.33333333,1,0,0
0.53535354,0.34343434,1,5.0612527974891475e-8,0
0.53535354,0.35353535,1,0,0
0.53535354,0.36363636,1,8.67551668623179e-8,0
0.53535354,0.37373737,1,3.3371286403749425e-8,0
0.53535354,0.38383838,1,4.2469327784910866e-8,0
0.53535354,0.39393939,1,0,0
0.53535354,0.4040404,1,3.3819162068926544e-8,0
0.53535354,0.41414141,1,0,0
0.53535354,0.42424242,1,1.2631013698655158e-8,0
0.53535354,0.43434343,1,0,0
0.53535354,0.44444444,1,1.885606500499383e-9,0
0.53535354,0.45454545,1,4.7653657023780805e-9,0
0.53535354,0.46464646,1,4.647704918242859e-9,0
0.53535354,0.47474747,1,2.8044673714833907e-8,0
0.53535354,0.48484848,1,0,0
0.53535354,0.49494949,1,7.888268989009183e-10,0
0.53535354,0.50505051,1,0,0
0.53535354,0.51515152,1,7.320942777489653e-9,0
0.53535354,0.52525253,1,0,0
0.53535354,0.53535354,1,1.0910523332401198e-8,0
0.53535354,0.54545455,1,0,0
0.53535354,0.55555556,1,1.0562988654968294e-8,0
0.53535354,0.56565657,1,0,0
0.53535354,0.57575758,1,9.767009386238857e-9,0
0.53535354,0.58585859,1,1.1792510046074003e-9,0
0.53535354,0.5959596,1,0,0
0.53535354,0.60606061,1,6.023230863390002e-10,0
0.53535354,0.61616162,1,0,0
0.53535354,0.62626263,1,5.727822159742706e-10,0
0.53535354,0.63636364,1,0,0
0.53535354,0.64646465,1,5.580444676440455e-10,0
0.53535354,0.65656566,1,0,0
0.53535354,0.66666667,1,5.507786977086011e-10,0
0.53535354,0.67676768,1,0,0
0.53535354,0.68686869,1,5.49078251674013e-10,0
0.53535354,0.6969697,1,0,0
0.53535354,0.70707071,1,5.523101948417055e-10,0
0.53535354,0.71717172,1,0,0
0.53535354,0.72727273,1,5.603453315378148e-10,0
0.53535354,0.73737374,1,0,0
0.53535354,0.74747475,1,5.733406551338554e-10,0
0.53535354,0.75757576,1,0,0
0.53535354,0.76767677,1,5.916819231234841e-10,0
0.53535354,0.77777778,1,0,0
0.53535354,0.78787879,1,6.159950808375113e-10,0
0.53535354,0.7979798,1,0,0
0.53535354,0.80808081,1,6.471812788488503e-10,0
0.53535354,0.81818182,1,0,0
0.53535354,0.82828283,1,6.864902898005149e-10,0
0.53535354,0.83838384,1,0,0
0.53535354,0.84848485,1,7.356275313437009e-10,0
0.53535354,0.85858586,1,0,0
0.53535354,0.86868687,1,7.96948573308573e-10,0
0.53535354,0.87878788,1,0,0
0.53535354,0.88888889,1,8.737202570437834e-10,0
0.53535354,0.8989899,1,0,0
0.53535354,0.90909091,1,9.705529959696394e-10,0
0.53535354,0.91919192,1,0,0
0.53535354,0.92929293,1,1.0941222899546463e-9,0
0.53535354,0.93939394,1,0,0
0.53535354,0.94949495,1,1.2543988146096472e-9,0
0.53535354,0.95959596,1,0,0
0.53535354,0.96969697,1,1.4669173566052294e-9,0
0.53535354,0.97979798,1,0,0
0.53535354,0.98989899,1,1.757486272617459e-9,0
0.53535354,1,1,0,0
0.54545455,0,-1,0,0
0.54545455,0.01010101,-1,2.1968341820277627e-9,0
0.54545455,0.02020202,-1,0,0
0.54545455,0.03030303,-1,0,0
0.54545455,0.04040404,1,0,0
0.54545455,0.05050505,1,0,0
0.54545455,0.06060606,1,8.234908277813702e-7,0
0.54545455,0.07070707,1,9.623813753023569e-7,0
0.54545455,0.08080808,1,0,0
0.54545455,0.09090909,1,0,0
0.54545455,0.1010101,1,2.511270472823526e-5,0
0.54545455,0.11111111,1,4.572306323170779e-5,0
0.54545455,0.12121212,1,1.5903667661041254e-5,0
0.54545455,0.13131313,1,0,0
0.54545455,0.14141414,1,7.979628073371714e-6,0
0.54545455,0.15151515,1,0,0
0.54545455,0.16161616,1,0,0
0.54545455,0.17171717,1,0,0
0.54545455,0.18181818,1,0,0
0.54545455,0.19191919,1,0,0
0.54545455,0.2020202,1,1.687427500510239e-5,0
0.54545455,0.21212121,1,0,0
0.54545455,0.22222222,1,5.281047563585162e-7,0
0.54545455,0.23232323,1,0,0
0.54545455,0.24242424,1,1.233295756901498e-6,0
0.54545455,0.25252525,1,0,0
0.54545455,0.26262626,1,0,0
0.54545455,0.27272727,1,0,0
0.54545455,0.28282828,1,2.303287597896997e-7,0
0.54545455,0.29292929,1,5.85606673661232e-7,0
0.54545455,0.3030303,1,0,0
0.54545455,0.31313131,1,5.272806347960568e-7,0
0.54545455,0.32323232,1,0,0
0.54545455,0.33333333,1,1.0560690372471983e-7,0
0.54545455,0.34343434,1,0,0
0.54545455,0.35353535,1,2.51155232187017e-7,0
0.54545455,0.36363636,1,0,0
0.54545455,0.37373737,1,0,0
0.54545455,0.38383838,1,0,0
0.54545455,0.39393939,1,2.6132880011964232e-8,0
0.54545455,0.4040404,1,0,0
0.54545455,0.41414141,1,7.984483857801374e-8,0
0.54545455,0.42424242,1,0,0
0.54545455,0.43434343,1,2.0524814286596553e-8,0
0.54545455,0.44444444,1,0,0
0.54545455,0.45454545,1,0,0
0.54545455,0.46464646,1,0,0
0.54545455,0.47474747,1,0,0
0.54545455,0.48484848,1,4.832655184261459e-9,0
0.54545455,0.49494949,1,0,0
0.54545455,0.50505051,1,2.4385336239371535e-8,0
0.54545455,0.51515152,1,0,0
0.54545455,0.52525253,1,9.058289264449356e-10,0
0.54545455,0.53535354,1,0,0
0.54545455,0.54545455,1,2.5066254950907674e-8,0
0.54545455,0.55555556,1,0,0
0.54545455,0.56565657,1,1.193453747717994e-8,0
0.54545455,0.57575758,1,0,0
0.54545455,0.58585859,1,0,0
0.54545455,0.5959596,1,5.78424116858163e-10,0
0.54545455,0.60606061,1,0,0
0.54545455,0.61616162,1,5.328019458164002e-10,0
0.54545455,0.62626263,1,0,0
0.54545455,0.63636364,1,5.136396350542868e-10,0
0.54545455,0.64646465,1,0,0
0.54545455,0.65656566,1,5.036601936111996e-10,0
0.54545455,0.66666667,1,0,0
0.54545455,0.67676768,1,4.994562597196613e-10,0
0.54545455,0.68686869,1,0,0
0.54545455,0.6969697,1,4.999804645322917e-10,0
0.54545455,0.70707071,1,0,0
0.54545455,0.71717172,1,5.048968465510597e-10,0
0.54545455,0.72727273,1,0,0
0.54545455,0.73737374,1,5.142110891019104e-10,0
0.54545455,0.74747475,1,0,0
0.54545455,0.75757576,1,5.281605119722769e-10,0
0.54545455,0.76767677,1,0,0
0.54545455,0.77777778,1,5.471904707653358e-10,0
0.54545455,0.78787879,1,0,0
0.54545455,0.7979798,1,5.719706515187017e-10,0
0.54545455,0.80808081,1,0,0
0.54545455,0.81818182,1,6.034463905452494e-10,0
0.54545455,0.82828283,1,0,0
0.54545455,0.83838384,1,6.429155945989264e-10,0
0.54545455,0.84848485,1,0,0
0.54545455,0.85858586,1,6.92163378261841e-10,0
0.54545455,0.86868687,1,0,0
0.54545455,0.87878788,1,7.536380794819982e-10,0
0.54545455,0.88888889,1,0,0
0.54545455,0.8989899,1,8.307621049809603e-10,0
0.54545455,0.90909091,1,0,0
0.54545455,0.91919192,1,9.28409127158407e-10,0
0.54545455,0.92929293,1,0,0
0.54545455,0.93939394,1,1.053710341625269e-9,0
0.54545455,0.94949495,1,0,0
0.54545455,0.95959596,1,1.2174681756012968e-9,0
0.54545455,0.96969697,1,0,0
0.54545455,0.97979798,1,1.4369030064645406e-9,0
0.54545455,0.98989899,1,0,0
0.54545455,1,1,1.7419293834239346e-9,0
0.55555556,0,-1,1.747376402403897e-9,0
0.55555556,0.01010101,-1,0,0
0.55555556,0.02020202,-1,2.284011383671403e-9,0
0.55555556,0.03030303,-1,2.0986049520721475e-9,0
0.55555556,0.04040404,1,2.2652932412636775e-8,0
0.55555556,0.05050505,1,7.453192868425162e-8,0
0.55555556,0.06060606,1,0,0
0.55555556,0.07070707,1,0,0
0.55555556,0.08080808,1,3.82118580309907e-6,0
0.55555556,0.09090909,1,2.669918112223968e-6,0
0.55555556,0.1010101,1,0,0
0.55555556,0.11111111,1,0,0
0.55555556,0.12121212,1,0,0
0.55555556,0.13131313,1,3.5876687965355813e-6,0
0.55555556,0.14141414,1,0,0
0.55555556,0.15151515,1,3.015544914887869e-5,0
0.55555556,0.16161616,1,2.1410547601408327e-5,0
0.55555556,0.17171717,1,1.5724842702184107e-5,0
0.55555556,0.18181818,1,3.606289970775834e-7,0
0.55555556,0.19191919,1,3.920017869677395e-6,0
0.55555556,0.2020202,1,0,0
0.55555556,0.21212121,1,3.457080777752708e-6,0
0.55555556,0.22222222,1,0,0
0.55555556,0.23232323,1,1.5180928885456524e-6,0
0.55555556,0.24242424,1,0,0
0.55555556,0.25252525,1,1.48575941375384e-7,0
0.55555556,0.26262626,1,5.605339182011449e-7,0
0.55555556,0.27272727,1,9.745220681907085e-8,0
0.55555556,0.28282828,1,0,0
0.55555556,0.29292929,1,0,0
0.55555556,0.3030303,1,1.0813308789749954e-7,0
0.55555556,0.31313131,1,0,0
0.55555556,0.32323232,1,3.900205604878693e-7,0
0.55555556,0.33333333,1,0,0
0.55555556,0.34343434,1,3.772953191543138e-8,0
0.55555556,0.35353535,1,0,0
0.55555556,0.36363636,1,7.86751435065014e-8,0
0.55555556,0.37373737,1,3.0459978863994765e-8,0
0.55555556,0.38383838,1,3.9310523164104445e-8,0
0.55555556,0.39393939,1,0,0
0.55555556,0.4040404,1,3.489650211228046e-8,0
0.55555556,0.41414141,1,0,0
0.55555556,0.42424242,1,9.575128256718085e-9,0
0.55555556,0.43434343,1,0,0
0.55555556,0.44444444,1,1.444721174525968e-9,0
0.55555556,0.45454545,1,4.30406769501325e-9,0
0.55555556,0.46464646,1,5.345968264763856e-9,0
0.55555556,0.47474747,1,2.574215635998689e-8,0
0.55555556,0.48484848,1,0,0
0.55555556,0.49494949,1,4.1463352950322014e-10,0
0.55555556,0.50505051,1,0,0
0.55555556,0.51515152,1,6.249721542703462e-9,0
0.55555556,0.52525253,1,0,0
0.55555556,0.53535354,1,1.0087212809560846e-8,0
0.55555556,0.54545455,1,0,0
0.55555556,0.55555556,1,9.7942376375359e-9,0
0.55555556,0.56565657,1,0,0
0.55555556,0.57575758,1,9.311470478631421e-9,0
0.55555556,0.58585859,1,1.0457246457149135e-9,0
0.55555556,0.5959596,1,0,0
0.55555556,0.60606061,1,5.042712722497147e-10,0
0.55555556,0.61616162,1,0,0
0.55555556,0.62626263,1,4.778910252607e-10,0
0.55555556,0.63636364,1,0,0
0.55555556,0.64646465,1,4.6484409585779205e-10,0
0.55555556,0.65656566,1,0,0
0.55555556,0.66666667,1,4.5829537978288484e-10,0
0.55555556,0.67676768,1,0,0
0.55555556,0.68686869,1,4.5647673879785533e-10,0
0.55555556,0.6969697,1,0,0
0.55555556,0.70707071,1,4.587901672282318e-10,0
0.55555556,0.71717172,1,0,0
0.55555556,0.72727273,1,4.6509231612483237e-10,0
0.55555556,0.73737374,1,0,0
0.55555556,0.74747475,1,4.754872015828296e-10,0
0.55555556,0.75757576,1,0,0
0.55555556,0.76767677,1,4.902714202254834e-10,0
0.55555556,0.77777778,1,0,0
0.55555556,0.78787879,1,5.099394100752627e-10,0
0.55555556,0.7979798,1,0,0
0.55555556,0.80808081,1,5.352064297505387e-10,0
0.55555556,0.81818182,1,0,0
0.55555556,0.82828283,1,5.670664337601577e-10,0
0.55555556,0.83838384,1,0,0
0.55555556,0.84848485,1,6.06873487710765e-10,0
0.55555556,0.85858586,1,0,0
0.55555556,0.86868687,1,6.564923532994572e-10,0
0.55555556,0.87878788,1,0,0
0.55555556,0.88888889,1,7.184969052027346e-10,0
0.55555556,0.8989899,1,0,0
0.55555556,0.90909091,1,7.965024211578458e-10,0
0.55555556,0.91919192,1,0,0
0.55555556,0.92929293,1,8.95701991719764e-10,0
0.55555556,0.93939394,1,0,0
0.55555556,0.94949495,1,1.0237843993172841e-9,0
0.55555556,0.95959596,1,0,0
0.55555556,0.96969697,1,1.1925995786549876e-9,0
0.55555556,0.97979798,1,0,0
0.55555556,0.98989899,1,1.421624987337812e-9,0
0.55555556,1,1,0,0
0.56565657,0,-1,0,0
0.56565657,0.01010101,-1,1.7786106290572367e-9,0
0.56565657,0.02020202,-1,0,0
0.56565657,0.03030303,-1,0,0
0.56565657,0.04040404,1,0,0
0.56565657,0.05050505,1,0,0
0.56565657,0.06060606,1,8.352898729157233e-7,0
0.56565657,0.07070707,1,1.1191059054908693e-6,0
0.56565657,0.08080808,1,0,0
0.56565657,0.09090909,1,0,0
0.56565657,0.1010101,1,2.3527663730055794e-5,0
0.56565657,0.11111111,1,4.362469826955931e-5,0
0.56565657,0.12121212,1,1.5319553620065563e-5,0
0.56565657,0.13131313,1,0,0
0.56565657,0.14141414,1,5.7518184476066385e-6,0
0.56565657,0.15151515,1,0,0
0.56565657,0.16161616,1,0,0
0.56565657,0.17171717,1,0,0
0.56565657,0.18181818,1,1.4506073530355937e-7,0
0.56565657,0.19191919,1,0,0
0.56565657,0.2020202,1,1.4272136647196022e-5,0
0.56565657,0.21212121,1,0,0
0.56565657,0.22222222,1,4.278723908100802e-7,0
0.56565657,0.23232323,1,0,0
0.56565657,0.24242424,1,1.078412335482426e-6,0
0.56565657,0.25252525,1,0,0
0.56565657,0.26262626,1,0,0
0.56565657,0.27272727,1,0,0
0.56565657,0.28282828,1,2.495063317724089e-7,0
0.56565657,0.29292929,1,4.782499846669453e-7,0
0.56565657,0.3030303,1,0,0
0.56565657,0.31313131,1,4.734391451052034e-7,0
0.56565657,0.32323232,1,0,0
0.56565657,0.33333333,1,1.0207814499807457e-7,0
0.56565657,0.34343434,1,0,0
0.56565657,0.35353535,1,2.255116507768662e-7,0
0.56565657,0.36363636,1,0,0
0.56565657,0.37373737,1,0,0
0.56565657,0.38383838,1,0,0
0.56565657,0.39393939,1,2.5742479440360455e-8,0
0.56565657,0.4040404,1,0,0
0.56565657,0.41414141,1,7.430355309353612e-8,0
0.56565657,0.42424242,1,0,0
0.56565657,0.43434343,1,1.8322748497208966e-8,0
0.56565657,0.44444444,1,0,0
0.56565657,0.45454545,1,0,0
0.56565657,0.46464646,1,0,0
0.56565657,0.47474747,1,0,0
0.56565657,0.48484848,1,4.1583505021211045e-9,0
0.56565657,0.49494949,1,0,0
0.56565657,0.50505051,1,2.2851780762749977e-8,0
0.56565657,0.51515152,1,0,0
0.56565657,0.52525253,1,2.9232946280747027e-10,0
0.56565657,0.53535354,1,0,0
0.56565657,0.54545455,1,2.3752512752247672e-8,0
0.56565657,0.55555556,1,0,0
0.56565657,0.56565657,1,1.1205723232713674e-8,0
0.56565657,0.57575758,1,0,0
0.56565657,0.58585859,1,0,0
0.56565657,0.5959596,1,4.918025415966662e-10,0
0.56565657,0.60606061,1,0,0
0.56565657,0.61616162,1,4.5019731288284574e-10,0
0.56565657,0.62626263,1,0,0
0.56565657,0.63636364,1,4.330410665764287e-10,0
0.56565657,0.64646465,1,0,0
0.56565657,0.65656566,1,4.240826288064419e-10,0
0.56565657,0.66666667,1,0,0
0.56565657,0.67676768,1,4.2013654636624887e-10,0
0.56565657,0.68686869,1,0,0
0.56565657,0.6969697,1,4.202225666466441e-10,0
0.56565657,0.70707071,1,0,0
0.56565657,0.71717172,1,4.240113815843875e-10,0
0.56565657,0.72727273,1,0,0
0.56565657,0.73737374,1,4.3148264746908216e-10,0
0.56565657,0.74747475,1,0,0
0.56565657,0.75757576,1,4.4281250178683504e-10,0
0.56565657,0.76767677,1,0,0
0.56565657,0.77777778,1,4.5835283647146713e-10,0
0.56565657,0.78787879,1,0,0
0.56565657,0.7979798,1,4.786391910033618e-10,0
0.56565657,0.80808081,1,0,0
0.56565657,0.81818182,1,5.044308605343592e-10,0
0.56565657,0.82828283,1,0,0
0.56565657,0.83838384,1,5.367706095356709e-10,0
0.56565657,0.84848485,1,0,0
0.56565657,0.85858586,1,5.770886549301412e-10,0
0.56565657,0.86868687,1,0,0
0.56565657,0.87878788,1,6.273406293288291e-10,0
0.56565657,0.88888889,1,0,0
0.56565657,0.8989899,1,6.90244068330889e-10,0
0.56565657,0.90909091,1,0,0
0.56565657,0.91919192,1,7.696465897617105e-10,0
0.56565657,0.92929293,1,0,0
0.56565657,0.93939394,1,8.711286783525535e-10,0
0.56565657,0.94949495,1,0,0
0.56565657,0.95959596,1,1.0030562741653035e-9,0
0.56565657,0.96969697,1,0,0
0.56565657,0.97979798,1,1.178615443869768e-9,0
0.56565657,0.98989899,1,0,0
0.56565657,1,1,1.4205296138769531e-9,0
0.57575758,0,-1,1.4345132984934504e-9,0
0.57575758,0.01010101,-1,0,0
0.57575758,0.02020202,-1,1.864361061267028e-9,0
0.57575758,0.03030303,-1,2.405442011621517e-9,0
0.57575758,0.04040404,-1,2.3479450885588454e-8,0
0.57575758,0.05050505,1,7.806398590153307e-8,0
0.57575758,0.06060606,1,0,0
0.57575758,0.07070707,1,0,0
0.57575758,0.08080808,1,3.438610265038733e-6,0
0.57575758,0.09090909,1,2.3768437969920343e-6,0
0.57575758,0.1010101,1,0,0
0.57575758,0.11111111,1,0,0
0.57575758,0.12121212,1,0,0
0.57575758,0.13131313,1,2.449580531538231e-6,0
0.57575758,0.14141414,1,0,0
0.57575758,0.15151515,1,2.7541191962882296e-5,0
0.57575758,0.16161616,1,1.814458717344678e-5,0
0.57575758,0.17171717,1,1.306070175487548e-5,0
0.57575758,0.18181818,1,0,0
0.57575758,0.19191919,1,3.3068342972910617e-6,0
0.57575758,0.2020202,1,0,0
0.57575758,0.21212121,1,2.9190856796958545e-6,0
0.57575758,0.22222222,1,0,0
0.57575758,0.23232323,1,1.2506899857271491e-6,0
0.57575758,0.24242424,1,0,0
0.57575758,0.25252525,1,9.107756177400007e-8,0
0.57575758,0.26262626,1,5.078989884168551e-7,0
0.57575758,0.27272727,1,8.112641327215899e-8,0
0.57575758,0.28282828,1,0,0
0.57575758,0.29292929,1,0,0
0.57575758,0.3030303,1,8.088669411563387e-8,0
0.57575758,0.31313131,1,0,0
0.57575758,0.32323232,1,3.8552895103691755e-7,0
0.57575758,0.33333333,1,0,0
0.57575758,0.34343434,1,2.7581452436464817e-8,0
0.57575758,0.35353535,1,0,0
0.57575758,0.36363636,1,7.280644817466708e-8,0
0.57575758,0.37373737,1,2.823514323022636e-8,0
0.57575758,0.38383838,1,3.66882521797951e-8,0
0.57575758,0.39393939,1,0,0
0.57575758,0.4040404,1,3.547366635569885e-8,0
0.57575758,0.41414141,1,0,0
0.57575758,0.42424242,1,7.274170698181454e-9,0
0.57575758,0.43434343,1,0,0
0.57575758,0.44444444,1,1.0828083317926395e-9,0
0.57575758,0.45454545,1,3.9743307000739145e-9,0
0.57575758,0.46464646,1,5.907726085295842e-9,0
0.57575758,0.47474747,1,2.3987470408970254e-8,0
0.57575758,0.48484848,1,0,0
0.57575758,0.49494949,1,1.0140020608624677e-10,0
0.57575758,0.50505051,1,0,0
0.57575758,0.51515152,1,5.369536482297682e-9,0
0.57575758,0.52525253,1,0,0
0.57575758,0.53535354,1,9.42975519251921e-9,0
0.57575758,0.54545455,1,0,0
0.57575758,0.55555556,1,9.16671683646043e-9,0
0.57575758,0.56565657,1,0,0
0.57575758,0.57575758,1,8.946483786232535e-9,0
0.57575758,0.58585859,1,9.448200117450615e-10,0
0.57575758,0.5959596,1,0,0
0.57575758,0.60606061,1,4.3145976733696164e-10,0
0.57575758,0.61616162,1,0,0
0.57575758,0.62626263,1,4.0748309359061975e-10,0
0.57575758,0.63636364,1,0,0
0.57575758,0.64646465,1,3.9571351417196084e-10,0
0.57575758,0.65656566,1,0,0
0.57575758,0.66666667,1,3.897115855911338e-10,0
0.57575758,0.67676768,1,0,0
0.57575758,0.68686869,1,3.8781764756150654e-10,0
0.57575758,0.6969697,1,0,0
0.57575758,0.70707071,1,3.8946196878686736e-10,0
0.57575758,0.71717172,1,0,0
0.57575758,0.72727273,1,3.9449142987273057e-10,0
0.57575758,0.73737374,1,0,0
0.57575758,0.74747475,1,4.0297198367752686e-10,0
0.57575758,0.75757576,1,0,0
0.57575758,0.76767677,1,4.151363430221228e-10,0
0.57575758,0.77777778,1,0,0
0.57575758,0.78787879,1,4.3138194695973614e-10,0
0.57575758,0.7979798,1,0,0
0.57575758,0.80808081,1,4.5228618183040805e-10,0
0.57575758,0.81818182,1,0,0
0.57575758,0.82828283,1,4.786561511086439e-10,0
0.57575758,0.83838384,1,0,0
0.57575758,0.84848485,1,5.115901214038271e-10,0
0.57575758,0.85858586,1,0,0
0.57575758,0.86868687,1,5.525944893810913e-10,0
0.57575758,0.87878788,1,0,0
0.57575758,0.88888889,1,6.037371917219648e-10,0
0.57575758,0.8989899,1,0,0
0.57575758,0.90909091,1,6.679089120599674e-10,0
0.57575758,0.91919192,1,0,0
0.57575758,0.92929293,1,7.492255127729274e-10,0
0.57575758,0.93939394,1,0,0
0.57575758,0.94949495,1,8.537281086296901e-10,0
0.57575758,0.95959596,1,0,0
0.57575758,0.96969697,1,9.906161543832628e-10,0
0.57575758,0.97979798,1,0,0
0.57575758,0.98989899,1,1.1748467544496834e-9,0
0.57575758,1,1,0,0
0.58585859,0,-1,0,0
0.58585859,0.01010101,-1,1.4684327794545896e-9,0
0.58585859,0.02020202,-1,0,0
0.58585859,0.03030303,-1,0,0
0.58585859,0.04040404,-1,0,0
0.58585859,0.05050505,1,0,0
0.58585859,0.06060606,1,8.49338718600734e-7,0
0.58585859,0.07070707,1,1.2477964728702773e-6,0
0.58585859,0.08080808,1,0,0
0.58585859,0.09090909,1,0,0
0.58585859,0.1010101,1,2.227265719375282e-5,0
0.58585859,0.11111111,1,4.182069959078945e-5,0
0.58585859,0.12121212,1,1.4702114283500124e-5,0
0.58585859,0.13131313,1,0,0
0.58585859,0.14141414,1,4.2489506759011425e-6,0
0.58585859,0.15151515,1,0,0
0.58585859,0.16161616,1,0,0
0.58585859,0.17171717,1,0,0
0.58585859,0.18181818,1,8.845625984122307e-7,0
0.58585859,0.19191919,1,0,0
0.58585859,0.2020202,1,1.2370514509484566e-5,0
0.58585859,0.21212121,1,0,0
0.58585859,0.22222222,1,3.641104109306071e-7,0
0.58585859,0.23232323,1,0,0
0.58585859,0.24242424,1,9.584761573933064e-7,0
0.58585859,0.25252525,1,0,0
0.58585859,0.26262626,1,0,0
0.58585859,0.27272727,1,0,0
0.58585859,0.28282828,1,2.5796552559711476e-7,0
0.58585859,0.29292929,1,3.9741134910258324e-7,0
0.58585859,0.3030303,1,0,0
0.58585859,0.31313131,1,4.329646153088618e-7,0
0.58585859,0.32323232,1,0,0
0.58585859,0.33333333,1,9.749242903200894e-8,0
0.58585859,0.34343434,1,0,0
0.58585859,0.35353535,1,2.057264355352251e-7,0
0.58585859,0.36363636,1,0,0
0.58585859,0.37373737,1,0,0
0.58585859,0.38383838,1,0,0
0.58585859,0.39393939,1,2.524827112670991e-8,0
0.58585859,0.4040404,1,0,0
0.58585859,0.41414141,1,6.993959939740613e-8,0
0.58585859,0.42424242,1,0,0
0.58585859,0.43434343,1,1.6713070528942553e-8,0
0.58585859,0.44444444,1,0,0
0.58585859,0.45454545,1,0,0
0.58585859,0.46464646,1,0,0
0.58585859,0.47474747,1,0,0
0.58585859,0.48484848,1,3.6071456338127373e-9,0
0.58585859,0.49494949,1,3.7956636330424133e-11,0
0.58585859,0.50505051,1,2.1666761688411266e-8,0
0.58585859,0.51515152,1,0,0
0.58585859,0.52525253,1,0,0
0.58585859,0.53535354,1,0,0
0.58585859,0.54545455,1,2.2725269161402197e-8,0
0.58585859,0.55555556,1,0,0
0.58585859,0.56565657,1,1.0614482719633213e-8,0
0.58585859,0.57575758,1,0,0
0.58585859,0.58585859,1,0,0
0.58585859,0.5959596,1,4.26577966136459e-10,0
0.58585859,0.60606061,1,0,0
0.58585859,0.61616162,1,3.880692329924127e-10,0
0.58585859,0.62626263,1,0,0
0.58585859,0.63636364,1,3.724458420544343e-10,0
0.58585859,0.64646465,1,0,0
0.58585859,0.65656566,1,3.6426816407587467e-10,0
0.58585859,0.66666667,1,0,0
0.58585859,0.67676768,1,3.6052591848174924e-10,0
0.58585859,0.68686869,1,0,0
0.58585859,0.6969697,1,3.6029062719270887e-10,0
0.58585859,0.70707071,1,0,0
0.58585859,0.71717172,1,3.632400707435815e-10,0
0.58585859,0.72727273,1,0,0
0.58585859,0.73737374,1,3.693352726044966e-10,0
0.58585859,0.74747475,1,0,0
0.58585859,0.75757576,1,3.7870586327228053e-10,0
0.58585859,0.76767677,1,0,0
0.58585859,0.77777778,1,3.9163528278687764e-10,0
0.58585859,0.78787879,1,0,0
0.58585859,0.7979798,1,4.0855984261800006e-10,0
0.58585859,0.80808081,1,0,0
0.58585859,0.81818182,1,4.301009020237368e-10,0
0.58585859,0.82828283,1,0,0
0.58585859,0.83838384,1,4.5711145119753495e-10,0
0.58585859,0.84848485,1,0,0
0.58585859,0.85858586,1,4.907580637057002e-10,0
0.58585859,0.86868687,1,0,0
0.58585859,0.87878788,1,5.326320357933374e-10,0
0.58585859,0.88888889,1,0,0
0.58585859,0.8989899,1,5.849278914186714e-10,0
0.58585859,0.90909091,1,0,0
0.58585859,0.91919192,1,6.507341368656212e-10,0
0.58585859,0.92929293,1,0,0
0.58585859,0.93939394,1,7.344904934627941e-10,0
0.58585859,0.94949495,1,0,0
0.58585859,0.95959596,1,8.42776901008031e-10,0
0.58585859,0.96969697,1,0,0
0.58585859,0.97979798,1,9.858378889575703e-10,0
0.58585859,0.98989899,1,0,0
0.58585859,1,1,1.181210875624179e-9,0
0.5959596,0,-1,1.1987967690387652e-9,0
0.5959596,0.01010101,-1,0,0
0.5959596,0.02020202,-1,1.5498493046148255e-9,0
0.5959596,0.03030303,-1,2.6249864506056043e-9,0
0.5959596,0.04040404,-1,2.4404131306710045e-8,0
0.5959596,0.05050505,1,8.210665826595688e-8,0
0.5959596,0.06060606,1,0,0
0.5959596,0.07070707,1,0,0
0.5959596,0.08080808,1,3.1229588248720574e-6,0
0.5959596,0.09090909,1,2.1433856412841126e-6,0
0.5959596,0.1010101,1,0,0
0.5959596,0.11111111,1,0,0
0.5959596,0.12121212,1,0,0
0.5959596,0.13131313,1,1.6010867073418923e-6,0
0.5959596,0.14141414,1,0,0
0.5959596,0.15151515,1,2.5411582548076697e-5,0
0.5959596,0.16161616,1,1.5681723631223578e-5,0
0.5959596,0.17171717,1,1.1097852149396205e-5,0
0.5959596,0.18181818,1,0,0
0.5959596,0.19191919,1,2.821070287609473e-6,0
0.5959596,0.2020202,1,0,0
0.5959596,0.21212121,1,2.5057413123022344e-6,0
0.5959596,0.22222222,1,0,0
0.5959596,0.23232323,1,1.0684640975910042e-6,0
0.5959596,0.24242424,1,0,0
0.5959596,0.25252525,1,4.9119844840106463e-8,0
0.5959596,0.26262626,1,4.662025816060123e-7,0
0.5959596,0.27272727,1,6.836338004632127e-8,0
0.5959596,0.28282828,1,0,0
0.5959596,0.29292929,1,0,0
0.5959596,0.3030303,1,6.033378855150318e-8,0
0.5959596,0.31313131,1,0,0
0.5959596,0.32323232,1,3.800455137684011e-7,0
0.5959596,0.33333333,1,0,0
0.5959596,0.34343434,1,1.940446399428808e-8,0
0.5959596,0.35353535,1,0,0
0.5959596,0.36363636,1,6.849271246789358e-8,0
0.5959596,0.37373737,1,2.6545717600300062e-8,0
0.5959596,0.38383838,1,3.4549093647101574e-8,0
0.5959596,0.39393939,1,0,0
0.5959596,0.4040404,1,3.5827280891087565e-8,0
0.5959596,0.41414141,1,0,0
0.5959596,0.42424242,1,5.4753835627252564e-9,0
0.5959596,0.43434343,1,0,0
0.5959596,0.44444444,1,7.783518872095384e-10,0
0.5959596,0.45454545,1,3.739321494822257e-9,0
0.5959596,0.46464646,1,6.392230675078548e-9,0
0.5959596,0.47474747,1,2.2658469701906942e-8,0
0.5959596,0.48484848,1,0,0
0.5959596,0.49494949,1,0,0
0.5959596,0.50505051,1,0,0
0.5959596,0.51515152,1,4.633290910381963e-9,0
0.5959596,0.52525253,1,4.685621457152165e-10,0
0.5959596,0.53535354,1,8.907930552726337e-9,0
0.5959596,0.54545455,1,0,0
0.5959596,0.55555556,1,8.656628292016402e-9,0
0.5959596,0.56565657,1,0,0
0.5959596,0.57575758,1,8.663088620421817e-9,0
0.5959596,0.58585859,1,8.674039715776855e-10,0
0.5959596,0.5959596,1,0,0
0.5959596,0.60606061,1,3.7603090443187865e-10,0
0.5959596,0.61616162,1,0,0
0.5959596,0.62626263,1,3.5390869935435484e-10,0
0.5959596,0.63636364,1,0,0
0.5959596,0.64646465,1,3.4312184824317195e-10,0
0.5959596,0.65656566,1,0,0
0.5959596,0.66666667,1,3.3754278180267867e-10,0
0.5959596,0.67676768,1,0,0
0.5959596,0.68686869,1,3.3559632232780733e-10,0
0.5959596,0.6969697,1,0,0
0.5959596,0.70707071,1,3.3673601712118624e-10,0
0.5959596,0.71717172,1,0,0
0.5959596,0.72727273,1,3.4080235077847945e-10,0
0.5959596,0.73737374,1,0,0
0.5959596,0.74747475,1,3.478327338987631e-10,0
0.5959596,0.75757576,1,0,0
0.5959596,0.76767677,1,3.580106229722057e-10,0
0.5959596,0.77777778,1,0,0
0.5959596,0.78787879,1,3.7166156342870004e-10,0
0.5959596,0.7979798,1,0,0
0.5959596,0.80808081,1,3.892608091382935e-10,0
0.5959596,0.81818182,1,0,0
0.5959596,0.82828283,1,4.1147351113185455e-10,0
0.5959596,0.83838384,1,0,0
0.5959596,0.84848485,1,4.3920388023703694e-10,0
0.5959596,0.85858586,1,0,0
0.5959596,0.86868687,1,4.736895002362995e-10,0
0.5959596,0.87878788,1,0,0
0.5959596,0.88888889,1,5.16616826367819e-10,0
0.5959596,0.8989899,1,0,0
0.5959596,0.90909091,1,5.703335802776341e-10,0
0.5959596,0.91919192,1,0,0
0.5959596,0.92929293,1,6.381507258797647e-10,0
0.5959596,0.93939394,1,0,0
0.5959596,0.94949495,1,7.248796399694953e-10,0
0.5959596,0.95959596,1,0,0
0.5959596,0.96969697,1,8.377522826031116e-10,0
0.5959596,0.97979798,1,0,0
0.5959596,0.98989899,1,9.88400672898796e-10,0
0.5959596,1,1,0,0
0.60606061,0,-1,0,0
0.60606061,0.01010101,-1,1.2323415151158091e-9,0
0.60606061,0.02020202,-1,0,0
0.60606061,0.03030303,-1,0,0
0.60606061,0.04040404,-1,0,0
0.60606061,0.05050505,1,0,0
0.60606061,0.06060606,1,8.66699394225634e-7,0
0.60606061,0.07070707,1,1.3603989351850032e-6,0
0.60606061,0.08080808,1,0,0
0.60606061,0.09090909,1,0,0
0.60606061,0.1010101,1,2.128439930984314e-5,0
0.60606061,0.11111111,1,4.03267560637687e-5,0
0.60606061,0.12121212,1,1.412659027701011e-5,0
0.60606061,0.13131313,1,0,0
0.60606061,0.14141414,1,3.188721940023242e-6,0
0.60606061,0.15151515,1,0,0
0.60606061,0.16161616,1,0,0
0.60606061,0.17171717,1,0,0
0.60606061,0.18181818,1,1.3850226603608463e-6,0
0.60606061,0.19191919,1,0,0
0.60606061,0.2020202,1,1.093929749695235e-5,0
0.60606061,0.21212121,1,0,0
0.60606061,0.22222222,1,3.228779812616267e-7,0
0.60606061,0.23232323,1,0,0
0.60606061,0.24242424,1,8.653882228259136e-7,0
0.60606061,0.25252525,1,0,0
0.60606061,0.26262626,1,0,0
0.60606061,0.27272727,1,0,0
0.60606061,0.28282828,1,2.6101462487702064e-7,0
0.60606061,0.29292929,1,3.352559674922873e-7,0
0.60606061,0.3030303,1,0,0
0.60606061,0.31313131,1,4.021990241561469e-7,0
0.60606061,0.32323232,1,0,0
0.60606061,0.33333333,1,9.278337183395993e-8,0
0.60606061,0.34343434,1,0,0
0.60606061,0.35353535,1,1.9029809124173626e-7,0
0.60606061,0.36363636,1,0,0
0.60606061,0.37373737,1,0,0
0.60606061,0.38383838,1,0,0
0.60606061,0.39393939,1,2.4755586547231536e-8,0
0.60606061,0.4040404,1,0,0
0.60606061,0.41414141,1,6.652594251956856e-8,0
0.60606061,0.42424242,1,0,0
0.60606061,0.43434343,1,1.5535891602902474e-8,0
0.60606061,0.44444444,1,0,0
0.60606061,0.45454545,1,0,0
0.60606061,0.46464646,1,0,0
0.60606061,0.47474747,1,0,0
0.60606061,0.48484848,1,3.148576166278616e-9,0
0.60606061,0.49494949,1,2.9107011436657616e-10,0
0.60606061,0.50505051,1,2.0769029381628724e-8,0
0.60606061,0.51515152,1,0,0
0.60606061,0.52525253,1,0,0
0.60606061,0.53535354,1,0,0
0.60606061,0.54545455,1,2.1943746683917963e-8,0
0.60606061,0.55555556,1,0,0
0.60606061,0.56565657,1,1.0140295082144309e-8,0
0.60606061,0.57575758,1,0,0
0.60606061,0.58585859,1,0,0
0.60606061,0.5959596,1,3.763968573702739e-10,0
0.60606061,0.60606061,1,0,0
0.60606061,0.61616162,1,3.4028677097961646e-10,0
0.60606061,0.62626263,1,0,0
0.60606061,0.63636364,1,3.2584879019419534e-10,0
0.60606061,0.64646465,1,0,0
0.60606061,0.65656566,1,3.18274090882855e-10,0
0.60606061,0.66666667,1,0,0
0.60606061,0.67676768,1,3.1469062602047796e-10,0
0.60606061,0.68686869,1,0,0
0.60606061,0.6969697,1,3.142103321457866e-10,0
0.60606061,0.70707071,1,0,0
0.60606061,0.71717172,1,3.165167358118752e-10,0
0.60606061,0.72727273,1,0,0
0.60606061,0.73737374,1,3.2155701664007356e-10,0
0.60606061,0.74747475,1,0,0
0.60606061,0.75757576,1,3.294262581070859e-10,0
0.60606061,0.76767677,1,0,0
0.60606061,0.77777778,1,3.4035447285954774e-10,0
0.60606061,0.78787879,1,0,0
0.60606061,0.7979798,1,3.547027450449044e-10,0
0.60606061,0.80808081,1,0,0
0.60606061,0.81818182,1,3.7298566972314427e-10,0
0.60606061,0.82828283,1,0,0
0.60606061,0.83838384,1,3.959125587990738e-10,0
0.60606061,0.84848485,1,0,0
0.60606061,0.85858586,1,4.2444726773751415e-10,0
0.60606061,0.86868687,1,0,0
0.60606061,0.87878788,1,4.599039825897017e-10,0
0.60606061,0.88888889,1,0,0
0.60606061,0.8989899,1,5.040802691947625e-10,0
0.60606061,0.90909091,1,0,0
0.60606061,0.91919192,1,5.59488384230429e-10,0
0.60606061,0.92929293,1,0,0
0.60606061,0.93939394,1,6.29703339091736e-10,0
0.60606061,0.94949495,1,0,0
0.60606061,0.95959596,1,7.19958413864137e-10,0
0.60606061,0.96969697,1,0,0
0.60606061,0.97979798,1,8.382945523122825e-10,0
0.60606061,0.98989899,1,0,0
0.60606061,1,1,9.984008015783558e-10,0
0.61616162,0,-1,1.0169503309166023e-9,0
0.61616162,0.01010101,-1,0,0
0.61616162,0.02020202,-1,1.3084813961964683e-9,0
0.61616162,0.03030303,-1,2.79133946818888e-9,0
0.61616162,0.04040404,-1,2.5454404300262473e-8,0
0.61616162,0.05050505,1,8.67531886001416e-8,0
0.61616162,0.06060606,1,0,0
0.61616162,0.07070707,1,0,0
0.61616162,0.08080808,1,2.8604910333797307e-6,0
0.61616162,0.09090909,1,1.9552910791844627e-6,0
0.61616162,0.1010101,1,0,0
0.61616162,0.11111111,1,0,0
0.61616162,0.12121212,1,0,0
0.61616162,0.13131313,1,9.527731155685617e-7,0
0.61616162,0.14141414,1,0,0
0.61616162,0.15151515,1,2.3683856369098068e-5,0
0.61616162,0.16161616,1,1.3787938553468847e-5,0
0.61616162,0.17171717,1,9.617572387469409e-6,0
0.61616162,0.18181818,1,0,0
0.61616162,0.19191919,1,2.4327253580850085e-6,0
0.61616162,0.2020202,1,0,0
0.61616162,0.21212121,1,2.184378162837675e-6,0
0.61616162,0.22222222,1,0,0
0.61616162,0.23232323,1,9.389246577029554e-7,0
0.61616162,0.24242424,1,0,0
0.61616162,0.25252525,1,1.768723078612311e-8,0
0.61616162,0.26262626,1,4.332637395236816e-7,0
0.61616162,0.27272727,1,5.8406169625868646e-8,0
0.61616162,0.28282828,1,0,0
0.61616162,0.29292929,1,0,0
0.61616162,0.3030303,1,4.4389839980141244e-8,0
0.61616162,0.31313131,1,0,0
0.61616162,0.32323232,1,3.7502939143596596e-7,0
0.61616162,0.33333333,1,0,0
0.61616162,0.34343434,1,1.2652677520419432e-8,0
0.61616162,0.35353535,1,0,0
0.61616162,0.36363636,1,6.534062110401565e-8,0
0.61616162,0.37373737,1,2.528692993203005e-8,0
0.61616162,0.38383838,1,3.2834194241049275e-8,0
0.61616162,0.39393939,1,0,0
0.61616162,0.4040404,1,3.6120117804117066e-8,0
0.61616162,0.41414141,1,0,0
0.61616162,0.42424242,1,4.017056825464729e-9,0
0.61616162,0.43434343,1,0,0
0.61616162,0.44444444,1,5.150857166763555e-10,0
0.61616162,0.45454545,1,3.5759885822064804e-9,0
0.61616162,0.46464646,1,6.840133661784043e-9,0
0.61616162,0.47474747,1,2.1672256025795372e-8,0
0.61616162,0.48484848,1,0,0
0.61616162,0.49494949,1,0,0
0.61616162,0.50505051,1,0,0
0.61616162,0.51515152,1,4.005682900753982e-9,0
0.61616162,0.52525253,1,9.073515968349711e-10,0
0.61616162,0.53535354,1,8.499312839926887e-9,0
0.61616162,0.54545455,1,0,0
0.61616162,0.55555556,1,8.245482594343435e-9,0
0.61616162,0.56565657,1,0,0
0.61616162,0.57575758,1,8.453982925061675e-9,0
0.61616162,0.58585859,1,8.075826055812911e-10,0
0.61616162,0.5959596,1,0,0
0.61616162,0.60606061,1,3.3300321775714357e-10,0
0.61616162,0.61616162,1,0,0
0.61616162,0.62626263,1,3.123200558992323e-10,0
0.61616162,0.63636364,1,0,0
0.61616162,0.64646465,1,3.0229431477407726e-10,0
0.61616162,0.65656566,1,0,0
0.61616162,0.66666667,1,2.9704201615662723e-10,0
0.61616162,0.67676768,1,0,0
0.61616162,0.68686869,1,2.950538613416499e-10,0
0.61616162,0.6969697,1,0,0
0.61616162,0.70707071,1,2.9580236515745765e-10,0
0.61616162,0.71717172,1,0,0
0.61616162,0.72727273,1,2.991220588621519e-10,0
0.61616162,0.73737374,1,0,0
0.61616162,0.74747475,1,3.0502793281308225e-10,0
0.61616162,0.75757576,1,0,0
0.61616162,0.76767677,1,3.136657547427035e-10,0
0.61616162,0.77777778,1,0,0
0.61616162,0.78787879,1,3.2530612604909745e-10,0
0.61616162,0.7979798,1,0,0
0.61616162,0.80808081,1,3.4034322790200015e-10,0
0.61616162,0.81818182,1,0,0
0.61616162,0.82828283,1,3.5933253727210396e-10,0
0.61616162,0.83838384,1,0,0
0.61616162,0.84848485,1,3.830298847199397e-10,0
0.61616162,0.85858586,1,0,0
0.61616162,0.86868687,1,4.1246549947544955e-10,0
0.61616162,0.87878788,1,0,0
0.61616162,0.88888889,1,4.4903217117113136e-10,0
0.61616162,0.8989899,1,0,0
0.61616162,0.90909091,1,4.946591546850162e-10,0
0.61616162,0.91919192,1,0,0
0.61616162,0.92929293,1,5.520386962718123e-10,0
0.61616162,0.93939394,1,0,0
0.61616162,0.94949495,1,6.25040619453912e-10,0
0.61616162,0.95959596,1,0,0
0.61616162,0.96969697,1,7.193991106059159e-10,0
0.61616162,0.97979798,1,0,0
0.61616162,0.98989899,1,8.44229716390199e-10,0
0.61616162,1,1,0,0
0.62626263,0,-1,0,0
0.62626263,0.01010101,-1,1.0486502888054639e-9,0
0.62626263,0.02020202,-1,0,0
0.62626263,0.03030303,-1,0,0
0.62626263,0.04040404,-1,0,0
0.62626263,0.05050505,1,0,0
0.62626263,0.06060606,1,8.883140335910867e-7,0
0.62626263,0.07070707,1,1.4652630059572403e-6,0
0.62626263,0.08080808,1,0,0
0.62626263,0.09090909,1,0,0
0.62626263,0.1010101,1,2.051993003587995e-5,0
0.62626263,0.11111111,1,3.913665456157105e-5,0
0.62626263,0.12121212,1,1.3624471652656211e-5,0
0.62626263,0.13131313,1,0,0
0.62626263,0.14141414,1,2.4125734902554543e-6,0
0.62626263,0.15151515,1,0,0
0.62626263,0.16161616,1,0,0
0.62626263,0.17171717,1,0,0
0.62626263,0.18181818,1,1.738713834220107e-6,0
0.62626263,0.19191919,1,0,0
0.62626263,0.2020202,1,9.839457972520904e-6,0
0.62626263,0.21212121,1,0,0
0.62626263,0.22222222,1,2.963774442378054e-7,0
0.62626263,0.23232323,1,0,0
0.62626263,0.24242424,1,7.928253697059517e-7,0
0.62626263,0.25252525,1,0,0
0.62626263,0.26262626,1,0,0
0.62626263,0.27272727,1,0,0
0.62626263,0.28282828,1,2.615001684262097e-7,0
0.62626263,0.29292929,1,2.8652582674695284e-7,0
0.62626263,0.3030303,1,0,0
0.62626263,0.31313131,1,3.788089689424013e-7,0
0.62626263,0.32323232,1,0,0
0.62626263,0.33333333,1,8.835964773079576e-8,0
0.62626263,0.34343434,1,0,0
0.62626263,0.35353535,1,1.7823041928261285e-7,0
0.62626263,0.36363636,1,0,0
0.62626263,0.37373737,1,0,0
0.62626263,0.38383838,1,0,0
0.62626263,0.39393939,1,2.4320048744944094e-8,0
0.62626263,0.4040404,1,0,0
0.62626263,0.41414141,1,6.390294972641875e-8,0
0.62626263,0.42424242,1,0,0
0.62626263,0.43434343,1,1.4688295203781025e-8,0
0.62626263,0.44444444,1,0,0
0.62626263,0.45454545,1,0,0
0.62626263,0.46464646,1,0,0
0.62626263,0.47474747,1,0,0
0.62626263,0.48484848,1,2.75996157783169e-9,0
0.62626263,0.49494949,1,5.196947696205211e-10,0
0.62626263,0.50505051,1,2.0115555282551603e-8,0
0.62626263,0.51515152,1,0,0
0.62626263,0.52525253,1,0,0
0.62626263,0.53535354,1,0,0
0.62626263,0.54545455,1,2.1378447665976185e-8,0
0.62626263,0.55555556,1,0,0
0.62626263,0.56565657,1,9.76730799497308e-9,0
0.62626263,0.57575758,1,0,0
0.62626263,0.58585859,1,0,0
0.62626263,0.5959596,1,3.3714512428432816e-10,0
0.62626263,0.60606061,1,0,0
0.62626263,0.61616162,1,3.0288617689171025e-10,0
0.62626263,0.62626263,1,0,0
0.62626263,0.63636364,1,2.893684311978354e-10,0
0.62626263,0.64646465,1,0,0
0.62626263,0.65656566,1,2.8226200854761656e-10,0
0.62626263,0.66666667,1,0,0
0.62626263,0.67676768,1,2.7880123942335223e-10,0
0.62626263,0.68686869,1,0,0
0.62626263,0.6969697,1,2.781270492177904e-10,0
0.62626263,0.70707071,1,0,0
0.62626263,0.71717172,1,2.799277929458038e-10,0
0.62626263,0.72727273,1,0,0
0.62626263,0.73737374,1,2.8414003532617816e-10,0
0.62626263,0.74747475,1,0,0
0.62626263,0.75757576,1,2.9083182344260407e-10,0
0.62626263,0.76767677,1,0,0
0.62626263,0.77777778,1,3.0019147533876006e-10,0
0.62626263,0.78787879,1,0,0
0.62626263,0.7979798,1,3.1252146558045056e-10,0
0.62626263,0.80808081,1,0,0
0.62626263,0.81818182,1,3.2825366108000247e-10,0
0.62626263,0.82828283,1,0,0
0.62626263,0.83838384,1,3.4798193447899575e-10,0
0.62626263,0.84848485,1,0,0
0.62626263,0.85858586,1,3.725140150475747e-10,0
0.62626263,0.86868687,1,0,0
0.62626263,0.87878788,1,4.0294907244721367e-10,0
0.62626263,0.88888889,1,0,0
0.62626263,0.8989899,1,4.4077438402377774e-10,0
0.62626263,0.90909091,1,0,0
0.62626263,0.91919192,1,4.880541096424904e-10,0
0.62626263,0.92929293,1,0,0
0.62626263,0.93939394,1,5.47691872234443e-10,0
0.62626263,0.94949495,1,0,0
0.62626263,0.95959596,1,6.238801798357515e-10,0
0.62626263,0.96969697,1,0,0
0.62626263,0.97979798,1,7.229640697322108e-10,0
0.62626263,0.98989899,1,0,0
0.62626263,1,1,8.557078814148966e-10,0
0.63636364,0,-1,8.737950675727358e-10,0
0.63636364,0.01010101,-1,0,0
0.63636364,0.02020202,-1,1.1194850727744291e-9,0
0.63636364,0.03030303,-1,2.9259896882294362e-9,0
0.63636364,0.04040404,-1,2.6663404264581916e-8,0
0.63636364,0.05050505,1,9.212039976773669e-8,0
0.63636364,0.06060606,1,0,0
0.63636364,0.07070707,1,0,0
0.63636364,0.08080808,1,2.6406328845041574e-6,0
0.63636364,0.09090909,1,1.8025203076831532e-6,0
0.63636364,0.1010101,1,0,0
0.63636364,0.11111111,1,0,0
0.63636364,0.12121212,1,0,0
0.63636364,0.13131313,1,4.43957635161496e-7,0
0.63636364,0.14141414,1,0,0
0.63636364,0.15151515,1,2.2289460998035792e-5,0
0.63636364,0.16161616,1,1.2308780789226149e-5,0
0.63636364,0.17171717,1,8.480050238267722e-6,0
0.63636364,0.18181818,1,0,0
0.63636364,0.19191919,1,2.1184457749768625e-6,0
0.63636364,0.2020202,1,0,0
0.63636364,0.21212121,1,1.93132994681946e-6,0
0.63636364,0.22222222,1,0,0
0.63636364,0.23232323,1,8.442033891356005e-7,0
0.63636364,0.24242424,1,0,0
0.63636364,0.25252525,1,0,0
0.63636364,0.26262626,1,4.073722549662762e-7,0
0.63636364,0.27272727,1,5.06125223623144e-8,0
0.63636364,0.28282828,1,0,0
0.63636364,0.29292929,1,0,0
0.63636364,0.3030303,1,3.1662991695213803e-08,0
0.63636364,0.31313131,1,0,0
0.63636364,0.32323232,1,3.712584203153569e-7,0
0.63636364,0.33333333,1,0,0
0.63636364,0.34343434,1,6.927921261112858e-9,0
0.63636364,0.35353535,1,0,0
0.63636364,0.36363636,1,6.310473757393799e-8,0
0.63636364,0.37373737,1,2.4386432892387068e-8,0
0.63636364,0.38383838,1,3.149185081220904e-8,0
0.63636364,0.39393939,1,0,0
0.63636364,0.4040404,1,3.6453406496155325e-8,0
0.63636364,0.41414141,1,0,0
0.63636364,0.42424242,1,2.790509228614872e-9,0
0.63636364,0.43434343,1,0,0
0.63636364,0.44444444,1,2.8038675590090145e-10,0
0.63636364,0.45454545,1,3.469670386975336e-9,0
0.63636364,0.46464646,1,7.281183595782282e-9,0
0.63636364,0.47474747,1,2.097244838376363e-8,0
0.63636364,0.48484848,1,0,0
0.63636364,0.49494949,1,0,0
0.63636364,0.50505051,1,0,0
0.63636364,0.51515152,1,3.459563338477356e-9,0
0.63636364,0.52525253,1,1.3144165593670378e-9,0
0.63636364,0.53535354,1,8.187417651406292e-9,0
0.63636364,0.54545455,1,0,0
0.63636364,0.55555556,1,7.919064085637473e-9,0
0.63636364,0.56565657,1,0,0
0.63636364,0.57575758,1,8.313730900944441e-9,0
0.63636364,0.58585859,1,7.614176597761992e-10,0
0.63636364,0.5959596,1,0,0
0.63636364,0.60606061,1,2.9908663000005085e-10,0
0.63636364,0.61616162,1,0,0
0.63636364,0.62626263,1,2.7951628726570827e-10,0
0.63636364,0.63636364,1,0,0
0.63636364,0.64646465,1,2.700828160824868e-10,0
0.63636364,0.65656566,1,0,0
0.63636364,0.66666667,1,2.6508414029216036e-10,0
0.63636364,0.67676768,1,0,0
0.63636364,0.68686869,1,2.63059520433026e-10,0
0.63636364,0.6969697,1,0,0
0.63636364,0.70707071,1,2.6349550715050116e-10,0
0.63636364,0.71717172,1,0,0
0.63636364,0.72727273,1,2.662219741750901e-10,0
0.63636364,0.73737374,1,0,0
0.63636364,0.74747475,1,2.712370836308042e-10,0
0.63636364,0.75757576,1,0,0
0.63636364,0.76767677,1,2.7865651321570647e-10,0
0.63636364,0.77777778,1,0,0
0.63636364,0.78787879,1,2.8870583920065366e-10,0
0.63636364,0.7979798,1,0,0
0.63636364,0.80808081,1,3.0171592255933377e-10,0
0.63636364,0.81818182,1,0,0
0.63636364,0.82828283,1,3.181577186232506e-10,0
0.63636364,0.83838384,1,0,0
0.63636364,0.84848485,1,3.3866776128765875e-10,0
0.63636364,0.85858586,1,0,0
0.63636364,0.86868687,1,3.6411202655427244e-10,0
0.63636364,0.87878788,1,0,0
0.63636364,0.88888889,1,3.9565337461499805e-10,0
0.63636364,0.8989899,1,0,0
0.63636364,0.90909091,1,4.3489070522132254e-10,0
0.63636364,0.91919192,1,0,0
0.63636364,0.92929293,1,4.840319554427068e-10,0
0.63636364,0.93939394,1,0,0
0.63636364,0.94949495,1,5.462080273289232e-10,0
0.63636364,0.95959596,1,0,0
0.63636364,0.96969697,1,6.259817845608723e-10,0
0.63636364,0.97979798,1,0,0
0.63636364,0.98989899,1,7.305234601899523e-10,0
0.63636364,1,1,0,0
0.64646465,0,-1,0,0
0.64646465,0.01010101,-1,9.029682346374524e-10,0
0.64646465,0.02020202,-1,0,0
0.64646465,0.03030303,-1,0,0
0.64646465,0.04040404,-1,0,0
0.64646465,0.05050505,-1,0,0
0.64646465,0.06060606,1,9.151048676358188e-7,0
0.64646465,0.07070707,1,1.5686263359384613e-6,0
0.64646465,0.08080808,1,0,0
0.64646465,0.09090909,1,0,0
0.64646465,0.1010101,1,1.9949386479129317e-5,0
0.64646465,0.11111111,1,3.823777608231467e-5,0
0.64646465,0.12121212,1,1.3207617504303928e-5,0
0.64646465,0.13131313,1,0,0
0.64646465,0.14141414,1,1.825804572672496e-6,0
0.64646465,0.15151515,1,0,0
0.64646465,0.16161616,1,0,0
0.64646465,0.17171717,1,0,0
0.64646465,0.18181818,1,2.0010032786785816e-6,0
0.64646465,0.19191919,1,0,0
0.64646465,0.2020202,1,8.982258132255083e-6,0
0.64646465,0.21212121,1,0,0
0.64646465,0.22222222,1,2.8003141321732985e-7,0
0.64646465,0.23232323,1,0,0
0.64646465,0.24242424,1,7.36181990851037e-7,0
0.64646465,0.25252525,1,1.671400887062191e-8,0
0.64646465,0.26262626,1,0,0
0.64646465,0.27272727,1,0,0
0.64646465,0.28282828,1,2.610148729800699e-7,0
0.64646465,0.29292929,1,2.4762536468472266e-7,0
0.64646465,0.3030303,1,0,0
0.64646465,0.31313131,1,3.6125311095815963e-7,0
0.64646465,0.32323232,1,0,0
0.64646465,0.33333333,1,8.43891639227934e-8,0
0.64646465,0.34343434,1,0,0
0.64646465,0.35353535,1,1.688411772210685e-7,0
0.64646465,0.36363636,1,0,0
0.64646465,0.37373737,1,0,0
0.64646465,0.38383838,1,0,0
0.64646465,0.39393939,1,2.3971461340659838e-8,0
0.64646465,0.4040404,1,0,0
0.64646465,0.41414141,1,6.195796484448329e-8,0
0.64646465,0.42424242,1,0,0
0.64646465,0.43434343,1,1.4103198834151693e-8,0
0.64646465,0.44444444,1,0,0
0.64646465,0.45454545,1,0,0
0.64646465,0.46464646,1,0,0
0.64646465,0.47474747,1,0,0
0.64646465,0.48484848,1,2.42398860591771e-9,0
0.64646465,0.49494949,1,7.334888351124765e-10,0
0.64646465,0.50505051,1,1.9676807599544124e-8,0
0.64646465,0.51515152,1,0,0
0.64646465,0.52525253,1,0,0
0.64646465,0.53535354,1,0,0
0.64646465,0.54545455,1,2.1008905601216382e-8,0
0.64646465,0.55555556,1,0,0
0.64646465,0.56565657,1,9.483508521146434e-9,0
0.64646465,0.57575758,1,0,0
0.64646465,0.58585859,1,0,0
0.64646465,0.5959596,1,3.0605470871733485e-10,0
0.64646465,0.60606061,1,0,0
0.64646465,0.61616162,1,2.732011033464154e-10,0
0.64646465,0.62626263,1,0,0
0.64646465,0.63636364,1,2.603959854743758e-10,0
0.64646465,0.64646465,1,0,0
0.64646465,0.65656566,1,2.536520426763347e-10,0
0.64646465,0.66666667,1,0,0
0.64646465,0.67676768,1,2.502812772393372e-10,0
0.64646465,0.68686869,1,0,0
0.64646465,0.6969697,1,2.4944697247582416e-10,0
0.64646465,0.70707071,1,0,0
0.64646465,0.71717172,1,2.5084243547267295e-10,0
0.64646465,0.72727273,1,0,0
0.64646465,0.73737374,1,2.5439166292193925e-10,0
0.64646465,0.74747475,1,0,0
0.64646465,0.75757576,1,2.60142191989797e-10,0
0.64646465,0.76767677,1,0,0
0.64646465,0.77777778,1,2.682488267747793e-10,0
0.64646465,0.78787879,1,0,0
0.64646465,0.7979798,1,2.789662205584208e-10,0
0.64646465,0.80808081,1,0,0
0.64646465,0.81818182,1,2.9266091838295663e-10,0
0.64646465,0.82828283,1,0,0
0.64646465,0.83838384,1,3.0983875944261623e-10,0
0.64646465,0.84848485,1,0,0
0.64646465,0.85858586,1,3.3118113727647475e-10,0
0.64646465,0.86868687,1,0,0
0.64646465,0.87878788,1,3.5761283667563867e-10,0
0.64646465,0.88888889,1,0,0
0.64646465,0.8989899,1,3.90375709823608e-10,0
0.64646465,0.90909091,1,0,0
0.64646465,0.91919192,1,4.311754837952458e-10,0
0.64646465,0.92929293,1,0,0
0.64646465,0.93939394,1,4.823847631611755e-10,0
0.64646465,0.94949495,1,0,0
0.64646465,0.95959596,1,5.473718659471104e-10,0
0.64646465,0.96969697,1,0,0
0.64646465,0.97979798,1,6.311487417066942e-10,0
0.64646465,0.98989899,1,0,0
0.64646465,1,1,7.422127383034661e-10,0
0.65656566,0,-1,7.590468378324001e-10,0
0.65656566,0.01010101,-1,0,0
0.65656566,0.02020202,-1,9.688619789366416e-10,0
0.65656566,0.03030303,-1,3.04293985067261e-9,0
0.65656566,0.04040404,-1,2.8069930442597985e-8,0
0.65656566,0.05050505,-1,9.835376113187522e-8,0
0.65656566,0.06060606,1,0,0
0.65656566,0.07070707,1,0,0
0.65656566,0.08080808,1,2.4551570546464065e-6,0
0.65656566,0.09090909,1,1.6778218821855265e-6,0
0.65656566,0.1010101,1,0,0
0.65656566,0.11111111,1,0,0
0.65656566,0.12121212,1,0,0
0.65656566,0.13131313,1,3.2834121157065965e-8,0
0.65656566,0.14141414,1,0,0
0.65656566,0.15151515,1,2.1174399913070376e-5,0
0.65656566,0.16161616,1,1.1139520916185576e-5,0
0.65656566,0.17171717,1,7.593034683304723e-6,0
0.65656566,0.18181818,1,0,0
0.65656566,0.19191919,1,1.860666726179261e-6,0
0.65656566,0.2020202,1,0,0
0.65656566,0.21212121,1,1.7297223990681232e-6,0
0.65656566,0.22222222,1,0,0
0.65656566,0.23232323,1,7.737774286738386e-7,0
0.65656566,0.24242424,1,0,0
0.65656566,0.25252525,1,0,0
0.65656566,0.26262626,1,3.872553256030642e-7,0
0.65656566,0.27272727,1,4.4491738964325135e-8,0
0.65656566,0.28282828,1,0,0
0.65656566,0.29292929,1,0,0
0.65656566,0.3030303,1,2.1196528807365666e-8,0
0.65656566,0.31313131,1,0,0
0.65656566,0.32323232,1,3.69174366636571e-7,0
0.65656566,0.33333333,1,0,0
0.65656566,0.34343434,1,1.932319793240822e-9,0
0.65656566,0.35353535,1,0,0
0.65656566,0.36363636,1,6.162916533973829e-8,0
0.65656566,0.37373737,1,2.379538239871693e-8,0
0.65656566,0.38383838,1,3.04809204793699e-8,0
0.65656566,0.39393939,1,0,0
0.65656566,0.4040404,1,3.689482196744809e-8,0
0.65656566,0.41414141,1,0,0
0.65656566,0.42424242,1,1.7188952396321106e-9,0
0.65656566,0.43434343,1,0,0
0.65656566,0.44444444,1,6.409997484681412e-11,0
0.65656566,0.45454545,1,3.411139740136168e-9,0
0.65656566,0.46464646,1,7.738997125098478e-9,0
0.65656566,0.47474747,1,2.0521513399981283e-8,0
0.65656566,0.48484848,1,0,0
0.65656566,0.49494949,1,0,0
0.65656566,0.50505051,1,0,0
0.65656566,0.51515152,1,2.973423263760006e-9,0
0.65656566,0.52525253,1,1.705698434019713e-9,0
0.65656566,0.53535354,1,7.960397456032595e-9,0
0.65656566,0.54545455,1,0,0
0.65656566,0.55555556,1,7.666583471421796e-9,0
0.65656566,0.56565657,1,0,0
0.65656566,0.57575758,1,8.238762342271944e-9,0
0.65656566,0.58585859,1,7.262196230657657e-10,0
0.65656566,0.5959596,1,0,0
0.65656566,0.60606061,1,2.7204204673877964e-10,0
0.65656566,0.61616162,1,0,0
0.65656566,0.62626263,1,2.5332034197687525e-10,0
0.65656566,0.63636364,1,0,0
0.65656566,0.64646465,1,2.4434314604996833e-10,0
0.65656566,0.65656566,1,0,0
0.65656566,0.66666667,1,2.3953649271497847e-10,0
0.65656566,0.67676768,1,0,0
0.65656566,0.68686869,1,2.3747350192345785e-10,0
0.65656566,0.6969697,1,0,0
0.65656566,0.70707071,1,2.3765181767806777e-10,0
0.65656566,0.71717172,1,0,0
0.65656566,0.72727273,1,2.3989663395481213e-10,0
0.65656566,0.73737374,1,0,0
0.65656566,0.74747475,1,2.441915687940999e-10,0
0.65656566,0.75757576,1,0,0
0.65656566,0.76767677,1,2.506276683448064e-10,0
0.65656566,0.77777778,1,0,0
0.65656566,0.78787879,1,2.5939586531815304e-10,0
0.65656566,0.7979798,1,0,0
0.65656566,0.80808081,1,2.7077632114187736e-10,0
0.65656566,0.81818182,1,0,0
0.65656566,0.82828283,1,2.8516933328320147e-10,0
0.65656566,0.83838384,1,0,0
0.65656566,0.84848485,1,3.031158878256599e-10,0
0.65656566,0.85858586,1,0,0
0.65656566,0.86868687,1,3.253503216909051e-10,0
0.65656566,0.87878788,1,0,0
0.65656566,0.88888889,1,3.5285081695732997e-10,0
0.65656566,0.8989899,1,0,0
0.65656566,0.90909091,1,3.869488387294242e-10,0
0.65656566,0.91919192,1,0,0
0.65656566,0.92929293,1,4.29464176681521e-10,0
0.65656566,0.93939394,1,0,0
0.65656566,0.94949495,1,4.829341872313041e-10,0
0.65656566,0.95959596,1,0,0
0.65656566,0.96969697,1,5.5098962765468e-10,0
0.65656566,0.97979798,1,0,0
0.65656566,0.98989899,1,6.392617893605235e-10,0
0.65656566,1,1,0,0
0.66666667,0,-1,0,0
0.66666667,0.01010101,-1,7.854374086707637e-10,0
0.66666667,0.02020202,-1,0,0
0.66666667,0.03030303,-1,0,0
0.66666667,0.04040404,-1,0,0
0.66666667,0.05050505,-1,0,0
0.66666667,0.06060606,1,9.480574073677416e-7,0
0.66666667,0.07070707,1,1.6755299671785906e-6,0
0.66666667,0.08080808,1,0,0
0.66666667,0.09090909,1,0,0
0.66666667,0.1010101,1,1.9552116478735116e-5,0
0.66666667,0.11111111,1,3.761784433154389e-5,0
0.66666667,0.12121212,1,1.2879244884970832e-5,0
0.66666667,0.13131313,1,1.456521888030693e-7,0
0.66666667,0.14141414,1,1.3689871000678977e-6,0
0.66666667,0.15151515,1,0,0
0.66666667,0.16161616,1,0,0
0.66666667,0.17171717,1,0,0
0.66666667,0.18181818,1,2.2065914863560465e-6,0
0.66666667,0.19191919,1,0,0
0.66666667,0.2020202,1,8.308696205995148e-6,0
0.66666667,0.21212121,1,0,0
0.66666667,0.22222222,1,2.710767205371667e-7,0
0.66666667,0.23232323,1,0,0
0.66666667,0.24242424,1,6.921589683315688e-7,0
0.66666667,0.25252525,1,3.41621795428182e-8,0
0.66666667,0.26262626,1,0,0
0.66666667,0.27272727,1,0,0
0.66666667,0.28282828,1,2.604855955269159e-7,0
0.66666667,0.29292929,1,2.160407534631759e-7,0
0.66666667,0.3030303,1,0,0
0.66666667,0.31313131,1,3.4849570356811914e-7,0
0.66666667,0.32323232,1,0,0
0.66666667,0.33333333,1,8.092706734430522e-8,0
0.66666667,0.34343434,1,3.6591689536180636e-10,0
0.66666667,0.35353535,1,1.6165458952457358e-7,0
0.66666667,0.36363636,1,0,0
0.66666667,0.37373737,1,0,0
0.66666667,0.38383838,1,0,0
0.66666667,0.39393939,1,2.3726098520704397e-8,0
0.66666667,0.4040404,1,0,0
0.66666667,0.41414141,1,6.06127737253992e-8,0
0.66666667,0.42424242,1,0,0
0.66666667,0.43434343,1,1.3737239455814676e-8,0
0.66666667,0.44444444,1,3.986445059811148e-11,0
0.66666667,0.45454545,1,0,0
0.66666667,0.46464646,1,0,0
0.66666667,0.47474747,1,0,0
0.66666667,0.48484848,1,2.12698812724222e-9,0
0.66666667,0.49494949,1,9.40615540389114e-10,0
0.66666667,0.50505051,1,1.9433713561979945e-8,0
0.66666667,0.51515152,1,0,0
0.66666667,0.52525253,1,0,0
0.66666667,0.53535354,1,0,0
0.66666667,0.54545455,1,2.0822170367221232e-8,0
0.66666667,0.55555556,1,0,0
0.66666667,0.56565657,1,9.280060276450896e-9,0
0.66666667,0.57575758,1,0,0
0.66666667,0.58585859,1,0,0
0.66666667,0.5959596,1,2.8121854758339504e-10,0
0.66666667,0.60606061,1,0,0
0.66666667,0.61616162,1,2.4939447072335607e-10,0
0.66666667,0.62626263,1,0,0
0.66666667,0.63636364,1,2.3713015367896046e-10,0
0.66666667,0.64646465,1,0,0
0.66666667,0.65656566,1,2.3065949293875342e-10,0
0.66666667,0.66666667,1,0,0
0.66666667,0.67676768,1,2.2734907220885168e-10,0
0.66666667,0.68686869,1,0,0
0.66666667,0.6969697,1,2.263763111088821e-10,0
0.66666667,0.70707071,1,0,0
0.66666667,0.71717172,1,2.2743690848339023e-10,0
0.66666667,0.72727273,1,0,0
0.66666667,0.73737374,1,2.3044494271481227e-10,0
0.66666667,0.74747475,1,0,0
0.66666667,0.75757576,1,2.3542889535151797e-10,0
0.66666667,0.76767677,1,0,0
0.66666667,0.77777778,1,2.4251749302355715e-10,0
0.66666667,0.78787879,1,0,0
0.66666667,0.7979798,1,2.5192820060464253e-10,0
0.66666667,0.80808081,1,0,0
0.66666667,0.81818182,1,2.639724240385138e-10,0
0.66666667,0.82828283,1,0,0
0.66666667,0.83838384,1,2.790816318742548e-10,0
0.66666667,0.84848485,1,0,0
0.66666667,0.85858586,1,2.9783597423477246e-10,0
0.66666667,0.86868687,1,0,0
0.66666667,0.87878788,1,3.2101931758538035e-10,0
0.66666667,0.88888889,1,0,0
0.66666667,0.8989899,1,3.4967554598253065e-10,0
0.66666667,0.90909091,1,0,0
0.66666667,0.91919192,1,3.8522028686163725e-10,0
0.66666667,0.92929293,1,0,0
0.66666667,0.93939394,1,4.2959290336014305e-10,0
0.66666667,0.94949495,1,0,0
0.66666667,0.95959596,1,4.85494343577253e-10,0
0.66666667,0.96969697,1,0,0
0.66666667,0.97979798,1,5.56866952183821e-10,0
0.66666667,0.98989899,1,0,0
0.66666667,1,1,6.504136679796878e-10,0
0.67676768,0,-1,6.655595846005723e-10,0
0.67676768,0.01010101,-1,0,0
0.67676768,0.02020202,-1,8.46937249132651e-10,0
0.67676768,0.03030303,-1,3.151624530062236e-9,0
0.67676768,0.04040404,-1,2.9720128918597767e-8,0
0.67676768,0.05050505,-1,1.0563499399722788e-7,0
0.67676768,0.06060606,1,0,0
0.67676768,0.07070707,1,0,0
0.67676768,0.08080808,1,2.2975658284849488e-6,0
0.67676768,0.09090909,1,1.57585967972409e-6,0
0.67676768,0.1010101,1,0,0
0.67676768,0.11111111,1,0,0
0.67676768,0.12121212,1,0,0
0.67676768,0.13131313,1,0,0
0.67676768,0.14141414,1,0,0
0.67676768,0.15151515,1,2.029718006124313e-5,0
0.67676768,0.16161616,1,1.0207416452612962e-5,0
0.67676768,0.17171717,1,6.893948527613247e-6,0
0.67676768,0.18181818,1,0,0
0.67676768,0.19191919,1,1.6462192797007448e-6,0
0.67676768,0.2020202,1,0,0
0.67676768,0.21212121,1,1.567470606732968e-6,0
0.67676768,0.22222222,1,0,0
0.67676768,0.23232323,1,7.21125960376412e-7,0
0.67676768,0.24242424,1,0,0
0.67676768,0.25252525,1,0,0
0.67676768,0.26262626,1,3.719867410609368e-7,0
0.67676768,0.27272727,1,3.9682402928065135e-8,0
0.67676768,0.28282828,1,0,0
0.67676768,0.29292929,1,0,0
0.67676768,0.3030303,1,1.2311132064724009e-8,0
0.67676768,0.31313131,1,0,0
0.67676768,0.32323232,1,3.6905779522271587e-7,0
0.67676768,0.33333333,1,0,0
0.67676768,0.34343434,1,0,0
0.67676768,0.35353535,1,0,0
0.67676768,0.36363636,1,6.081629598071459e-8,0
0.67676768,0.37373737,1,2.3482781669770252e-8,0
0.67676768,0.38383838,1,2.9771185293725468e-8,0
0.67676768,0.39393939,1,0,0
0.67676768,0.4040404,1,3.7494331959564425e-8,0
0.67676768,0.41414141,1,0,0
0.67676768,0.42424242,1,7.446850377235136e-10,0
0.67676768,0.43434343,1,0,0
0.67676768,0.44444444,1,0,0
0.67676768,0.45454545,1,3.394881641402385e-9,0
0.67676768,0.46464646,1,8.234134866492473e-9,0
0.67676768,0.47474747,1,2.029603290442444e-8,0
0.67676768,0.48484848,1,0,0
0.67676768,0.49494949,1,0,0
0.67676768,0.50505051,1,0,0
0.67676768,0.51515152,1,2.5294890103023763e-9,0
0.67676768,0.52525253,1,2.095213400215429e-9,0
0.67676768,0.53535354,1,7.810080827758657e-9,0
0.67676768,0.54545455,1,0,0
0.67676768,0.55555556,1,7.47999040719748e-9,0
0.67676768,0.56565657,1,0,0
0.67676768,0.57575758,1,8.227326473608799e-9,0
0.67676768,0.58585859,1,7.0013148095599e-10,0
0.67676768,0.5959596,1,0,0
0.67676768,0.60606061,1,2.5029833724439513e-10,0
0.67676768,0.61616162,1,0,0
0.67676768,0.62626263,1,2.3220178659031154e-10,0
0.67676768,0.63636364,1,0,0
0.67676768,0.64646465,1,2.235687617630107e-10,0
0.67676768,0.65656566,1,0,0
0.67676768,0.66666667,1,2.1890182665849568e-10,0
0.67676768,0.67676768,1,0,0
0.67676768,0.68686869,1,2.1679699033216872e-10,0
0.67676768,0.6969697,1,0,0
0.67676768,0.70707071,1,2.1675746699227269e-10,0
0.67676768,0.71717172,1,0,0
0.67676768,0.72727273,1,2.1860365908331694e-10,0
0.67676768,0.73737374,1,0,0
0.67676768,0.74747475,1,2.223065701490237e-10,0
0.67676768,0.75757576,1,0,0
0.67676768,0.76767677,1,2.2793691300728587e-10,0
0.67676768,0.77777778,1,0,0
0.67676768,0.78787879,1,2.3565576301141924e-10,0
0.67676768,0.7979798,1,0,0
0.67676768,0.80808081,1,2.45701507111274e-10,0
0.67676768,0.81818182,1,0,0
0.67676768,0.82828283,1,2.5841901677660025e-10,0
0.67676768,0.83838384,1,0,0
0.67676768,0.84848485,1,2.7427002970582123e-10,0
0.67676768,0.85858586,1,0,0
0.67676768,0.86868687,1,2.9387903489920537e-10,0
0.67676768,0.87878788,1,0,0
0.67676768,0.88888889,1,3.1807513491376166e-10,0
0.67676768,0.8989899,1,0,0
0.67676768,0.90909091,1,3.479691773063121e-10,0
0.67676768,0.91919192,1,0,0
0.67676768,0.92929293,1,3.8506264173066014e-10,0
0.67676768,0.93939394,1,0,0
0.67676768,0.94949495,1,4.3140905567860816e-10,0
0.67676768,0.95959596,1,0,0
0.67676768,0.96969697,1,4.898758990238422e-10,0
0.67676768,0.97979798,1,0,0
0.67676768,0.98989899,1,5.648531950976782e-10,0
0.67676768,1,1,0,0
0.68686869,0,-1,0,0
0.68686869,0.01010101,-1,6.891066179334771e-10,0
0.68686869,0.02020202,-1,0,0
0.68686869,0.03030303,-1,0,0
0.68686869,0.04040404,-1,0,0
0.68686869,0.05050505,-1,0,0
0.68686869,0.06060606,1,9.88298375159502e-7,0
0.68686869,0.07070707,1,1.790427477681078e-6,0
0.68686869,0.08080808,1,0,0
0.68686869,0.09090909,1,0,0
0.68686869,0.1010101,1,1.9314452323305888e-5,0
0.68686869,0.11111111,1,3.7267993198474873e-5,0
0.68686869,0.12121212,1,1.2639155818033032e-5,0
0.68686869,0.13131313,1,4.6280399401439355e-7,0
0.68686869,0.14141414,1,1.0032419857452625e-6,0
0.68686869,0.15151515,1,0,0
0.68686869,0.16161616,1,0,0
0.68686869,0.17171717,1,0,0
0.68686869,0.18181818,1,2.378153335303068e-6,0
0.68686869,0.19191919,1,0,0
0.68686869,0.2020202,1,7.778331301415164e-6,0
0.68686869,0.21212121,1,0,0
0.68686869,0.22222222,1,2.678323749478295e-7,0
0.68686869,0.23232323,1,0,0
0.68686869,0.24242424,1,6.584029718851525e-7,0
0.68686869,0.25252525,1,4.8820123674886424e-8,0
0.68686869,0.26262626,1,0,0
0.68686869,0.27272727,1,0,0
0.68686869,0.28282828,1,2.604763050157999e-7,0
0.68686869,0.29292929,1,1.899736079394643e-7,0
0.68686869,0.3030303,1,0,0
0.68686869,0.31313131,1,3.398433800668954e-7,0
0.68686869,0.32323232,1,0,0
0.68686869,0.33333333,1,7.797611185651478e-8,0
0.68686869,0.34343434,1,4.6843598653367744e-9,0
0.68686869,0.35353535,1,1.5633762961186906e-7,0
0.68686869,0.36363636,1,0,0
0.68686869,0.37373737,1,0,0
0.68686869,0.38383838,1,0,0
0.68686869,0.39393939,1,2.3593246255870784e-8,0
0.68686869,0.4040404,1,0,0
0.68686869,0.41414141,1,5.981578344886885e-8,0
0.68686869,0.42424242,1,0,0
0.68686869,0.43434343,1,1.3563725314624798e-8,0
0.68686869,0.44444444,1,2.44381553465671e-10,0
0.68686869,0.45454545,1,0,0
0.68686869,0.46464646,1,0,0
0.68686869,0.47474747,1,0,0
0.68686869,0.48484848,1,1.8577313868713663e-9,0
0.68686869,0.49494949,1,1.1484052238017703e-9,0
0.68686869,0.50505051,1,1.9375812489484495e-8,0
0.68686869,0.51515152,1,0,0
0.68686869,0.52525253,1,0,0
0.68686869,0.53535354,1,0,0
0.68686869,0.54545455,1,2.0811861245093913e-8,0
0.68686869,0.55555556,1,0,0
0.68686869,0.56565657,1,9.150784065603546e-9,0
0.68686869,0.57575758,1,0,0
0.68686869,0.58585859,1,0,0
0.68686869,0.5959596,1,2.612811267888732e-10,0
0.68686869,0.60606061,1,0,0
0.68686869,0.61616162,1,2.3015909602023406e-10,0
0.68686869,0.62626263,1,0,0
0.68686869,0.63636364,1,2.182957633900008e-10,0
0.68686869,0.64646465,1,0,0
0.68686869,0.65656566,1,2.1202862338467239e-10,0
0.68686869,0.66666667,1,0,0
0.68686869,0.67676768,1,2.0875420754343536e-10,0
0.68686869,0.68686869,1,0,0
0.68686869,0.6969697,1,2.0765628974857287e-10,0
0.68686869,0.70707071,1,0,0
0.68686869,0.71717172,1,2.0843219278609584e-10,0
0.68686869,0.72727273,1,0,0
0.68686869,0.73737374,1,2.1098743966609015e-10,0
0.68686869,0.74747475,1,0,0
0.68686869,0.75757576,1,2.1533601195961084e-10,0
0.68686869,0.76767677,1,0,0
0.68686869,0.77777778,1,2.2158405315892816e-10,0
0.68686869,0.78787879,1,0,0
0.68686869,0.7979798,1,2.299153017402012e-10,0
0.68686869,0.80808081,1,0,0
0.68686869,0.81818182,1,2.4059705104041657e-10,0
0.68686869,0.82828283,1,0,0
0.68686869,0.83838384,1,2.5400087211101916e-10,0
0.68686869,0.84848485,1,0,0
0.68686869,0.85858586,1,2.706243016304234e-10,0
0.68686869,0.86868687,1,0,0
0.68686869,0.87878788,1,2.911312637405954e-10,0
0.68686869,0.88888889,1,0,0
0.68686869,0.8989899,1,3.1640280794009453e-10,0
0.68686869,0.90909091,1,0,0
0.68686869,0.91919192,1,3.4761136751233295e-10,0
0.68686869,0.92929293,1,0,0
0.68686869,0.93939394,1,3.8633938083598917e-10,0
0.68686869,0.94949495,1,0,0
0.68686869,0.95959596,1,4.3473695109587545e-10,0
0.68686869,0.96969697,1,0,0
0.68686869,0.97979798,1,4.958673422114297e-10,0
0.68686869,0.98989899,1,0,0
0.68686869,1,1,5.749936447894261e-10,0
0.6969697,0,-1,5.882017283386984e-10,0
0.6969697,0.01010101,-1,0,0
0.6969697,0.02020202,-1,7.468090152173977e-10,0
0.6969697,0.03030303,-1,3.258484010437712e-9,0
0.6969697,0.04040404,-1,3.1670214218593184e-8,0
0.6969697,0.05050505,-1,1.1419286784075669e-7,0
0.6969697,0.06060606,-1,0,0
0.6969697,0.07070707,1,0,0
0.6969697,0.08080808,1,2.162625454366207e-6,0
0.6969697,0.09090909,1,1.4926539064617829e-6,0
0.6969697,0.1010101,1,0,0
0.6969697,0.11111111,1,0,0
0.6969697,0.12121212,1,0,0
0.6969697,0.13131313,1,0,0
0.6969697,0.14141414,1,0,0
0.6969697,0.15151515,1,1.9626538634474857e-5,0
0.6969697,0.16161616,1,9.460905930609442e-6,0
0.6969697,0.17171717,1,6.339346586537431e-6,0
0.6969697,0.18181818,1,0,0
0.6969697,0.19191919,1,1.4651313485956054e-6,0
0.6969697,0.2020202,1,0,0
0.6969697,0.21212121,1,1.4358214039020824e-6,0
0.6969697,0.22222222,1,0,0
0.6969697,0.23232323,1,6.820591088398943e-7,0
0.6969697,0.24242424,1,0,0
0.6969697,0.25252525,1,0,0
0.6969697,0.26262626,1,3.609071106438933e-7,0
0.6969697,0.27272727,1,3.5923417703997995e-8,0
0.6969697,0.28282828,1,0,0
0.6969697,0.29292929,1,0,0
0.6969697,0.3030303,1,4.505885021899303e-9,0
0.6969697,0.31313131,1,0,0
0.6969697,0.32323232,1,3.711224661230972e-7,0
0.6969697,0.33333333,1,0,0
0.6969697,0.34343434,1,0,0
0.6969697,0.35353535,1,0,0
0.6969697,0.36363636,1,6.06095257566608e-8,0
0.6969697,0.37373737,1,2.3432055488115112e-8,0
0.6969697,0.38383838,1,2.9342894793416013e-8,0
0.6969697,0.39393939,1,0,0
0.6969697,0.4040404,1,3.8293734579752945e-8,0
0.6969697,0.41414141,1,0,0
0.6969697,0.42424242,1,0,0
0.6969697,0.43434343,1,0,0
0.6969697,0.44444444,1,0,0
0.6969697,0.45454545,1,3.418128305404666e-9,0
0.6969697,0.46464646,1,8.786352821583271e-9,0
0.6969697,0.47474747,1,2.0283954234502633e-8,0
0.6969697,0.48484848,1,0,0
0.6969697,0.49494949,1,0,0
0.6969697,0.50505051,1,0,0
0.6969697,0.51515152,1,2.1123351718770055e-9,0
0.6969697,0.52525253,1,2.4961605761635726e-9,0
0.6969697,0.53535354,1,7.731384059959067e-9,0
0.6969697,0.54545455,1,0,0
0.6969697,0.55555556,1,7.353476053854197e-9,0
0.6969697,0.56565657,1,0,0
0.6969697,0.57575758,1,8.279478853978617e-9,0
0.6969697,0.58585859,1,6.818743951628182e-10,0
0.6969697,0.5959596,1,0,0
0.6969697,0.60606061,1,2.327363437026886e-10,0
0.6969697,0.61616162,1,0,0
0.6969697,0.62626263,1,2.1507510094744692e-10,0
0.6969697,0.63636364,1,0,0
0.6969697,0.64646465,1,2.0669129542141837e-10,0
0.6969697,0.65656566,1,0,0
0.6969697,0.66666667,1,2.0211816280646388e-10,0
0.6969697,0.67676768,1,0,0
0.6969697,0.68686869,1,1.9996314840047686e-10,0
0.6969697,0.6969697,1,0,0
0.6969697,0.70707071,1,1.9973129420820803e-10,0
0.6969697,0.71717172,1,0,0
0.6969697,0.72727273,1,2.012380336650216e-10,0
0.6969697,0.73737374,1,0,0
0.6969697,0.74747475,1,2.044431389163631e-10,0
0.6969697,0.75757576,1,0,0
0.6969697,0.76767677,1,2.0940065641322778e-10,0
0.6969697,0.77777778,1,0,0
0.6969697,0.78787879,1,2.1624613293497183e-10,0
0.6969697,0.7979798,1,0,0
0.6969697,0.80808081,1,2.2518395074028202e-10,0
0.6969697,0.81818182,1,0,0
0.6969697,0.82828283,1,2.3651048042735993e-10,0
0.6969697,0.83838384,1,0,0
0.6969697,0.84848485,1,2.5062202382575284e-10,0
0.6969697,0.85858586,1,0,0
0.6969697,0.86868687,1,2.6805311531784285e-10,0
0.6969697,0.87878788,1,0,0
0.6969697,0.88888889,1,2.895058947526702e-10,0
0.6969697,0.8989899,1,0,0
0.6969697,0.90909091,1,3.1590597278190186e-10,0
0.6969697,0.91919192,1,0,0
0.6969697,0.92929293,1,3.484872689460406e-10,0
0.6969697,0.93939394,1,0,0
0.6969697,0.94949495,1,3.8889745204440106e-10,0
0.6969697,0.95959596,1,0,0
0.6969697,0.96969697,1,4.393715916026219e-10,0
0.6969697,0.97979798,1,0,0
0.6969697,0.98989899,1,5.032790327895443e-10,0
0.6969697,1,1,0,0
0.70707071,0,-1,0,0
0.70707071,0.01010101,-1,6.089590645741439e-10,0
0.70707071,0.02020202,-1,0,0
0.70707071,0.03030303,-1,0,0
0.70707071,0.04040404,-1,0,0
0.70707071,0.05050505,-1,0,0
0.70707071,0.06060606,-1,1.03717853417038e-6,0
0.70707071,0.07070707,1,1.917633380799089e-6,0
0.70707071,0.08080808,1,0,0
0.70707071,0.09090909,1,0,0
0.70707071,0.1010101,1,1.9228412280790507e-5,0
0.70707071,0.11111111,1,3.7184276181506e-5,0
0.70707071,0.12121212,1,1.2486317695584148e-5,0
0.70707071,0.13131313,1,7.415869695250877e-7,0
0.70707071,0.14141414,1,7.021814191830345e-7,0
0.70707071,0.15151515,1,0,0
0.70707071,0.16161616,1,0,0
0.70707071,0.17171717,1,0,0
0.70707071,0.18181818,1,2.531174613250187e-6,0
0.70707071,0.19191919,1,0,0
0.70707071,0.2020202,1,7.362844873205177e-6,0
0.70707071,0.21212121,1,0,0
0.70707071,0.22222222,1,2.692989202842e-7,0
0.70707071,0.23232323,1,0,0
0.70707071,0.24242424,1,6.332456066047598e-7,0
0.70707071,0.25252525,1,6.162772351672174e-8,0
0.70707071,0.26262626,1,0,0
0.70707071,0.27272727,1,0,0
0.70707071,0.28282828,1,2.613519717442614e-7,0
0.70707071,0.29292929,1,1.6810676816021445e-7,0
0.70707071,0.3030303,1,0,0
0.70707071,0.31313131,1,3.3484908531704605e-7,0
0.70707071,0.32323232,1,0,0
0.70707071,0.33333333,1,7.551592713070933e-8,0
0.70707071,0.34343434,1,8.769594020918703e-9,0
0.70707071,0.35353535,1,1.5266093352011014e-7,0
0.70707071,0.36363636,1,0,0
0.70707071,0.37373737,1,0,0
0.70707071,0.38383838,1,0,0
0.70707071,0.39393939,1,2.3578805365431778e-8,0
0.70707071,0.4040404,1,0,0
0.70707071,0.41414141,1,5.953727399301557e-8,0
0.70707071,0.42424242,1,6.330901381801367e-10,0
0.70707071,0.43434343,1,1.3568582396494834e-8,0
0.70707071,0.44444444,1,4.5064838940511725e-10,0
0.70707071,0.45454545,1,0,0
0.70707071,0.46464646,1,0,0
0.70707071,0.47474747,1,0,0
0.70707071,0.48484848,1,1.606469123611315e-9,0
0.70707071,0.49494949,1,1.3638784175398071e-9,0
0.70707071,0.50505051,1,1.9500249297865064e-8,0
0.70707071,0.51515152,1,0,0
0.70707071,0.52525253,1,0,0
0.70707071,0.53535354,1,0,0
0.70707071,0.54545455,1,2.0977735765283573e-8,0
0.70707071,0.55555556,1,0,0
0.70707071,0.56565657,1,9.091819570095085e-9,0
0.70707071,0.57575758,1,0,0
0.70707071,0.58585859,1,0,0
0.70707071,0.5959596,1,2.452774765810545e-10,0
0.70707071,0.60606061,1,0,0
0.70707071,0.61616162,1,2.1455821989178202e-10,0
0.70707071,0.62626263,1,0,0
0.70707071,0.63636364,1,2.0296735335802175e-10,0
0.70707071,0.64646465,1,0,0
0.70707071,0.65656566,1,1.9683502562491128e-10,0
0.70707071,0.66666667,1,0,0
0.70707071,0.67676768,1,1.9356828562105966e-10,0
0.70707071,0.68686869,1,0,0
0.70707071,0.6969697,1,1.9235168332853991e-10,0
0.70707071,0.70707071,1,0,0
0.70707071,0.71717172,1,1.9288014105889315e-10,0
0.70707071,0.72727273,1,0,0
0.70707071,0.73737374,1,1.9505085476628771e-10,0
0.70707071,0.74747475,1,0,0
0.70707071,0.75757576,1,1.9886413043044418e-10,0
0.70707071,0.76767677,1,0,0
0.70707071,0.77777778,1,2.0440603891950376e-10,0
0.70707071,0.78787879,1,0,0
0.70707071,0.7979798,1,2.1183446993200406e-10,0
0.70707071,0.80808081,1,0,0
0.70707071,0.81818182,1,2.2137857198095687e-10,0
0.70707071,0.82828283,1,0,0
0.70707071,0.83838384,1,2.3335801011062366e-10,0
0.70707071,0.84848485,1,0,0
0.70707071,0.85858586,1,2.4819919662508184e-10,0
0.70707071,0.86868687,1,0,0
0.70707071,0.87878788,1,2.6646566121599217e-10,0
0.70707071,0.88888889,1,0,0
0.70707071,0.8989899,1,2.889022620564119e-10,0
0.70707071,0.90909091,1,0,0
0.70707071,0.91919192,1,3.1647446853549916e-10,0
0.70707071,0.92929293,1,0,0
0.70707071,0.93939394,1,3.5046220120960035e-10,0
0.70707071,0.94949495,1,0,0
0.70707071,0.95959596,1,3.9255176288721663e-10,0
0.70707071,0.96969697,1,0,0
0.70707071,0.97979798,1,4.4507097446272463e-10,0
0.70707071,0.98989899,1,0,0
0.70707071,1,1,5.121052880717457e-10,0
0.71717172,0,-1,5.232290394414223e-10,0
0.71717172,0.01010101,-1,0,0
0.71717172,0.02020202,-1,6.63490230209951e-10,0
0.71717172,0.03030303,-1,3.367955420863211e-9,0
0.71717172,0.04040404,-1,3.3990529863103804e-8,0
0.71717172,0.05050505,-1,1.2431858449417632e-7,0
0.71717172,0.06060606,-1,0,0
0.71717172,0.07070707,1,0,0
0.71717172,0.08080808,1,2.0460077619645745e-6,0
0.71717172,0.09090909,1,1.4252130931708962e-6,0
0.71717172,0.1010101,1,0,0
0.71717172,0.11111111,1,0,0
0.71717172,0.12121212,1,0,0
0.71717172,0.13131313,1,0,0
0.71717172,0.14141414,1,0,0
0.71717172,0.15151515,1,1.913953236362431e-5,0
0.71717172,0.16161616,1,8.862846477131825e-6,0
0.71717172,0.17171717,1,5.898505175719038e-6,0
0.71717172,0.18181818,1,0,0
0.71717172,0.19191919,1,1.3097158836899323e-6,0
0.71717172,0.2020202,1,0,0
0.71717172,0.21212121,1,1.3283492577102152e-6,0
0.71717172,0.22222222,1,0,0
0.71717172,0.23232323,1,6.538264398841421e-7,0
0.71717172,0.24242424,1,0,0
0.71717172,0.25252525,1,0,0
0.71717172,0.26262626,1,3.5356556736587664e-7,0
0.71717172,0.27272727,1,3.3030364738806385e-8,0
0.71717172,0.28282828,1,0,0
0.71717172,0.29292929,1,0,0
0.71717172,0.3030303,1,0,0
0.71717172,0.31313131,1,0,0
0.71717172,0.32323232,1,3.755704161676477e-7,0
0.71717172,0.33333333,1,0,0
0.71717172,0.34343434,1,0,0
0.71717172,0.35353535,1,0,0
0.71717172,0.36363636,1,6.098374393843642e-8,0
0.71717172,0.37373737,1,2.363925094073238e-8,0
0.71717172,0.38383838,1,2.9186391888913482e-8,0
0.71717172,0.39393939,1,0,0
0.71717172,0.4040404,1,3.93329465506298e-8,0
0.71717172,0.41414141,1,0,0
0.71717172,0.42424242,1,0,0
0.71717172,0.43434343,1,0,0
0.71717172,0.44444444,1,0,0
0.71717172,0.45454545,1,3.4803361840793363e-9,0
0.71717172,0.46464646,1,9.416441913384297e-9,0
0.71717172,0.47474747,1,2.0483171018283177e-8,0
0.71717172,0.48484848,1,0,0
0.71717172,0.49494949,1,0,0
0.71717172,0.50505051,1,0,0
0.71717172,0.51515152,1,1.7077084383721255e-9,0
0.71717172,0.52525253,1,2.921872631293266e-9,0
0.71717172,0.53535354,1,7.721956920866275e-9,0
0.71717172,0.54545455,1,0,0
0.71717172,0.55555556,1,7.283132472402088e-9,0
0.71717172,0.56565657,1,0,0
0.71717172,0.57575758,1,8.397168133428279e-9,0
0.71717172,0.58585859,1,6.706045598965995e-10,0
0.71717172,0.5959596,1,0,0
0.71717172,0.60606061,1,2.1853554666283888e-10,0
0.71717172,0.61616162,1,0,0
0.71717172,0.62626263,1,2.0113391596167374e-10,0
0.71717172,0.63636364,1,0,0
0.71717172,0.64646465,1,1.9291479683332391e-10,0
0.71717172,0.65656566,1,0,0
0.71717172,0.66666667,1,1.8839454952613437e-10,0
0.71717172,0.67676768,1,0,0
0.71717172,0.68686869,1,1.861799462047481e-10,0
0.71717172,0.6969697,1,0,0
0.71717172,0.70707071,1,1.8577306933713344e-10,0
0.71717172,0.71717172,1,0,0
0.71717172,0.72727273,1,1.8698478332426768e-10,0
0.71717172,0.73737374,1,0,0
0.71717172,0.74747475,1,1.897662510300796e-10,0
0.71717172,0.75757576,1,0,0
0.71717172,0.76767677,1,1.9415436861187908e-10,0
0.71717172,0.77777778,1,0,0
0.71717172,0.78787879,1,2.0026247270869823e-10,0
0.71717172,0.7979798,1,0,0
0.71717172,0.80808081,1,2.0826532110967968e-10,0
0.71717172,0.81818182,1,0,0
0.71717172,0.82828283,1,2.1841924764363918e-10,0
0.71717172,0.83838384,1,0,0
0.71717172,0.84848485,1,2.3106485095986118e-10,0
0.71717172,0.85858586,1,0,0
0.71717172,0.86868687,1,2.4665756545999557e-10,0
0.71717172,0.87878788,1,0,0
0.71717172,0.88888889,1,2.65792743145421e-10,0
0.71717172,0.8989899,1,0,0
0.71717172,0.90909091,1,2.8924032180049907e-10,0
0.71717172,0.91919192,1,0,0
0.71717172,0.92929293,1,3.1800402455206544e-10,0
0.71717172,0.93939394,1,0,0
0.71717172,0.94949495,1,3.533846545292208e-10,0
0.71717172,0.95959596,1,0,0
0.71717172,0.96969697,1,3.9707584881601416e-10,0
0.71717172,0.97979798,1,0,0
0.71717172,0.98989899,1,4.515928719514561e-10,0
0.71717172,1,1,0,0
0.72727273,0,-1,0,0
0.72727273,0.01010101,-1,5.412814593153125e-10,0
0.72727273,0.02020202,-1,0,0
0.72727273,0.03030303,-1,0,0
0.72727273,0.04040404,-1,0,0
0.72727273,0.05050505,-1,0,0
0.72727273,0.06060606,-1,1.096370700543048e-6,0
0.72727273,0.07070707,1,2.0616994239389896e-6,0
0.72727273,0.08080808,1,0,0
0.72727273,0.09090909,1,0,0
0.72727273,0.1010101,1,1.929098536493257e-5,0
0.72727273,0.11111111,1,3.736857663607225e-5,0
0.72727273,0.12121212,1,1.2420195032609626e-5,0
0.72727273,0.13131313,1,9.960706054698677e-7,0
0.72727273,0.14141414,1,4.472720320336521e-7,0
0.72727273,0.15151515,1,0,0
0.72727273,0.16161616,1,0,0
0.72727273,0.17171717,1,0,0
0.72727273,0.18181818,1,2.676786376105156e-6,0
0.72727273,0.19191919,1,0,0
0.72727273,0.2020202,1,7.0421626882307465e-6,0
0.72727273,0.21212121,1,0,0
0.72727273,0.22222222,1,2.749330877122703e-7,0
0.72727273,0.23232323,1,0,0
0.72727273,0.24242424,1,6.155256139209086e-7,0
0.72727273,0.25252525,1,7.328812816922437e-8,0
0.72727273,0.26262626,1,0,0
0.72727273,0.27272727,1,0,0
0.72727273,0.28282828,1,2.633713134855498e-7,0
0.72727273,0.29292929,1,1.4945129480565813e-7,0
0.72727273,0.3030303,1,6.002606869515148e-9,0
0.72727273,0.31313131,1,3.332555905672053e-7,0
0.72727273,0.32323232,1,0,0
0.72727273,0.33333333,1,7.351737772296475e-8,0
0.72727273,0.34343434,1,1.2768700804599576e-8,0
0.72727273,0.35353535,1,1.5047459926620377e-7,0
0.72727273,0.36363636,1,0,0
0.72727273,0.37373737,1,0,0
0.72727273,0.38383838,1,0,0
0.72727273,0.39393939,1,2.368725065906574e-8,0
0.72727273,0.4040404,1,0,0
0.72727273,0.41414141,1,5.97667546600178e-8,0
0.72727273,0.42424242,1,1.5534659524973902e-9,0
0.72727273,0.43434343,1,1.3748209717334704e-8,0
0.72727273,0.44444444,1,6.663666567874316e-10,0
0.72727273,0.45454545,1,0,0
0.72727273,0.46464646,1,0,0
0.72727273,0.47474747,1,0,0
0.72727273,0.48484848,1,1.3641850656324892e-9,0
0.72727273,0.49494949,1,1.5942753551628775e-9,0
0.72727273,0.50505051,1,1.9811504206362908e-8,0
0.72727273,0.51515152,1,0,0
0.72727273,0.52525253,1,0,0
0.72727273,0.53535354,1,0,0
0.72727273,0.54545455,1,2.132567490833459e-8,0
0.72727273,0.55555556,1,0,0
0.72727273,0.56565657,1,9.101369003505777e-9,0
0.72727273,0.57575758,1,0,0
0.72727273,0.58585859,1,0,0
0.72727273,0.5959596,1,2.3248722058819003e-10,0
0.72727273,0.60606061,1,0,0
0.72727273,0.61616162,1,2.0189076119850324e-10,0
0.72727273,0.62626263,1,0,0
0.72727273,0.63636364,1,1.9046187872892584e-10,0
0.72727273,0.64646465,1,0,0
0.72727273,0.65656566,1,1.844098098009728e-10,0
0.72727273,0.66666667,1,0,0
0.72727273,0.67676768,1,1.811280703173379e-10,0
0.72727273,0.68686869,1,0,0
0.72727273,0.6969697,1,1.7979551978353215e-10,0
0.72727273,0.70707071,1,0,0
0.72727273,0.71717172,1,1.8010257813935727e-10,0
0.72727273,0.72727273,1,0,0
0.72727273,0.73737374,1,1.8193879296468649e-10,0
0.72727273,0.74747475,1,0,0
0.72727273,0.75757576,1,1.852920540980352e-10,0
0.72727273,0.76767677,1,0,0
0.72727273,0.77777778,1,1.9023167454126912e-10,0
0.72727273,0.78787879,1,0,0
0.72727273,0.7979798,1,1.9689089823943238e-10,0
0.72727273,0.80808081,1,0,0
0.72727273,0.81818182,1,2.0546700668505615e-10,0
0.72727273,0.82828283,1,0,0
0.72727273,0.83838384,1,2.1623548062607579e-10,0
0.72727273,0.84848485,1,0,0
0.72727273,0.85858586,1,2.2956321047290506e-10,0
0.72727273,0.86868687,1,0,0
0.72727273,0.87878788,1,2.459259684825521e-10,0
0.72727273,0.88888889,1,0,0
0.72727273,0.8989899,1,2.6594838092169894e-10,0
0.72727273,0.90909091,1,0,0
0.72727273,0.91919192,1,2.904192115460447e-10,0
0.72727273,0.92929293,1,0,0
0.72727273,0.93939394,1,3.2035655645468176e-10,0
0.72727273,0.94949495,1,0,0
0.72727273,0.95959596,1,3.570443445177762e-10,0
0.72727273,0.96969697,1,0,0
0.72727273,0.97979798,1,4.0218072415720845e-10,0
0.72727273,0.98989899,1,0,0
0.72727273,1,1,4.5887948508793737e-10,0
0.73737374,0,-1,4.678192881746313e-10,0
0.73737374,0.01010101,-1,0,0
0.73737374,0.02020202,-1,5.932679977838083e-10,0
0.73737374,0.03030303,-1,3.482888045192034e-9,0
0.73737374,0.04040404,-1,3.6771137790481136e-8,0
0.73737374,0.05050505,-1,1.3638733171319473e-7,0
0.73737374,0.06060606,-1,0,0
0.73737374,0.07070707,-1,0,0
0.73737374,0.08080808,1,1.9440021191257985e-6,0
0.73737374,0.09090909,1,1.3712872518226506e-6,0
0.73737374,0.1010101,1,0,0
0.73737374,0.11111111,1,0,0
0.73737374,0.12121212,1,0,0
0.73737374,0.13131313,1,0,0
0.73737374,0.14141414,1,0,0
0.73737374,0.15151515,1,1.8820092250825837e-5,0
0.73737374,0.16161616,1,8.38617629779037e-6,0
0.73737374,0.17171717,1,5.549414420966059e-6,0
0.73737374,0.18181818,1,0,0
0.73737374,0.19191919,1,1.173898136767093e-6,0
0.73737374,0.2020202,1,0,0
0.73737374,0.21212121,1,1.2402722692058888e-6,0
0.73737374,0.22222222,1,0,0
0.73737374,0.23232323,1,6.346176010993077e-7,0
0.73737374,0.24242424,1,0,0
0.73737374,0.25252525,1,0,0
0.73737374,0.26262626,1,3.4968090994880185e-7,0
0.73737374,0.27272727,1,3.087885015702341e-8,0
0.73737374,0.28282828,1,0,0
0.73737374,0.29292929,1,0,0
0.73737374,0.3030303,1,0,0
0.73737374,0.31313131,1,0,0
0.73737374,0.32323232,1,3.826279418035483e-7,0
0.73737374,0.33333333,1,0,0
0.73737374,0.34343434,1,0,0
0.73737374,0.35353535,1,0,0
0.73737374,0.36363636,1,6.194060284201442e-8,0
0.73737374,0.37373737,1,2.4112581525059797e-8,0
0.73737374,0.38383838,1,2.9302210899118112e-8,0
0.73737374,0.39393939,1,0,0
0.73737374,0.4040404,1,4.0654686682728436e-8,0
0.73737374,0.41414141,1,0,0
0.73737374,0.42424242,1,0,0
0.73737374,0.43434343,1,0,0
0.73737374,0.44444444,1,0,0
0.73737374,0.45454545,1,3.582983219520275e-9,0
0.73737374,0.46464646,1,1.0148019176713793e-8,0
0.73737374,0.47474747,1,2.0901189253375725e-8,0
0.73737374,0.48484848,1,0,0
0.73737374,0.49494949,1,0,0
0.73737374,0.50505051,1,0,0
0.73737374,0.51515152,1,1.3014671238036067e-9,0
0.73737374,0.52525253,1,3.386761559029394e-9,0
0.73737374,0.53535354,1,7.782031327785433e-9,0
0.73737374,0.54545455,1,0,0
0.73737374,0.55555556,1,7.266679672279786e-9,0
0.73737374,0.56565657,1,0,0
0.73737374,0.57575758,1,8.584384268055245e-9,0
0.73737374,0.58585859,1,6.658045737767403e-10,0
0.73737374,0.5959596,1,0,0
0.73737374,0.60606061,1,2.0709427810128303e-10,0
0.73737374,0.61616162,1,0,0
0.73737374,0.62626263,1,1.8979193217860678e-10,0
0.73737374,0.63636364,1,0,0
0.73737374,0.64646465,1,1.816599987450318e-10,0
0.73737374,0.65656566,1,0,0
0.73737374,0.66666667,1,1.7715316077207556e-10,0
0.73737374,0.67676768,1,0,0
0.73737374,0.68686869,1,1.7486647782977149e-10,0
0.73737374,0.6969697,1,0,0
0.73737374,0.70707071,1,1.7429559703921458e-10,0
0.73737374,0.71717172,1,0,0
0.73737374,0.72727273,1,1.7524470099991586e-10,0
0.73737374,0.73737374,1,0,0
0.73737374,0.74747475,1,1.7765447462361747e-10,0
0.73737374,0.75757576,1,0,0
0.73737374,0.76767677,1,1.815492490689352e-10,0
0.73737374,0.77777778,1,0,0
0.73737374,0.78787879,1,1.8702327431868726e-10,0
0.73737374,0.7979798,1,0,0
0.73737374,0.80808081,1,1.9422550546904782e-10,0
0.73737374,0.81818182,1,0,0
0.73737374,0.82828283,1,2.0337717276802667e-10,0
0.73737374,0.83838384,1,0,0
0.73737374,0.84848485,1,2.147687241299545e-10,0
0.73737374,0.85858586,1,0,0
0.73737374,0.86868687,1,2.2878850875068803e-10,0
0.73737374,0.87878788,1,0,0
0.73737374,0.88888889,1,2.459371223589857e-10,0
0.73737374,0.8989899,1,0,0
0.73737374,0.90909091,1,2.668476423633992e-10,0
0.73737374,0.91919192,1,0,0
0.73737374,0.92929293,1,2.9232180860927486e-10,0
0.73737374,0.93939394,1,0,0
0.73737374,0.94949495,1,3.2335848468567626e-10,0
0.73737374,0.95959596,1,0,0
0.73737374,0.96969697,1,3.6118031213061566e-10,0
0.73737374,0.97979798,1,0,0
0.73737374,0.98989899,1,4.075728038566151e-10,0
0.73737374,1,1,0,0
0.74747475,0,-1,0,0
0.74747475,0.01010101,-1,4.832770230778217e-10,0
0.74747475,0.02020202,-1,0,0
0.74747475,0.03030303,-1,0,0
0.74747475,0.04040404,-1,0,0
0.74747475,0.05050505,-1,0,0
0.74747475,0.06060606,-1,1.1679952309350485e-6,0
0.74747475,0.07070707,-1,2.2277813899563627e-6,0
0.74747475,0.08080808,1,0,0
0.74747475,0.09090909,1,0,0
0.74747475,0.1010101,1,1.9503833289491018e-5,0
0.74747475,0.11111111,1,3.7829391937702894e-5,0
0.74747475,0.12121212,1,1.2441494857193903e-5,0
0.74747475,0.13131313,1,1.2375523743685335e-6,0
0.74747475,0.14141414,1,2.25050380686298e-7,0
0.74747475,0.15151515,1,0,0
0.74747475,0.16161616,1,0,0
0.74747475,0.17171717,1,0,0
0.74747475,0.18181818,1,2.8235044243047016e-6,0
0.74747475,0.19191919,1,0,0
0.74747475,0.2020202,1,6.802041450282559e-6,0
0.74747475,0.21212121,1,0,0
0.74747475,0.22222222,1,2.845212082320359e-7,0
0.74747475,0.23232323,1,0,0
0.74747475,0.24242424,1,6.044717223630869e-7,0
0.74747475,0.25252525,1,8.435188774456037e-8,0
0.74747475,0.26262626,1,0,0
0.74747475,0.27272727,1,0,0
0.74747475,0.28282828,1,2.667418902092322e-7,0
0.74747475,0.29292929,1,1.3324384544830536e-7,0
0.74747475,0.3030303,1,1.2654618899432537e-8,0
0.74747475,0.31313131,1,3.349643373894651e-7,0
0.74747475,0.32323232,1,0,0
0.74747475,0.33333333,1,7.194941025545633e-8,0
0.74747475,0.34343434,1,1.6818408107610596e-8,0
0.74747475,0.35353535,1,1.4969356957976747e-7,0
0.74747475,0.36363636,1,0,0
0.74747475,0.37373737,1,0,0
0.74747475,0.38383838,1,0,0
0.74747475,0.39393939,1,2.3922660528086227e-8,0
0.74747475,0.4040404,1,0,0
0.74747475,0.41414141,1,6.05120342754617e-8,0
0.74747475,0.42424242,1,2.5203334232060115e-9,0
0.74747475,0.43434343,1,1.4108763121711831e-8,0
0.74747475,0.44444444,1,8.999792074693148e-10,0
0.74747475,0.45454545,1,0,0
0.74747475,0.46464646,1,0,0
0.74747475,0.47474747,1,0,0
0.74747475,0.48484848,1,1.1218434006643464e-9,0
0.74747475,0.49494949,1,1.8475355912234146e-9,0
0.74747475,0.50505051,1,2.0321719252587582e-8,0
0.74747475,0.51515152,1,0,0
0.74747475,0.52525253,1,0,0
0.74747475,0.53535354,1,0,0
0.74747475,0.54545455,1,2.1868166701577433e-8,0
0.74747475,0.55555556,1,0,0
0.74747475,0.56565657,1,9.179624418871602e-9,0
0.74747475,0.57575758,1,0,0
0.74747475,0.58585859,1,0,0
0.74747475,0.5959596,1,2.2239466971607503e-10,0
0.74747475,0.60606061,1,0,0
0.74747475,0.61616162,1,1.91649379699399e-10,0
0.74747475,0.62626263,1,0,0
0.74747475,0.63636364,1,1.8027776865353614e-10,0
0.74747475,0.64646465,1,0,0
0.74747475,0.65656566,1,1.7424998233206423e-10,0
0.74747475,0.66666667,1,0,0
0.74747475,0.67676768,1,1.7092520752104435e-10,0
0.74747475,0.68686869,1,0,0
0.74747475,0.6969697,1,1.6947185029064783e-10,0
0.74747475,0.70707071,1,0,0
0.74747475,0.71717172,1,1.6957306654685754e-10,0
0.74747475,0.72727273,1,0,0
0.74747475,0.73737374,1,1.7111054311375052e-10,0
0.74747475,0.74747475,1,0,0
0.74747475,0.75757576,1,1.7405985002494352e-10,0
0.74747475,0.76767677,1,0,0
0.74747475,0.77777778,1,1.7847535972725927e-10,0
0.74747475,0.78787879,1,0,0
0.74747475,0.7979798,1,1.8446894513024503e-10,0
0.74747475,0.80808081,1,0,0
0.74747475,0.81818182,1,1.9221002479224977e-10,0
0.74747475,0.82828283,1,0,0
0.74747475,0.83838384,1,2.0193492336340048e-10,0
0.74747475,0.84848485,1,0,0
0.74747475,0.85858586,1,2.1395620948272408e-10,0
0.74747475,0.86868687,1,0,0
0.74747475,0.87878788,1,2.286731385248153e-10,0
0.74747475,0.88888889,1,0,0
0.74747475,0.8989899,1,2.466047293647744e-10,0
0.74747475,0.90909091,1,0,0
0.74747475,0.91919192,1,2.683838652262072e-10,0
0.74747475,0.92929293,1,0,0
0.74747475,0.93939394,1,2.947949067522159e-10,0
0.74747475,0.94949495,1,0,0
0.74747475,0.95959596,1,3.2676667889308675e-10,0
0.74747475,0.96969697,1,0,0
0.74747475,0.97979798,1,3.6544752329836783e-10,0
0.74747475,0.98989899,1,0,0
0.74747475,1,1,4.1313993648373067e-10,0
0.75757576,0,-1,4.198024294077562e-10,0
0.75757576,0.01010101,-1,0,0
0.75757576,0.02020202,-1,5.33351309495167e-10,0
0.75757576,0.03030303,-1,3.604699236881004e-9,0
0.75757576,0.04040404,-1,4.0129940117594746e-8,0
0.75757576,0.05050505,-1,1.508890198692825e-7,0
0.75757576,0.06060606,-1,0,0
0.75757576,0.07070707,-1,0,0
0.75757576,0.08080808,1,1.8532683490775528e-6,0
0.75757576,0.09090909,1,1.329203392378986e-6,0
0.75757576,0.1010101,1,0,0
0.75757576,0.11111111,1,0,0
0.75757576,0.12121212,1,0,0
0.75757576,0.13131313,1,0,0
0.75757576,0.14141414,1,0,0
0.75757576,0.15151515,1,1.865801336243749e-5,0
0.75757576,0.16161616,1,8.011074730893598e-6,0
0.75757576,0.17171717,1,5.276216051424853e-6,0
0.75757576,0.18181818,1,0,0
0.75757576,0.19191919,1,1.0527151986025275e-6,0
0.75757576,0.2020202,1,0,0
0.75757576,0.21212121,1,1.1679836825351232e-6,0
0.75757576,0.22222222,1,0,0
0.75757576,0.23232323,1,6.232738236576552e-7,0
0.75757576,0.24242424,1,0,0
0.75757576,0.25252525,1,0,0
0.75757576,0.26262626,1,3.4911861484943073e-7,0
0.75757576,0.27272727,1,2.9394153625617037e-8,0
0.75757576,0.28282828,1,0,0
0.75757576,0.29292929,1,0,0
0.75757576,0.3030303,1,0,0
0.75757576,0.31313131,1,0,0
0.75757576,0.32323232,1,3.9257322799812756e-7,0
0.75757576,0.33333333,1,0,0
0.75757576,0.34343434,1,0,0
0.75757576,0.35353535,1,0,0
0.75757576,0.36363636,1,6.350705469060359e-8,0
0.75757576,0.37373737,1,2.4873178753637153e-8,0
0.75757576,0.38383838,1,2.9701857883424058e-8,0
0.75757576,0.39393939,1,0,0
0.75757576,0.4040404,1,4.2308570895954745e-8,0
0.75757576,0.41414141,1,0,0
0.75757576,0.42424242,1,0,0
0.75757576,0.43434343,1,0,0
0.75757576,0.44444444,1,0,0
0.75757576,0.45454545,1,3.7295921285540605e-9,0
0.75757576,0.46464646,1,1.1009508162429516e-8,0
0.75757576,0.47474747,1,2.1555752363866532e-8,0
0.75757576,0.48484848,1,0,0
0.75757576,0.49494949,1,0,0
0.75757576,0.50505051,1,0,0
0.75757576,0.51515152,1,8.784942397976891e-10,0
0.75757576,0.52525253,1,3.907396655478124e-9,0
0.75757576,0.53535354,1,7.914518044405128e-9,0
0.75757576,0.54545455,1,0,0
0.75757576,0.55555556,1,7.303337328648519e-9,0
0.75757576,0.56565657,1,0,0
0.75757576,0.57575758,1,8.847481912765964e-9,0
0.75757576,0.58585859,1,6.672453871203743e-10,0
0.75757576,0.5959596,1,0,0
0.75757576,0.60606061,1,1.9796593311305342e-10,0
0.75757576,0.61616162,1,0,0
0.75757576,0.62626263,1,1.8060520852181126e-10,0
0.75757576,0.63636364,1,0,0
0.75757576,0.64646465,1,1.7248537675929042e-10,0
0.75757576,0.65656566,1,0,0
0.75757576,0.66666667,1,1.679521627773184e-10,0
0.75757576,0.67676768,1,0,0
0.75757576,0.68686869,1,1.6557670156069904e-10,0
0.75757576,0.6969697,1,0,0
0.75757576,0.70707071,1,1.6484414528949998e-10,0
0.75757576,0.71717172,1,0,0
0.75757576,0.72727273,1,1.6555155653019683e-10,0
0.75757576,0.73737374,1,0,0
0.75757576,0.74747475,1,1.6763120260221422e-10,0
0.75757576,0.75757576,1,0,0
0.75757576,0.76767677,1,1.7109355629763014e-10,0
0.75757576,0.77777778,1,0,0
0.75757576,0.78787879,1,1.7601416134049862e-10,0
0.75757576,0.7979798,1,0,0
0.75757576,0.80808081,1,1.8251799341895135e-10,0
0.75757576,0.81818182,1,0,0
0.75757576,0.82828283,1,1.9079598682358868e-10,0
0.75757576,0.83838384,1,0,0
0.75757576,0.84848485,1,2.0109613482754975e-10,0
0.75757576,0.85858586,1,0,0
0.75757576,0.86868687,1,2.137453369854825e-10,0
0.75757576,0.87878788,1,0,0
0.75757576,0.88888889,1,2.291587003488971e-10,0
0.75757576,0.8989899,1,0,0
0.75757576,0.90909091,1,2.478481849421677e-10,0
0.75757576,0.91919192,1,0,0
0.75757576,0.92929293,1,2.704344335968667e-10,0
0.75757576,0.93939394,1,0,0
0.75757576,0.94949495,1,2.9764408144838937e-10,0
0.75757576,0.95959596,1,0,0
0.75757576,0.96969697,1,3.302794331805359e-10,0
0.75757576,0.97979798,1,0,0
0.75757576,0.98989899,1,3.6949548382070314e-10,0
0.75757576,1,1,0,0
0.76767677,0,-1,0,0
0.76767677,0.01010101,-1,4.3277618311243773e-10,0
0.76767677,0.02020202,-1,0,0
0.76767677,0.03030303,-1,0,0
0.76767677,0.04040404,-1,0,0
0.76767677,0.05050505,-1,0,0
0.76767677,0.06060606,-1,1.2547896494652378e-6,0
0.76767677,0.07070707,-1,2.422050635505002e-6,0
0.76767677,0.08080808,-1,0,0
0.76767677,0.09090909,1,0,0
0.76767677,0.1010101,1,1.9873335980810225e-5,0
0.76767677,0.11111111,1,3.8582759571727365e-5,0
0.76767677,0.12121212,1,1.2552655464969576e-5,0
0.76767677,0.13131313,1,1.4756630000192672e-6,0
0.76767677,0.14141414,1,2.5386788183823232e-8,0
0.76767677,0.15151515,1,0,0
0.76767677,0.16161616,1,0,0
0.76767677,0.17171717,1,0,0
0.76767677,0.18181818,1,2.978354734659661e-6,0
0.76767677,0.19191919,1,0,0
0.76767677,0.2020202,1,6.632536638062447e-6,0
0.76767677,0.21212121,1,0,0
0.76767677,0.22222222,1,2.9811210952175317e-7,0
0.76767677,0.23232323,1,0,0
0.76767677,0.24242424,1,5.996289777613129e-7,0
0.76767677,0.25252525,1,9.527471102046549e-8,0
0.76767677,0.26262626,1,0,0
0.76767677,0.27272727,1,0,0
0.76767677,0.28282828,1,2.716548322496237e-7,0
0.76767677,0.29292929,1,1.1887562313859237e-7,0
0.76767677,0.3030303,1,1.9340441986059888e-8,0
0.76767677,0.31313131,1,3.400225233690435e-7,0
0.76767677,0.32323232,1,0,0
0.76767677,0.33333333,1,7.07820690195149e-8,0
0.76767677,0.34343434,1,2.105524728222008e-8,0
0.76767677,0.35353535,1,1.5028984654463785e-7,0
0.76767677,0.36363636,1,0,0
0.76767677,0.37373737,1,0,0
0.76767677,0.38383838,1,0,0
0.76767677,0.39393939,1,2.4289083772544023e-8,0
0.76767677,0.4040404,1,0,0
0.76767677,0.41414141,1,6.179976845999137e-8,0
0.76767677,0.42424242,1,3.575982645287468e-9,0
0.76767677,0.43434343,1,1.4666619769343472e-8,0
0.76767677,0.44444444,1,1.161422219204261e-9,0
0.76767677,0.45454545,1,0,0
0.76767677,0.46464646,1,0,0
0.76767677,0.47474747,1,0,0
0.76767677,0.48484848,1,8.696787141404884e-10,0
0.76767677,0.49494949,1,2.1329539969736073e-9,0
0.76767677,0.50505051,1,2.1051824729201313e-8,0
0.76767677,0.51515152,1,0,0
0.76767677,0.52525253,1,0,0
0.76767677,0.53535354,1,0,0
0.76767677,0.54545455,1,2.2625308073095583e-8,0
0.76767677,0.55555556,1,0,0
0.76767677,0.56565657,1,9.328751978832791e-9,0
0.76767677,0.57575758,1,0,0
0.76767677,0.58585859,1,0,0
0.76767677,0.5959596,1,2.1461052500011677e-10,0
0.76767677,0.60606061,1,0,0
0.76767677,0.61616162,1,1.8343823748358248e-10,0
0.76767677,0.62626263,1,0,0
0.76767677,0.63636364,1,1.720198843910281e-10,0
0.76767677,0.64646465,1,0,0
0.76767677,0.65656566,1,1.6596487848845318e-10,0
0.76767677,0.66666667,1,0,0
0.76767677,0.67676768,1,1.6257281971604475e-10,0
0.76767677,0.68686869,1,0,0
0.76767677,0.6969697,1,1.6099348113737812e-10,0
0.76767677,0.70707071,1,0,0
0.76767677,0.71717172,1,1.6089889554246618e-10,0
0.76767677,0.72727273,1,0,0
0.76767677,0.73737374,1,1.6216295089070686e-10,0
0.76767677,0.74747475,1,0,0
0.76767677,0.75757576,1,1.6475006993747766e-10,0
0.76767677,0.76767677,1,0,0
0.76767677,0.77777778,1,1.6870098864217588e-10,0
0.76767677,0.78787879,1,0,0
0.76767677,0.7979798,1,1.7410810302584402e-10,0
0.76767677,0.80808081,1,0,0
0.76767677,0.81818182,1,1.8111505299886474e-10,0
0.76767677,0.82828283,1,0,0
0.76767677,0.83838384,1,1.8992361844050176e-10,0
0.76767677,0.84848485,1,0,0
0.76767677,0.85858586,1,2.0079681622292566e-10,0
0.76767677,0.86868687,1,0,0
0.76767677,0.87878788,1,2.1406665362266875e-10,0
0.76767677,0.88888889,1,0,0
0.76767677,0.8989899,1,2.30153620532636e-10,0
0.76767677,0.90909091,1,0,0
0.76767677,0.91919192,1,2.4954920658376566e-10,0
0.76767677,0.92929293,1,0,0
0.76767677,0.93939394,1,2.728258682443974e-10,0
0.76767677,0.94949495,1,0,0
0.76767677,0.95959596,1,3.0059015510425227e-10,0
0.76767677,0.96969697,1,0,0
0.76767677,0.97979798,1,3.3349946173960587e-10,0
0.76767677,0.98989899,1,0,0
0.76767677,1,1,3.7317689320359725e-10,0
0.77777778,0,-1,3.7747199651549935e-10,0
0.77777778,0.01010101,-1,0,0
0.77777778,0.02020202,-1,4.816015367614667e-10,0
0.77777778,0.03030303,-1,3.733122002902434e-9,0
0.77777778,0.04040404,-1,4.4224539798110034e-8,0
0.77777778,0.05050505,-1,1.6847246888573865e-7,0
0.77777778,0.06060606,-1,0,0
0.77777778,0.07070707,-1,0,0
0.77777778,0.08080808,-1,1.770603330805898e-6,0
0.77777778,0.09090909,1,1.2977607955690474e-6,0
0.77777778,0.1010101,1,0,0
0.77777778,0.11111111,1,0,0
0.77777778,0.12121212,1,0,0
0.77777778,0.13131313,1,0,0
0.77777778,0.14141414,1,6.852320511825383e-8,0
0.77777778,0.15151515,1,1.8648325069807472e-5,0
0.77777778,0.16161616,1,7.723074581008404e-6,0
0.77777778,0.17171717,1,5.067541025346145e-6,0
0.77777778,0.18181818,1,0,0
0.77777778,0.19191919,1,9.419302950846032e-7,0
0.77777778,0.2020202,1,0,0
0.77777778,0.21212121,1,1.1087267819675618e-6,0
0.77777778,0.22222222,1,0,0
0.77777778,0.23232323,1,6.191206874063937e-7,0
0.77777778,0.24242424,1,0,0
0.77777778,0.25252525,1,0,0
0.77777778,0.26262626,1,3.518813464324922e-7,0
0.77777778,0.27272727,1,2.8546523026307114e-8,0
0.77777778,0.28282828,1,0,0
0.77777778,0.29292929,1,0,0
0.77777778,0.3030303,1,0,0
0.77777778,0.31313131,1,0,0
0.77777778,0.32323232,1,4.057620828234576e-7,0
0.77777778,0.33333333,1,0,0
0.77777778,0.34343434,1,0,0
0.77777778,0.35353535,1,0,0
0.77777778,0.36363636,1,6.573665243365667e-8,0
0.77777778,0.37373737,1,2.5957281064847852e-8,0
0.77777778,0.38383838,1,3.040962866407426e-8,0
0.77777778,0.39393939,1,0,0
0.77777778,0.4040404,1,4.435537871927409e-8,0
0.77777778,0.41414141,1,0,0
0.77777778,0.42424242,1,0,0
0.77777778,0.43434343,1,0,0
0.77777778,0.44444444,1,0,0
0.77777778,0.45454545,1,3.925996171660895e-9,0
0.77777778,0.46464646,1,1.2036661033655584e-8,0
0.77777778,0.47474747,1,2.2476582647171228e-8,0
0.77777778,0.48484848,1,0,0
0.77777778,0.49494949,1,0,0
0.77777778,0.50505051,1,0,0
0.77777778,0.51515152,1,4.2142610783280076e-10,0
0.77777778,0.52525253,1,4.5038176540376794e-9,0
0.77777778,0.53535354,1,8.125306917663999e-9,0
0.77777778,0.54545455,1,0,0
0.77777778,0.55555556,1,7.393725133049423e-9,0
0.77777778,0.56565657,1,0,0
0.77777778,0.57575758,1,9.195631822427054e-9,0
0.77777778,0.58585859,1,6.749407211140145e-10,0
0.77777778,0.5959596,1,0,0
0.77777778,0.60606061,1,1.908100745379171e-10,0
0.77777778,0.61616162,1,0,0
0.77777778,0.62626263,1,1.7323395441470878e-10,0
0.77777778,0.63636364,1,0,0
0.77777778,0.64646465,1,1.6505338966826823e-10,0
0.77777778,0.65656566,1,0,0
0.77777778,0.66666667,1,1.6045542216847062e-10,0
0.77777778,0.67676768,1,0,0
0.77777778,0.68686869,1,1.5797479111234747e-10,0
0.77777778,0.6969697,1,0,0
0.77777778,0.70707071,1,1.5708088339505543e-10,0
0.77777778,0.71717172,1,0,0
0.77777778,0.72727273,1,1.5756132874245042e-10,0
0.77777778,0.73737374,1,0,0
0.77777778,0.74747475,1,1.5933715147159467e-10,0
0.77777778,0.75757576,1,0,0
0.77777778,0.76767677,1,1.6240762649999408e-10,0
0.77777778,0.77777778,1,0,0
0.77777778,0.78787879,1,1.6683313695392555e-10,0
0.77777778,0.7979798,1,0,0
0.77777778,0.80808081,1,1.7271647223676688e-10,0
0.77777778,0.81818182,1,0,0
0.77777778,0.82828283,1,1.8022044161736252e-10,0
0.77777778,0.83838384,1,0,0
0.77777778,0.84848485,1,1.8955239488027688e-10,0
0.77777778,0.85858586,1,0,0
0.77777778,0.86868687,1,2.009841520766997e-10,0
0.77777778,0.87878788,1,0,0
0.77777778,0.88888889,1,2.1485340475912995e-10,0
0.77777778,0.8989899,1,0,0
0.77777778,0.90909091,1,2.3155985739986564e-10,0
0.77777778,0.91919192,1,0,0
0.77777778,0.92929293,1,2.5155692633949126e-10,0
0.77777778,0.93939394,1,0,0
0.77777778,0.94949495,1,2.753204376038099e-10,0
0.77777778,0.95959596,1,0,0
0.77777778,0.96969697,1,3.032704485150806e-10,0
0.77777778,0.97979798,1,0,0
0.77777778,0.98989899,1,3.360048271616734e-10,0
0.77777778,1,1,0,0
0.78787879,0,-1,0,0
0.78787879,0.01010101,-1,3.8806486666320695e-10,0
0.78787879,0.02020202,-1,0,0
0.78787879,0.03030303,-1,0,0
0.78787879,0.04040404,-1,0,0
0.78787879,0.05050505,-1,0,0
0.78787879,0.06060606,-1,1.3603469154077176e-6,0
0.78787879,0.07070707,-1,2.6522096064582005e-6,0
0.78787879,0.08080808,-1,0,0
0.78787879,0.09090909,1,0,0
0.78787879,0.1010101,1,2.041096462635323e-5,0
0.78787879,0.11111111,1,3.965351844090037e-5,0
0.78787879,0.12121212,1,1.2758256390225142e-5,0
0.78787879,0.13131313,1,1.719214371405542e-6,0
0.78787879,0.14141414,1,0,0
0.78787879,0.15151515,1,0,0
0.78787879,0.16161616,1,0,0
0.78787879,0.17171717,1,0,0
0.78787879,0.18181818,1,3.147653478663415e-6,0
0.78787879,0.19191919,1,0,0
0.78787879,0.2020202,1,6.5270281505945606e-6,0
0.78787879,0.21212121,1,0,0
0.78787879,0.22222222,1,3.1598927380400714e-7,0
0.78787879,0.23232323,1,0,0
0.78787879,0.24242424,1,6.008176384057152e-7,0
0.78787879,0.25252525,1,1.0645922302501277e-7,0
0.78787879,0.26262626,1,0,0
0.78787879,0.27272727,1,0,0
0.78787879,0.28282828,1,2.783085491046222e-7,0
0.78787879,0.29292929,1,1.058410844507307e-7,0
0.78787879,0.3030303,1,2.6328267904318637e-8,0
0.78787879,0.31313131,1,3.486253775690785e-7,0
0.78787879,0.32323232,1,0,0
0.78787879,0.33333333,1,6.998736723744514e-8,0
0.78787879,0.34343434,1,2.562563629453507e-8,0
0.78787879,0.35353535,1,1.5229009921995385e-7,0
0.78787879,0.36363636,1,0,0
0.78787879,0.37373737,1,0,0
0.78787879,0.38383838,1,0,0
0.78787879,0.39393939,1,2.4790348849279554e-8,0
0.78787879,0.4040404,1,0,0
0.78787879,0.41414141,1,6.367760131347213e-8,0
0.78787879,0.42424242,1,4.770639660067744e-9,0
0.78787879,0.43434343,1,1.5450121385945925e-8,0
0.78787879,0.44444444,1,1.4631118063643254e-9,0
0.78787879,0.45454545,1,0,0
0.78787879,0.46464646,1,0,0
0.78787879,0.47474747,1,0,0
0.78787879,0.48484848,1,5.962340705156777e-10,0
0.78787879,0.49494949,1,2.461893458782782e-9,0
0.78787879,0.50505051,1,2.2033444351099443e-08,0
0.78787879,0.51515152,1,0,0
0.78787879,0.52525253,1,0,0
0.78787879,0.53535354,1,0,0
0.78787879,0.54545455,1,2.362646428999832e-8,0
0.78787879,0.55555556,1,0,0
0.78787879,0.56565657,1,9.553010765263326e-9,0
0.78787879,0.57575758,1,0,0
0.78787879,0.58585859,1,0,0
0.78787879,0.5959596,1,2.0885988917251906e-10,0
0.78787879,0.60606061,1,0,0
0.78787879,0.61616162,1,1.769710570628802e-10,0
0.78787879,0.62626263,1,0,0
0.78787879,0.63636364,1,1.6540322299446463e-10,0
0.78787879,0.64646465,1,0,0
0.78787879,0.65656566,1,1.5926676340816127e-10,0
0.78787879,0.66666667,1,0,0
0.78787879,0.67676768,1,1.5577645983283484e-10,0
0.78787879,0.68686869,1,0,0
0.78787879,0.6969697,1,1.5405770321663683e-10,0
0.78787879,0.70707071,1,0,0
0.78787879,0.71717172,1,1.5376940757372283e-10,0
0.78787879,0.72727273,1,0,0
0.78787879,0.73737374,1,1.547755837383313e-10,0
0.78787879,0.74747475,1,0,0
0.78787879,0.75757576,1,1.5702980627058107e-10,0
0.78787879,0.76767677,1,0,0
0.78787879,0.77777778,1,1.6056001924530383e-10,0
0.78787879,0.78787879,1,0,0
0.78787879,0.7979798,1,1.6543983248074047e-10,0
0.78787879,0.80808081,1,0,0
0.78787879,0.81818182,1,1.7178848296384163e-10,0
0.78787879,0.82828283,1,0,0
0.78787879,0.83838384,1,1.7977579024608394e-10,0
0.78787879,0.84848485,1,0,0
0.78787879,0.85858586,1,1.8961912602866172e-10,0
0.78787879,0.86868687,1,0,0
0.78787879,0.87878788,1,2.0158749479692872e-10,0
0.78787879,0.88888889,1,0,0
0.78787879,0.8989899,1,2.1600905162899588e-10,0
0.78787879,0.90909091,1,0,0
0.78787879,0.91919192,1,2.3324660396173424e-10,0
0.78787879,0.92929293,1,0,0
0.78787879,0.93939394,1,2.5367387939123625e-10,0
0.78787879,0.94949495,1,0,0
0.78787879,0.95959596,1,2.7759654853687367e-10,0
0.78787879,0.96969697,1,0,0
0.78787879,0.97979798,1,3.052246375034873e-10,0
0.78787879,0.98989899,1,0,0
0.78787879,1,1,3.3761261324372066e-10,0
0.7979798,0,-1,3.3942101801409667e-10,0
0.7979798,0.01010101,-1,0,0
0.7979798,0.02020202,-1,4.363463875223239e-10,0
0.7979798,0.03030303,-1,3.865511041645231e-9,0
0.7979798,0.04040404,-1,4.927020919974212e-8,0
0.7979798,0.05050505,-1,1.9001011367976165e-7,0
0.7979798,0.06060606,-1,0,0
0.7979798,0.07070707,-1,0,0
0.7979798,0.08080808,-1,1.6926940355915576e-6,0
0.7979798,0.09090909,-1,1.2761770747601987e-6,0
0.7979798,0.1010101,1,0,0
0.7979798,0.11111111,1,0,0
0.7979798,0.12121212,1,0,0
0.7979798,0.13131313,1,0,0
0.7979798,0.14141414,1,2.4870438501238825e-7,0
0.7979798,0.15151515,1,1.8791000201599673e-5,0
0.7979798,0.16161616,1,7.51179960789159e-6,0
0.7979798,0.17171717,1,4.91542955278419e-6,0
0.7979798,0.18181818,1,0,0
0.7979798,0.19191919,1,8.377155594644137e-7,0
0.7979798,0.2020202,1,0,0
0.7979798,0.21212121,1,1.0603649585391396e-6,0
0.7979798,0.22222222,1,0,0
0.7979798,0.23232323,1,6.218764123332221e-7,0
0.7979798,0.24242424,1,0,0
0.7979798,0.25252525,1,0,0
0.7979798,0.26262626,1,3.581122375180712e-7,0
0.7979798,0.27272727,1,2.8352041590551385e-8,0
0.7979798,0.28282828,1,0,0
0.7979798,0.29292929,1,0,0
0.7979798,0.3030303,1,0,0
0.7979798,0.31313131,1,0,0
0.7979798,0.32323232,1,4.2265628278528315e-7,0
0.7979798,0.33333333,1,0,0
0.7979798,0.34343434,1,0,0
0.7979798,0.35353535,1,0,0
0.7979798,0.36363636,1,6.871354393638285e-8,0
0.7979798,0.37373737,1,2.742018525765389e-8,0
0.7979798,0.38383838,1,3.1465830621613125e-8,0
0.7979798,0.39393939,1,0,0
0.7979798,0.4040404,1,4.687214767500336e-8,0
0.7979798,0.41414141,1,0,0
0.7979798,0.42424242,1,0,0
0.7979798,0.43434343,1,0,0
0.7979798,0.44444444,1,0,0
0.7979798,0.45454545,1,4.180876951818263e-9,0
0.7979798,0.46464646,1,1.3275995644468008e-8,0
0.7979798,0.47474747,1,2.3708491452412163e-8,0
0.7979798,0.48484848,1,0,0
0.7979798,0.49494949,1,0,0
0.7979798,0.50505051,1,0,0
0.7979798,0.51515152,1,0,0
0.7979798,0.52525253,1,5.201281729623475e-9,0
0.7979798,0.53535354,1,8.423861889286789e-9,0
0.7979798,0.54545455,1,0,0
0.7979798,0.55555556,1,7.539846160942165e-9,0
0.7979798,0.56565657,1,0,0
0.7979798,0.57575758,1,9.641547084003612e-9,0
0.7979798,0.58585859,1,6.891648612672441e-10,0
0.7979798,0.5959596,1,0,0
0.7979798,0.60606061,1,1.8537947404986824e-10,0
0.7979798,0.61616162,1,0,0
0.7979798,0.62626263,1,1.6742308488679192e-10,0
0.7979798,0.63636364,1,0,0
0.7979798,0.64646465,1,1.591078217497155e-10,0
0.7979798,0.65656566,1,0,0
0.7979798,0.66666667,1,1.5440397819754814e-10,0
0.7979798,0.67676768,1,0,0
0.7979798,0.68686869,1,1.5179638832851782e-10,0
0.7979798,0.6969697,1,0,0
0.7979798,0.70707071,1,1.5073407828927744e-10,0
0.7979798,0.71717172,1,0,0
0.7979798,0.72727273,1,1.5099205882690426e-10,0
0.7979798,0.73737374,1,0,0
0.7979798,0.74747475,1,1.5248186506500172e-10,0
0.7979798,0.75757576,1,0,0
0.7979798,0.76767677,1,1.5519175972783518e-10,0
0.7979798,0.77777778,1,0,0
0.7979798,0.78787879,1,1.5916521807005092e-10,0
0.7979798,0.7979798,1,0,0
0.7979798,0.80808081,1,1.644844170319015e-10,0
0.7979798,0.81818182,1,0,0
0.7979798,0.82828283,1,1.7128523418230568e-10,0
0.7979798,0.83838384,1,0,0
0.7979798,0.84848485,1,1.7973946347671354e-10,0
0.7979798,0.85858586,1,0,0
0.7979798,0.86868687,1,1.9006634381368848e-10,0
0.7979798,0.87878788,1,0,0
0.7979798,0.88888889,1,2.025289422113996e-10,0
0.7979798,0.8989899,1,0,0
0.7979798,0.90909091,1,2.1742184515560757e-10,0
0.7979798,0.91919192,1,0,0
0.7979798,0.92929293,1,2.3504071604146803e-10,0
0.7979798,0.93939394,1,0,0
0.7979798,0.94949495,1,2.5562297254200227e-10,0
0.7979798,0.95959596,1,0,0
0.7979798,0.96969697,1,2.7923166311394357e-10,0
0.7979798,0.97979798,1,0,0
0.7979798,0.98989899,1,3.0596675010263753e-10,0
0.7979798,1,1,0,0
0.80808081,0,-1,0,0
0.80808081,0.01010101,-1,3.47754517401877e-10,0
0.80808081,0.02020202,-1,0,0
0.80808081,0.03030303,-1,0,0
0.80808081,0.04040404,-1,0,0
0.80808081,0.05050505,-1,0,0
0.80808081,0.06060606,-1,1.4894602657477665e-6,0
0.80808081,0.07070707,-1,2.928189168596873e-6,0
0.80808081,0.08080808,-1,0,0
0.80808081,0.09090909,-1,0,0
0.80808081,0.1010101,1,2.1134009514935316e-5,0
0.80808081,0.11111111,1,4.107709007221274e-5,0
0.80808081,0.12121212,1,1.3065454788738862e-5,0
0.80808081,0.13131313,1,1.976918330183253e-6,0
0.80808081,0.14141414,1,0,0
0.80808081,0.15151515,1,0,0
0.80808081,0.16161616,1,0,0
0.80808081,0.17171717,1,0,0
0.80808081,0.18181818,1,3.3376008563209325e-6,0
0.80808081,0.19191919,1,0,0
0.80808081,0.2020202,1,6.481620141130407e-6,0
0.80808081,0.21212121,1,0,0
0.80808081,0.22222222,1,3.386722462892067e-7,0
0.80808081,0.23232323,1,0,0
0.80808081,0.24242424,1,6.081185261791689e-7,0
0.80808081,0.25252525,1,1.1828722872451181e-7,0
0.80808081,0.26262626,1,0,0
0.80808081,0.27272727,1,0,0
0.80808081,0.28282828,1,2.869265613753669e-7,0
0.80808081,0.29292929,1,9.369869931106225e-8,0
0.80808081,0.3030303,1,3.3910493721123206e-8,0
0.80808081,0.31313131,1,3.611337333040865e-7,0
0.80808081,0.32323232,1,0,0
0.80808081,0.33333333,1,6.953891925149947e-8,0
0.80808081,0.34343434,1,3.0697271887447646e-8,0
0.80808081,0.35353535,1,1.5577828633581702e-7,0
0.80808081,0.36363636,1,0,0
0.80808081,0.37373737,1,0,0
0.80808081,0.38383838,1,0,0
0.80808081,0.39393939,1,2.5429149074795987e-8,0
0.80808081,0.4040404,1,0,0
0.80808081,0.41414141,1,6.621816439569274e-8,0
0.80808081,0.42424242,1,6.168042929434806e-9,0
0.80808081,0.43434343,1,1.6502923040231932e-8,0
0.80808081,0.44444444,1,1.821364325062594e-9,0
0.80808081,0.45454545,1,0,0
0.80808081,0.46464646,1,0,0
0.80808081,0.47474747,1,0,0
0.80808081,0.48484848,1,2.8715707625082134e-10,0
0.80808081,0.49494949,1,2.8488627874440064e-9,0
0.80808081,0.50505051,1,2.3312109621643173e-8,0
0.80808081,0.51515152,1,3.7625235658703815e-10,0
0.80808081,0.52525253,1,0,0
0.80808081,0.53535354,1,0,0
0.80808081,0.54545455,1,2.4912879369842772e-8,0
0.80808081,0.55555556,1,0,0
0.80808081,0.56565657,1,9.8589780735606e-9,0
0.80808081,0.57575758,1,0,0
0.80808081,0.58585859,1,0,0
0.80808081,0.5959596,1,2.049474501291185e-10,0
0.80808081,0.60606061,1,0,0
0.80808081,0.61616162,1,1.7202264514654118e-10,0
0.80808081,0.62626263,1,0,0
0.80808081,0.63636364,1,1.6019313884771403e-10,0
0.80808081,0.64646465,1,0,0
0.80808081,0.65656566,1,1.5391828881005515e-10,0
0.80808081,0.66666667,1,0,0
0.80808081,0.67676768,1,1.502985143493271e-10,0
0.80808081,0.68686869,1,0,0
0.80808081,0.6969697,1,1.4842634315937603e-10,0
0.80808081,0.70707071,1,0,0
0.80808081,0.71717172,1,1.4794142692790142e-10,0
0.80808081,0.72727273,1,0,0
0.80808081,0.73737374,1,1.486973653246765e-10,0
0.80808081,0.74747475,1,0,0
0.80808081,0.75757576,1,1.5063792595821496e-10,0
0.80808081,0.76767677,1,0,0
0.80808081,0.77777778,1,1.5377692181486186e-10,0
0.80808081,0.78787879,1,0,0
0.80808081,0.7979798,1,1.5817000032728596e-10,0
0.80808081,0.80808081,1,0,0
0.80808081,0.81818182,1,1.6391350789804468e-10,0
0.80808081,0.82828283,1,0,0
0.80808081,0.83838384,1,1.7114656793749958e-10,0
0.80808081,0.84848485,1,0,0
0.80808081,0.85858586,1,1.8004398681832623e-10,0
0.80808081,0.86868687,1,0,0
0.80808081,0.87878788,1,1.9081599255260652e-10,0
0.80808081,0.88888889,1,0,0
0.80808081,0.8989899,1,2.0370122435602046e-10,0
0.80808081,0.90909091,1,0,0
0.80808081,0.91919192,1,2.18935799369685e-10,0
0.80808081,0.92929293,1,0,0
0.80808081,0.93939394,1,2.3670391676791636e-10,0
0.80808081,0.94949495,1,0,0
0.80808081,0.95959596,1,2.5702531579949173e-10,0
0.80808081,0.96969697,1,0,0
0.80808081,0.97979798,1,2.7969349442047426e-10,0
0.80808081,0.98989899,1,0,0
0.80808081,1,1,3.05296651295639e-10,0
0.81818182,0,-1,3.0448217918088715e-10,0
0.81818182,0.01010101,-1,0,0
0.81818182,0.02020202,-1,3.9629246001426916e-10,0
0.81818182,0.03030303,-1,3.995451949845297e-9,0
0.81818182,0.04040404,-1,5.5567900754738285e-8,0
0.81818182,0.05050505,-1,2.1669440387146466e-7,0
0.81818182,0.06060606,-1,0,0
0.81818182,0.07070707,-1,0,0
0.81818182,0.08080808,-1,1.6158244208781982e-6,0
0.81818182,0.09090909,-1,1.2640868430025876e-6,0
0.81818182,0.1010101,-1,0,0
0.81818182,0.11111111,1,0,0
0.81818182,0.12121212,1,0,0
0.81818182,0.13131313,1,0,0
0.81818182,0.14141414,1,4.235002328641713e-7,0
0.81818182,0.15151515,1,1.909098432515748e-5,0
0.81818182,0.16161616,1,7.370126858586445e-6,0
0.81818182,0.17171717,1,4.814646730665118e-6,0
0.81818182,0.18181818,1,0,0
0.81818182,0.19191919,1,7.363643075223081e-7,0
0.81818182,0.2020202,1,0,0
0.81818182,0.21212121,1,1.0212148117716425e-6,0
0.81818182,0.22222222,1,0,0
0.81818182,0.23232323,1,6.316128681646661e-7,0
0.81818182,0.24242424,1,0,0
0.81818182,0.25252525,1,0,0
0.81818182,0.26262626,1,3.681121906993213e-7,0
0.81818182,0.27272727,1,2.8879967885586668e-8,0
0.81818182,0.28282828,1,0,0
0.81818182,0.29292929,1,0,0
0.81818182,0.3030303,1,0,0
0.81818182,0.31313131,1,0,0
0.81818182,0.32323232,1,4.438585871753276e-7,0
0.81818182,0.33333333,1,0,0
0.81818182,0.34343434,1,0,0
0.81818182,0.35353535,1,0,0
0.81818182,0.36363636,1,7.255973029316465e-8,0
0.81818182,0.37373737,1,2.9342808535659515e-8,0
0.81818182,0.38383838,1,3.2932225757065226e-8,0
0.81818182,0.39393939,1,0,0
0.81818182,0.4040404,1,4.9958918604708916e-8,0
0.81818182,0.41414141,1,0,0
0.81818182,0.42424242,1,0,0
0.81818182,0.43434343,1,0,0
0.81818182,0.44444444,1,0,0
0.81818182,0.45454545,1,4.506626308620199e-9,0
0.81818182,0.46464646,1,1.4789763478129104e-8,0
0.81818182,0.47474747,1,2.5316494410965178e-8,0
0.81818182,0.48484848,1,0,0
0.81818182,0.49494949,1,0,0
0.81818182,0.50505051,1,0,0
0.81818182,0.51515152,1,0,0
0.81818182,0.52525253,1,6.032751217178306e-9,0
0.81818182,0.53535354,1,8.824232031807642e-9,0
0.81818182,0.54545455,1,0,0
0.81818182,0.55555556,1,7.745111434086586e-9,0
0.81818182,0.56565657,1,0,0
0.81818182,0.57575758,1,1.0202519523027158e-8,0
0.81818182,0.58585859,1,7.104659650977035e-10,0
0.81818182,0.5959596,1,0,0
0.81818182,0.60606061,1,1.8149309563321448e-10,0
0.81818182,0.61616162,1,0,0
0.81818182,0.62626263,1,1.6297640760137844e-10,0
0.81818182,0.63636364,1,0,0
0.81818182,0.64646465,1,1.5444570199071863e-10,0
0.81818182,0.65656566,1,0,0
0.81818182,0.66666667,1,1.4959066835379398e-10,0
0.81818182,0.67676768,1,0,0
0.81818182,0.68686869,1,1.4682905411095292e-10,0
0.81818182,0.6969697,1,0,0
0.81818182,0.70707071,1,1.4558544092421744e-10,0
0.81818182,0.71717172,1,0,0
0.81818182,0.72727273,1,1.4562063890104226e-10,0
0.81818182,0.73737374,1,0,0
0.81818182,0.74747475,1,1.4683272356805222e-10,0
0.81818182,0.75757576,1,0,0
0.81818182,0.76767677,1,1.4919795617643338e-10,0
0.81818182,0.77777778,1,0,0
0.81818182,0.78787879,1,1.5274555296394819e-10,0
0.81818182,0.7979798,1,0,0
0.81818182,0.80808081,1,1.5753929931972e-10,0
0.81818182,0.81818182,1,0,0
0.81818182,0.82828283,1,1.636872508530007e-10,0
0.81818182,0.83838384,1,0,0
0.81818182,0.84848485,1,1.713261537375499e-10,0
0.81818182,0.85858586,1,0,0
0.81818182,0.86868687,1,1.8062463126369831e-10,0
0.81818182,0.87878788,1,0,0
0.81818182,0.88888889,1,1.917735714493385e-10,0
0.81818182,0.8989899,1,0,0
0.81818182,0.90909091,1,2.0496480434561983e-10,0
0.81818182,0.91919192,1,0,0
0.81818182,0.92929293,1,2.2033974988178163e-10,0
0.81818182,0.93939394,1,0,0
0.81818182,0.94949495,1,2.379041387362557e-10,0
0.81818182,0.95959596,1,0,0
0.81818182,0.96969697,1,2.5738147176601606e-10,0
0.81818182,0.97979798,1,0,0
0.81818182,0.98989899,1,2.7842327076921246e-10,0
0.81818182,1,1,0,0
0.82828283,0,-1,0,0
0.82828283,0.01010101,-1,3.1067917792837457e-10,0
0.82828283,0.02020202,-1,0,0
0.82828283,0.03030303,-1,0,0
0.82828283,0.04040404,-1,0,0
0.82828283,0.05050505,-1,0,0
0.82828283,0.06060606,-1,1.6486358449810723e-6,0
0.82828283,0.07070707,-1,3.2631430147375795e-6,0
0.82828283,0.08080808,-1,0,0
0.82828283,0.09090909,-1,0,0
0.82828283,0.1010101,-1,2.2066733313840815e-5,0
0.82828283,0.11111111,1,4.290200638934039e-5,0
0.82828283,0.12121212,1,1.3484526582760737e-5,0
0.82828283,0.13131313,1,2.2580797492992133e-6,0
0.82828283,0.14141414,1,0,0
0.82828283,0.15151515,1,0,0
0.82828283,0.16161616,1,0,0
0.82828283,0.17171717,1,0,0
0.82828283,0.18181818,1,3.5547924868296835e-6,0
0.82828283,0.19191919,1,0,0
0.82828283,0.2020202,1,6.494812566961628e-6,0
0.82828283,0.21212121,1,0,0
0.82828283,0.22222222,1,3.669437697681133e-7,0
0.82828283,0.23232323,1,0,0
0.82828283,0.24242424,1,6.218828926648712e-7,0
0.82828283,0.25252525,1,1.311468806306948e-7,0
0.82828283,0.26262626,1,0,0
0.82828283,0.27272727,1,0,0
0.82828283,0.28282828,1,2.977723017011159e-7,0
0.82828283,0.29292929,1,8.203835570839148e-8,0
0.82828283,0.3030303,1,4.243279593083571e-8,0
0.82828283,0.31313131,1,3.7810983200188276e-7,0
0.82828283,0.32323232,1,0,0
0.82828283,0.33333333,1,6.941063642784685e-8,0
0.82828283,0.34343434,1,3.647342129511344e-8,0
0.82828283,0.35353535,1,1.609037054706164e-7,0
0.82828283,0.36363636,1,0,0
0.82828283,0.37373737,1,0,0
0.82828283,0.38383838,1,0,0
0.82828283,0.39393939,1,2.6205011898960966e-8,0
0.82828283,0.4040404,1,0,0
0.82828283,0.41414141,1,6.952559526192429e-8,0
0.82828283,0.42424242,1,7.853516106303207e-9,0
0.82828283,0.43434343,1,1.788969376129712e-8,0
0.82828283,0.44444444,1,2.2585488592685723e-9,0
0.82828283,0.45454545,1,0,0
0.82828283,0.46464646,1,0,0
0.82828283,0.47474747,1,0,0
0.82828283,0.48484848,1,0,0
0.82828283,0.49494949,1,3.312976956993188e-9,0
0.82828283,0.50505051,1,2.495220267341551e-8,0
0.82828283,0.51515152,1,1.0261464544726596e-9,0
0.82828283,0.52525253,1,0,0
0.82828283,0.53535354,1,0,0
0.82828283,0.54545455,1,2.654160594858148e-8,0
0.82828283,0.55555556,1,0,0
0.82828283,0.56565657,1,1.025589579102086e-8,0
0.82828283,0.57575758,1,0,0
0.82828283,0.58585859,1,0,0
0.82828283,0.5959596,1,2.027456054522203e-10,0
0.82828283,0.60606061,1,0,0
0.82828283,0.61616162,1,1.6842912396401037e-10,0
0.82828283,0.62626263,1,0,0
0.82828283,0.63636364,1,1.5622080333354407e-10,0
0.82828283,0.64646465,1,0,0
0.82828283,0.65656566,1,1.497463790587142e-10,0
0.82828283,0.66666667,1,0,0
0.82828283,0.67676768,1,1.4595880422733908e-10,0
0.82828283,0.68686869,1,0,0
0.82828283,0.6969697,1,1.4390906222221802e-10,0
0.82828283,0.70707071,1,0,0
0.82828283,0.71717172,1,1.4321675357448216e-10,0
0.82828283,0.72727273,1,0,0
0.82828283,0.73737374,1,1.4372228011767796e-10,0
0.82828283,0.74747475,1,0,0
0.82828283,0.75757576,1,1.4535686165446928e-10,0
0.82828283,0.76767677,1,0,0
0.82828283,0.77777778,1,1.4812068202356422e-10,0
0.82828283,0.78787879,1,0,0
0.82828283,0.7979798,1,1.52052077289494e-10,0
0.82828283,0.80808081,1,0,0
0.82828283,0.81818182,1,1.572239824308014e-10,0
0.82828283,0.82828283,1,0,0
0.82828283,0.83838384,1,1.6374617984038498e-10,0
0.82828283,0.84848485,1,0,0
0.82828283,0.85858586,1,1.7175089698368008e-10,0
0.82828283,0.86868687,1,0,0
0.82828283,0.87878788,1,1.8138849784063438e-10,0
0.82828283,0.88888889,1,0,0
0.82828283,0.8989899,1,1.9281122155198616e-10,0
0.82828283,0.90909091,1,0,0
0.82828283,0.91919192,1,2.0613297281243948e-10,0
0.82828283,0.92929293,1,0,0
0.82828283,0.93939394,1,2.2134895507341935e-10,0
0.82828283,0.94949495,1,0,0
0.82828283,0.95959596,1,2.3819754206982904e-10,0
0.82828283,0.96969697,1,0,0
0.82828283,0.97979798,1,2.560790179892414e-10,0
0.82828283,0.98989899,1,0,0
0.82828283,1,1,2.752163758570902e-10,0
0.83838384,0,-1,2.716054235650522e-10,0
0.83838384,0.01010101,-1,0,0
0.83838384,0.02020202,-1,3.603877326174842e-10,0
0.83838384,0.03030303,-1,4.110010821445353e-9,0
0.83838384,0.04040404,-1,6.354924783330551e-8,0
0.83838384,0.05050505,-1,2.501840335620287e-7,0
0.83838384,0.06060606,-1,0,0
0.83838384,0.07070707,-1,0,0
0.83838384,0.08080808,-1,1.5354924209532329e-6,0
0.83838384,0.09090909,-1,1.2616124076885172e-6,0
0.83838384,0.1010101,-1,0,0
0.83838384,0.11111111,-1,0,0
0.83838384,0.12121212,1,0,0
0.83838384,0.13131313,1,0,0
0.83838384,0.14141414,1,5.97986692446284e-7,0
0.83838384,0.15151515,1,1.9558554177638144e-5,0
0.83838384,0.16161616,1,7.293651139480062e-6,0
0.83838384,0.17171717,1,4.762287309858948e-6,0
0.83838384,0.18181818,1,0,0
0.83838384,0.19191919,1,6.339954969007523e-7,0
0.83838384,0.2020202,1,0,0
0.83838384,0.21212121,1,9.899204756948166e-7,0
0.83838384,0.22222222,1,0,0
0.83838384,0.23232323,1,6.487602822744521e-7,0
0.83838384,0.24242424,1,0,0
0.83838384,0.25252525,1,0,0
0.83838384,0.26262626,1,3.8237521121118337e-7,0
0.83838384,0.27272727,1,3.026909607797279e-8,0
0.83838384,0.28282828,1,0,0
0.83838384,0.29292929,1,0,0
0.83838384,0.3030303,1,0,0
0.83838384,0.31313131,1,0,0
0.83838384,0.32323232,1,4.701589274191065e-7,0
0.83838384,0.33333333,1,0,0
0.83838384,0.34343434,1,0,0
0.83838384,0.35353535,1,0,0
0.83838384,0.36363636,1,7.74467286568381e-8,0
0.83838384,0.37373737,1,3.1842261386216824e-8,0
0.83838384,0.38383838,1,3.490100807672647e-8,0
0.83838384,0.39393939,1,0,0
0.83838384,0.4040404,1,5.37482401017024e-8,0
0.83838384,0.41414141,1,0,0
0.83838384,0.42424242,1,0,0
0.83838384,0.43434343,1,0,0
0.83838384,0.44444444,1,0,0
0.83838384,0.45454545,1,4.920762347399022e-9,0
0.83838384,0.46464646,1,1.6663478887046782e-8,0
0.83838384,0.47474747,1,2.7394006853144815e-8,0
0.83838384,0.48484848,1,2.8694721759502107e-10,0
0.83838384,0.49494949,1,0,0
0.83838384,0.50505051,1,0,0
0.83838384,0.51515152,1,0,0
0.83838384,0.52525253,1,7.042523462711531e-9,0
0.83838384,0.53535354,1,9.346630676975582e-9,0
0.83838384,0.54545455,1,0,0
0.83838384,0.55555556,1,8.014356856438954e-9,0
0.83838384,0.56565657,1,0,0
0.83838384,0.57575758,1,1.0901937763759494e-8,0
0.83838384,0.58585859,1,7.397054153000793e-10,0
0.83838384,0.5959596,1,0,0
0.83838384,0.60606061,1,1.7901850396587206e-10,0
0.83838384,0.61616162,1,0,0
0.83838384,0.62626263,1,1.5973978603582574e-10,0
0.83838384,0.63636364,1,0,0
0.83838384,0.64646465,1,1.509063163665503e-10,0
0.83838384,0.65656566,1,0,0
0.83838384,0.66666667,1,1.4585051794375332e-10,0
0.83838384,0.67676768,1,0,0
0.83838384,0.68686869,1,1.429037378141221e-10,0
0.83838384,0.6969697,1,0,0
0.83838384,0.70707071,1,1.4146046481335742e-10,0
0.83838384,0.71717172,1,0,0
0.83838384,0.72727273,1,1.4126334454481194e-10,0
0.83838384,0.73737374,1,0,0
0.83838384,0.74747475,1,1.4219729221557482e-10,0
0.83838384,0.75757576,1,0,0
0.83838384,0.76767677,1,1.442260829853312e-10,0
0.83838384,0.77777778,1,0,0
0.83838384,0.78787879,1,1.4736253254772626e-10,0
0.83838384,0.7979798,1,0,0
0.83838384,0.80808081,1,1.5165082706009719e-10,0
0.83838384,0.81818182,1,0,0
0.83838384,0.82828283,1,1.571719149551232e-10,0
0.83838384,0.83838384,1,0,0
0.83838384,0.84848485,1,1.6402852116778608e-10,0
0.83838384,0.85858586,1,0,0
0.83838384,0.86868687,1,1.723383733734374e-10,0
0.83838384,0.87878788,1,0,0
0.83838384,0.88888889,1,1.822207716217772e-10,0
0.83838384,0.8989899,1,0,0
0.83838384,0.90909091,1,1.9376497048563536e-10,0
0.83838384,0.91919192,1,0,0
0.83838384,0.92929293,1,2.0695796865977111e-10,0
0.83838384,0.93939394,1,0,0
0.83838384,0.94949495,1,2.2157445391281226e-10,0
0.83838384,0.95959596,1,0,0
0.83838384,0.96969697,1,2.37004405267971e-10,0
0.83838384,0.97979798,1,0,0
0.83838384,0.98989899,1,2.5249503376872927e-10,0
0.83838384,1,1,0,0
0.84848485,0,-1,0,0
0.84848485,0.01010101,-1,2.7585011516118026e-10,0
0.84848485,0.02020202,-1,0,0
0.84848485,0.03030303,-1,0,0
0.84848485,0.04040404,-1,0,0
0.84848485,0.05050505,-1,0,0
0.84848485,0.06060606,-1,1.8468750731614135e-6,0
0.84848485,0.07070707,-1,3.6749219788816847e-6,0
0.84848485,0.08080808,-1,0,0
0.84848485,0.09090909,-1,0,0
0.84848485,0.1010101,-1,2.3242066796228757e-5,0
0.84848485,0.11111111,-1,4.51934933080338e-5,0
0.84848485,0.12121212,1,1.4029580718488434e-5,0
0.84848485,0.13131313,1,2.573361751274206e-6,0
0.84848485,0.14141414,1,0,0
0.84848485,0.15151515,1,0,0
0.84848485,0.16161616,1,0,0
0.84848485,0.17171717,1,0,0
0.84848485,0.18181818,1,3.806725190952421e-6,0
0.84848485,0.19191919,1,0,0
0.84848485,0.2020202,1,6.56739269688842e-6,0
0.84848485,0.21212121,1,0,0
0.84848485,0.22222222,1,4.0190320178226106e-7,0
0.84848485,0.23232323,1,0,0
0.84848485,0.24242424,1,6.427685031667352e-7,0
0.84848485,0.25252525,1,1.4545753047059408e-7,0
0.84848485,0.26262626,1,0,0
0.84848485,0.27272727,1,0,0
0.84848485,0.28282828,1,3.11162015032096e-7,0
0.84848485,0.29292929,1,7.04511939375152e-8,0
0.84848485,0.3030303,1,5.233321625155441e-8,0
0.84848485,0.31313131,1,4.003783132475292e-7,0
0.84848485,0.32323232,1,0,0
0.84848485,0.33333333,1,6.95747670192759e-8,0
0.84848485,0.34343434,1,4.3212584805019105e-8,0
0.84848485,0.35353535,1,1.678959635810884e-7,0
0.84848485,0.36363636,1,0,0
0.84848485,0.37373737,1,0,0
0.84848485,0.38383838,1,0,0
0.84848485,0.39393939,1,2.7110253568868317e-8,0
0.84848485,0.4040404,1,0,0
0.84848485,0.41414141,1,7.374564469220248e-8,0
0.84848485,0.42424242,1,9.946414876083054e-9,0
0.84848485,0.43434343,1,1.9705524372592987e-8,0
0.84848485,0.44444444,1,2.806504394134435e-9,0
0.84848485,0.45454545,1,0,0
0.84848485,0.46464646,1,0,0
0.84848485,0.47474747,1,0,0
0.84848485,0.48484848,1,0,0
0.84848485,0.49494949,1,3.880199892385833e-9,0
0.84848485,0.50505051,1,2.704478221925225e-8,0
0.84848485,0.51515152,1,1.8199261176646274e-9,0
0.84848485,0.52525253,1,0,0
0.84848485,0.53535354,1,0,0
0.84848485,0.54545455,1,2.8591519868239464e-8,0
0.84848485,0.55555556,1,0,0
0.84848485,0.56565657,1,1.0756183100817108e-8,0
0.84848485,0.57575758,1,0,0
0.84848485,0.58585859,1,0,0
0.84848485,0.5959596,1,2.021878081376327e-10,0
0.84848485,0.60606061,1,0,0
0.84848485,0.61616162,1,1.6606402942070942e-10,0
0.84848485,0.62626263,1,0,0
0.84848485,0.63636364,1,1.5334125679986043e-10,0
0.84848485,0.64646465,1,0,0
0.84848485,0.65656566,1,1.4659711195658122e-10,0
0.84848485,0.66666667,1,0,0
0.84848485,0.67676768,1,1.4259871640859288e-10,0
0.84848485,0.68686869,1,0,0
0.84848485,0.6969697,1,1.4034444687990867e-10,0
0.84848485,0.70707071,1,0,0
0.84848485,0.71717172,1,1.3942948573902879e-10,0
0.84848485,0.72727273,1,0,0
0.84848485,0.73737374,1,1.396763019662073e-10,0
0.84848485,0.74747475,1,0,0
0.84848485,0.75757576,1,1.4100262767241523e-10,0
0.84848485,0.76767677,1,0,0
0.84848485,0.77777778,1,1.4339378238137354e-10,0
0.84848485,0.78787879,1,0,0
0.84848485,0.7979798,1,1.4687110084163347e-10,0
0.84848485,0.80808081,1,0,0
0.84848485,0.81818182,1,1.5148542403253806e-10,0
0.84848485,0.82828283,1,0,0
0.84848485,0.83838384,1,1.5731511980102143e-10,0
0.84848485,0.84848485,1,0,0
0.84848485,0.85858586,1,1.644504892116261e-10,0
0.84848485,0.86868687,1,0,0
0.84848485,0.87878788,1,1.7298210355995434e-10,0
0.84848485,0.88888889,1,0,0
0.84848485,0.8989899,1,1.829728048782786e-10,0
0.84848485,0.90909091,1,0,0
0.84848485,0.91919192,1,1.9440791251268408e-10,0
0.84848485,0.92929293,1,0,0
0.84848485,0.93939394,1,2.070930972208895e-10,0
0.84848485,0.94949495,1,0,0
0.84848485,0.95959596,1,2.2048880183589414e-10,0
0.84848485,0.96969697,1,0,0
0.84848485,0.97979798,1,2.336180355555495e-10,0
0.84848485,0.98989899,1,0,0
0.84848485,1,1,2.4644879547952577e-10,0
0.85858586,0,-1,2.398404894722595e-10,0
0.85858586,0.01010101,-1,0,0
0.85858586,0.02020202,-1,3.2781609607332453e-10,0
0.85858586,0.03030303,-1,4.184705109766541e-9,0
0.85858586,0.04040404,-1,7.38519129717119e-8,0
0.85858586,0.05050505,-1,2.928303684626599e-7,0
0.85858586,0.06060606,-1,0,0
0.85858586,0.07070707,-1,0,0
0.85858586,0.08080808,-1,1.4458740759437206e-6,0
0.85858586,0.09090909,-1,1.269555077305995e-6,0
0.85858586,0.1010101,-1,0,0
0.85858586,0.11111111,-1,0,0
0.85858586,0.12121212,-1,0,0
0.85858586,0.13131313,1,0,0
0.85858586,0.14141414,1,7.766424168949016e-7,0
0.85858586,0.15151515,1,2.0210043431143276e-5,0
0.85858586,0.16161616,1,7.280374880065211e-6,0
0.85858586,0.17171717,1,4.757615266134963e-6,0
0.85858586,0.18181818,1,0,0
0.85858586,0.19191919,1,5.262069287709892e-7,0
0.85858586,0.2020202,1,0,0
0.85858586,0.21212121,1,9.653536584664834e-7,0
0.85858586,0.22222222,1,0,0
0.85858586,0.23232323,1,6.741569291989436e-7,0
0.85858586,0.24242424,1,0,0
0.85858586,0.25252525,1,0,0
0.85858586,0.26262626,1,4.0164985211958993e-7,0
0.85858586,0.27272727,1,3.275823110016063e-8,0
0.85858586,0.28282828,1,0,0
0.85858586,0.29292929,1,0,0
0.85858586,0.3030303,1,0,0
0.85858586,0.31313131,1,0,0
0.85858586,0.32323232,1,5.025974091950048e-7,0
0.85858586,0.33333333,1,0,0
0.85858586,0.34343434,1,0,0
0.85858586,0.35353535,1,0,0
0.85858586,0.36363636,1,8.361375223748802e-8,0
0.85858586,0.37373737,1,3.50890447658167e-8,0
0.85858586,0.38383838,1,3.7509856351761186e-8,0
0.85858586,0.39393939,1,0,0
0.85858586,0.4040404,1,5.8419257122777076e-8,0
0.85858586,0.41414141,1,0,0
0.85858586,0.42424242,1,0,0
0.85858586,0.43434343,1,0,0
0.85858586,0.44444444,1,0,0
0.85858586,0.45454545,1,5.448100426413971e-9,0
0.85858586,0.46464646,1,1.9017678905108863e-8,0
0.85858586,0.47474747,1,3.007604732240266e-8,0
0.85858586,0.48484848,1,7.86204715641503e-10,0
0.85858586,0.49494949,1,0,0
0.85858586,0.50505051,1,0,0
0.85858586,0.51515152,1,0,0
0.85858586,0.52525253,1,8.291805642085191e-9,0
0.85858586,0.53535354,1,1.001999442303194e-8,0
0.85858586,0.54545455,1,0,0
0.85858586,0.55555556,1,8.353871168308681e-9,0
0.85858586,0.56565657,1,0,0
0.85858586,0.57575758,1,1.1771575482151694e-8,0
0.85858586,0.58585859,1,7.781561615644721e-10,0
0.85858586,0.5959596,1,0,0
0.85858586,0.60606061,1,1.7787287874965194e-10,0
0.85858586,0.61616162,1,0,0
0.85858586,0.62626263,1,1.575988941293627e-10,0
0.85858586,0.63636364,1,0,0
0.85858586,0.64646465,1,1.4836139239811362e-10,0
0.85858586,0.65656566,1,0,0
0.85858586,0.66666667,1,1.4304576138532422e-10,0
0.85858586,0.67676768,1,0,0
0.85858586,0.68686869,1,1.3987632187413555e-10,0
0.85858586,0.6969697,1,0,0
0.85858586,0.70707071,1,1.3820770136414167e-10,0
0.85858586,0.71717172,1,0,0
0.85858586,0.72727273,1,1.377601537965595e-10,0
0.85858586,0.73737374,1,0,0
0.85858586,0.74747475,1,1.3840396586341228e-10,0
0.85858586,0.75757576,1,0,0
0.85858586,0.76767677,1,1.400892291688813e-10,0
0.85858586,0.77777778,1,0,0
0.85858586,0.78787879,1,1.4281218103442962e-10,0
0.85858586,0.7979798,1,0,0
0.85858586,0.80808081,1,1.4659759487861688e-10,0
0.85858586,0.81818182,1,0,0
0.85858586,0.82828283,1,1.5149851344594538e-10,0
0.85858586,0.83838384,1,0,0
0.85858586,0.84848485,1,1.5758141949755168e-10,0
0.85858586,0.85858586,1,0,0
0.85858586,0.86868687,1,1.6491108425307349e-10,0
0.85858586,0.87878788,1,0,0
0.85858586,0.88888889,1,1.735325507932345e-10,0
0.85858586,0.8989899,1,0,0
0.85858586,0.90909091,1,1.8342967669105618e-10,0
0.85858586,0.91919192,1,0,0
0.85858586,0.92929293,1,1.9442909753343563e-10,0
0.85858586,0.93939394,1,0,0
0.85858586,0.94949495,1,2.060697910397785e-10,0
0.85858586,0.95959596,1,0,0
0.85858586,0.96969697,1,2.1741217731963134e-10,0
0.85858586,0.97979798,1,0,0
0.85858586,0.98989899,1,2.2734618661535142e-10,0
0.85858586,1,1,0,0
0.86868687,0,-1,0,0
0.86868687,0.01010101,-1,2.4238467572698654e-10,0
0.86868687,0.02020202,-1,0,0
0.86868687,0.03030303,-1,0,0
0.86868687,0.04040404,-1,0,0
0.86868687,0.05050505,-1,0,0
0.86868687,0.06060606,-1,2.096901871101409e-6,0
0.86868687,0.07070707,-1,4.1883323381739505e-6,0
0.86868687,0.08080808,-1,0,0
0.86868687,0.09090909,-1,0,0
0.86868687,0.1010101,-1,2.4704022787773285e-5,0
0.86868687,0.11111111,-1,4.803856189464568e-5,0
0.86868687,0.12121212,-1,1.4719521564256864e-5,0
0.86868687,0.13131313,-1,2.935740644170437e-6,0
0.86868687,0.14141414,1,0,0
0.86868687,0.15151515,1,0,0
0.86868687,0.16161616,1,0,0
0.86868687,0.17171717,1,0,0
0.86868687,0.18181818,1,4.102367553423392e-6,0
0.86868687,0.19191919,1,0,0
0.86868687,0.2020202,1,6.702532693452668e-6,0
0.86868687,0.21212121,1,0,0
0.86868687,0.22222222,1,4.450500397069846e-7,0
0.86868687,0.23232323,1,0,0
0.86868687,0.24242424,1,6.7180760725023e-7,0
0.86868687,0.25252525,1,1.616936365280708e-7,0
0.86868687,0.26262626,1,0,0
0.86868687,0.27272727,1,0,0
0.86868687,0.28282828,1,3.2747493161195965e-7,0
0.86868687,0.29292929,1,5.8497840529980754e-8,0
0.86868687,0.3030303,1,6.419995663691227e-8,0
0.86868687,0.31313131,1,4.29125257613805e-7,0
0.86868687,0.32323232,1,0,0
0.86868687,0.33333333,1,6.999939455738515e-8,0
0.86868687,0.34343434,1,5.125729327417617e-8,0
0.86868687,0.35353535,1,1.7708965852824e-7,0
0.86868687,0.36363636,1,0,0
0.86868687,0.37373737,1,0,0
0.86868687,0.38383838,1,0,0
0.86868687,0.39393939,1,2.8122085027160184e-8,0
0.86868687,0.4040404,1,0,0
0.86868687,0.41414141,1,7.908126598215675e-8,0
0.86868687,0.42424242,1,1.2620367834786754e-8,0
0.86868687,0.43434343,1,2.2091629570203043e-8,0
0.86868687,0.44444444,1,3.512235881122754e-9,0
0.86868687,0.45454545,1,0,0
0.86868687,0.46464646,1,0,0
0.86868687,0.47474747,1,0,0
0.86868687,0.48484848,1,0,0
0.86868687,0.49494949,1,4.586750838075915e-9,0
0.86868687,0.50505051,1,2.9719965777919025e-8,0
0.86868687,0.51515152,1,2.8204765287975782e-9,0
0.86868687,0.52525253,1,0,0
0.86868687,0.53535354,1,0,0
0.86868687,0.54545455,1,3.1172528861465355e-8,0
0.86868687,0.55555556,1,0,0
0.86868687,0.56565657,1,1.1376072490899662e-8,0
0.86868687,0.57575758,1,0,0
0.86868687,0.58585859,1,0,0
0.86868687,0.5959596,1,2.0326594493240424e-10,0
0.86868687,0.60606061,1,0,0
0.86868687,0.61616162,1,1.6484121003077987e-10,0
0.86868687,0.62626263,1,0,0
0.86868687,0.63636364,1,1.514475528287089e-10,0
0.86868687,0.64646465,1,0,0
0.86868687,0.65656566,1,1.4435283414394526e-10,0
0.86868687,0.66666667,1,0,0
0.86868687,0.67676768,1,1.4009413329537855e-10,0
0.86868687,0.68686869,1,0,0
0.86868687,0.6969697,1,1.3760054288877895e-10,0
0.86868687,0.70707071,1,0,0
0.86868687,0.71717172,1,1.3643444778965208e-10,0
0.86868687,0.72727273,1,0,0
0.86868687,0.73737374,1,1.364006469984497e-10,0
0.86868687,0.74747475,1,0,0
0.86868687,0.75757576,1,1.3740365193048912e-10,0
0.86868687,0.76767677,1,0,0
0.86868687,0.77777778,1,1.3941227723084267e-10,0
0.86868687,0.78787879,1,0,0
0.86868687,0.7979798,1,1.4242927123399134e-10,0
0.86868687,0.80808081,1,0,0
0.86868687,0.81818182,1,1.4647992570961198e-10,0
0.86868687,0.82828283,1,0,0
0.86868687,0.83838384,1,1.5161006286881254e-10,0
0.86868687,0.84848485,1,0,0
0.86868687,0.85858586,1,1.5786609595282296e-10,0
0.86868687,0.86868687,1,0,0
0.86868687,0.87878788,1,1.6527467230769712e-10,0
0.86868687,0.88888889,1,0,0
0.86868687,0.8989899,1,1.7380797258989947e-10,0
0.86868687,0.90909091,1,0,0
0.86868687,0.91919192,1,1.833187969532972e-10,0
0.86868687,0.92929293,1,0,0
0.86868687,0.93939394,1,1.9341393786590983e-10,0
0.86868687,0.94949495,1,0,0
0.86868687,0.95959596,1,2.0326702666021055e-10,0
0.86868687,0.96969697,1,0,0
0.86868687,0.97979798,1,2.115389319417432e-10,0
0.86868687,0.98989899,1,0,0
0.86868687,1,1,2.1808278056678275e-10,0
0.87878788,0,-1,2.0825294025431096e-10,0
0.87878788,0.01010101,-1,0,0
0.87878788,0.02020202,-1,2.978729279387582e-10,0
0.87878788,0.03030303,-1,4.1736206664921845e-9,0
0.87878788,0.04040404,-1,8.745072479001692e-8,0
0.87878788,0.05050505,-1,3.4803396627580696e-7,0
0.87878788,0.06060606,-1,0,0
0.87878788,0.07070707,-1,0,0
0.87878788,0.08080808,-1,1.339042145127678e-6,0
0.87878788,0.09090909,-1,1.2898220250463057e-6,0
0.87878788,0.1010101,-1,0,0
0.87878788,0.11111111,-1,0,0
0.87878788,0.12121212,-1,0,0
0.87878788,0.13131313,-1,0,0
0.87878788,0.14141414,1,9.633736124669669e-7,0
0.87878788,0.15151515,1,2.1069006538164105e-5,0
0.87878788,0.16161616,1,7.330574463412632e-6,0
0.87878788,0.17171717,1,4.802124317211565e-6,0
0.87878788,0.18181818,1,0,0
0.87878788,0.19191919,1,4.076178283867194e-7,0
0.87878788,0.2020202,1,0,0
0.87878788,0.21212121,1,9.465283797908342e-7,0
0.87878788,0.22222222,1,0,0
0.87878788,0.23232323,1,7.091570036209305e-7,0
0.87878788,0.24242424,1,0,0
0.87878788,0.25252525,1,0,0
0.87878788,0.26262626,1,4.270425608865481e-7,0
0.87878788,0.27272727,1,3.6741166093179346e-8,0
0.87878788,0.28282828,1,0,0
0.87878788,0.29292929,1,0,0
0.87878788,0.3030303,1,0,0
0.87878788,0.31313131,1,0,0
0.87878788,0.32323232,1,5.425517242557021e-7,0
0.87878788,0.33333333,1,0,0
0.87878788,0.34343434,1,0,0
0.87878788,0.35353535,1,0,0
0.87878788,0.36363636,1,9.139607753131385e-8,0
0.87878788,0.37373737,1,3.9335659853767524e-8,0
0.87878788,0.38383838,1,4.0967861692875484e-8,0
0.87878788,0.39393939,1,0,0
0.87878788,0.4040404,1,6.421943236736595e-8,0
0.87878788,0.41414141,1,0,0
0.87878788,0.42424242,1,0,0
0.87878788,0.43434343,1,0,0
0.87878788,0.44444444,1,0,0
0.87878788,0.45454545,1,6.124262589596785e-9,0
0.87878788,0.46464646,1,2.2027079568267282e-8,0
0.87878788,0.47474747,1,3.3561046586880323e-8,0
0.87878788,0.48484848,1,1.4316399053278596e-9,0
0.87878788,0.49494949,1,0,0
0.87878788,0.50505051,1,0,0
0.87878788,0.51515152,1,0,0
0.87878788,0.52525253,1,9.867480577685497e-9,0
0.87878788,0.53535354,1,1.0886078305993862e-8,0
0.87878788,0.54545455,1,0,0
0.87878788,0.55555556,1,8.771244434774631e-9,0
0.87878788,0.56565657,1,0,0
0.87878788,0.57575758,1,1.2854978535280997e-8,0
0.87878788,0.58585859,1,8.276099616102896e-10,0
0.87878788,0.5959596,1,0,0
0.87878788,0.60606061,1,1.7800661274221686e-10,0
0.87878788,0.61616162,1,0,0
0.87878788,0.62626263,1,1.5646005293579178e-10,0
0.87878788,0.63636364,1,0,0
0.87878788,0.64646465,1,1.4670329287875228e-10,0
0.87878788,0.65656566,1,0,0
0.87878788,0.66666667,1,1.410610783771299e-10,0
0.87878788,0.67676768,1,0,0
0.87878788,0.68686869,1,1.3762035567304806e-10,0
0.87878788,0.6969697,1,0,0
0.87878788,0.70707071,1,1.3569001430550292e-10,0
0.87878788,0.71717172,1,0,0
0.87878788,0.72727273,1,1.3496437378569554e-10,0
0.87878788,0.73737374,1,0,0
0.87878788,0.74747475,1,1.3529692999298544e-10,0
0.87878788,0.75757576,1,0,0
0.87878788,0.76767677,1,1.3662019200172058e-10,0
0.87878788,0.77777778,1,0,0
0.87878788,0.78787879,1,1.3891178704417834e-10,0
0.87878788,0.7979798,1,0,0
0.87878788,0.80808081,1,1.4217643188084787e-10,0
0.87878788,0.81818182,1,0,0
0.87878788,0.82828283,1,1.46437313585171e-10,0
0.87878788,0.83838384,1,0,0
0.87878788,0.84848485,1,1.5172203243884326e-10,0
0.87878788,0.85858586,1,0,0
0.87878788,0.86868687,1,1.5804094415333528e-10,0
0.87878788,0.87878788,1,0,0
0.87878788,0.88888889,1,1.6536144296212288e-10,0
0.87878788,0.8989899,1,0,0
0.87878788,0.90909091,1,1.7355120685200696e-10,0
0.87878788,0.91919192,1,0,0
0.87878788,0.92929293,1,1.8226792517939823e-10,0
0.87878788,0.93939394,1,0,0
0.87878788,0.94949495,1,1.9080591605654535e-10,0
0.87878788,0.95959596,1,0,0
0.87878788,0.96969697,1,1.9789240876351076e-10,0
0.87878788,0.97979798,1,0,0
0.87878788,0.98989899,1,2.021188707804211e-10,0
0.87878788,1,1,0,0
0.88888889,0,-1,0,0
0.88888889,0.01010101,-1,2.0948658365736727e-10,0
0.88888889,0.02020202,-1,0,0
0.88888889,0.03030303,-1,0,0
0.88888889,0.04040404,-1,0,0
0.88888889,0.05050505,-1,0,0
0.88888889,0.06060606,-1,2.4171451950223857e-6,0
0.88888889,0.07070707,-1,4.838701106154986e-6,0
0.88888889,0.08080808,-1,0,0
0.88888889,0.09090909,-1,0,0
0.88888889,0.1010101,-1,2.6511064665646706e-5,0
0.88888889,0.11111111,-1,5.155327531429066e-5,0
0.88888889,0.12121212,-1,1.5579341585180373e-5,0
0.88888889,0.13131313,-1,3.3618142711929977e-6,0
0.88888889,0.14141414,-1,0,0
0.88888889,0.15151515,1,0,0
0.88888889,0.16161616,1,0,0
0.88888889,0.17171717,1,0,0
0.88888889,0.18181818,1,4.452874423441244e-6,0
0.88888889,0.19191919,1,0,0
0.88888889,0.2020202,1,6.9061137917742605e-6,0
0.88888889,0.21212121,1,0,0
0.88888889,0.22222222,1,4.984027256796254e-7,0
0.88888889,0.23232323,1,0,0
0.88888889,0.24242424,1,7.105171644070652e-7,0
0.88888889,0.25252525,1,1.8040661448139875e-7,0
0.88888889,0.26262626,1,0,0
0.88888889,0.27272727,1,0,0
0.88888889,0.28282828,1,3.471564535630023e-7,0
0.88888889,0.29292929,1,4.567051720556493e-8,0
0.88888889,0.3030303,1,7.886343845839861e-8,0
0.88888889,0.31313131,1,4.660594107686933e-7,0
0.88888889,0.32323232,1,0,0
0.88888889,0.33333333,1,7.064630971971298e-8,0
0.88888889,0.34343434,1,6.107887479351871e-8,0
0.88888889,0.35353535,1,1.8896404982184924e-7,0
0.88888889,0.36363636,1,0,0
0.88888889,0.37373737,1,0,0
0.88888889,0.38383838,1,0,0
0.88888889,0.39393939,1,2.918703036469579e-8,0
0.88888889,0.4040404,1,0,0
0.88888889,0.41414141,1,8.581695134161904e-8,0
0.88888889,0.42424242,1,1.613774515618043e-8,0
0.88888889,0.43434343,1,2.5262259759184415e-8,0
0.88888889,0.44444444,1,4.447818091817164e-9,0
0.88888889,0.45454545,1,0,0
0.88888889,0.46464646,1,0,0
0.88888889,0.47474747,1,0,0
0.88888889,0.48484848,1,0,0
0.88888889,0.49494949,1,5.484615944186238e-9,0
0.88888889,0.50505051,1,3.3167248677184016e-8,0
0.88888889,0.51515152,1,4.121157099572052e-9,0
0.88888889,0.52525253,1,0,0
0.88888889,0.53535354,1,0,0
0.88888889,0.54545455,1,3.4440163682436524e-8,0
0.88888889,0.55555556,1,0,0
0.88888889,0.56565657,1,1.2136437789020406e-8,0
0.88888889,0.57575758,1,0,0
0.88888889,0.58585859,1,0,0
0.88888889,0.5959596,1,2.060261997214631e-10,0
0.88888889,0.60606061,1,0,0
0.88888889,0.61616162,1,1.6469272763413274e-10,0
0.88888889,0.62626263,1,0,0
0.88888889,0.63636364,1,1.504396905637091e-10,0
0.88888889,0.64646465,1,0,0
0.88888889,0.65656566,1,1.4289757354511366e-10,0
0.88888889,0.66666667,1,0,0
0.88888889,0.67676768,1,1.3831559348377253e-10,0
0.88888889,0.68686869,1,0,0
0.88888889,0.6969697,1,1.3553606765092514e-10,0
0.88888889,0.70707071,1,0,0
0.88888889,0.71717172,1,1.3408403487218806e-10,0
0.88888889,0.72727273,1,0,0
0.88888889,0.73737374,1,1.33741353494643e-10,0
0.88888889,0.74747475,1,0,0
0.88888889,0.75757576,1,1.3439328349399392e-10,0
0.88888889,0.76767677,1,0,0
0.88888889,0.77777778,1,1.3599193728810327e-10,0
0.88888889,0.78787879,1,0,0
0.88888889,0.7979798,1,1.3852067968795483e-10,0
0.88888889,0.80808081,1,0,0
0.88888889,0.81818182,1,1.4197793223929764e-10,0
0.88888889,0.82828283,1,0,0
0.88888889,0.83838384,1,1.4637407752546638e-10,0
0.88888889,0.84848485,1,0,0
0.88888889,0.85858586,1,1.5170783831067874e-10,0
0.88888889,0.86868687,1,0,0
0.88888889,0.87878788,1,1.579374231816359e-10,0
0.88888889,0.88888889,1,0,0
0.88888889,0.8989899,1,1.6493566754550647e-10,0
0.88888889,0.90909091,1,0,0
0.88888889,0.91919192,1,1.7241146056216902e-10,0
0.88888889,0.92929293,1,0,0
0.88888889,0.93939394,1,1.7976008796286027e-10,0
0.88888889,0.94949495,1,0,0
0.88888889,0.95959596,1,1.8585898499852428e-10,0
0.88888889,0.96969697,1,0,0
0.88888889,0.97979798,1,1.8902631516073271e-10,0
0.88888889,0.98989899,1,0,0
0.88888889,1,1,1.8918123915103582e-10,0
0.8989899,0,-1,1.7589843524217635e-10,0
0.8989899,0.01010101,-1,0,0
0.8989899,0.02020202,-1,2.698876983134313e-10,0
0.8989899,0.03030303,-1,3.9899065011450575e-9,0
0.8989899,0.04040404,-1,1.058980585810332e-7,0
0.8989899,0.05050505,-1,4.208142531865634e-7,0
0.8989899,0.06060606,-1,0,0
0.8989899,0.07070707,-1,0,0
0.8989899,0.08080808,-1,1.2038103056511318e-6,0
0.8989899,0.09090909,-1,1.3263587378787637e-6,0
0.8989899,0.1010101,-1,0,0
0.8989899,0.11111111,-1,0,0
0.8989899,0.12121212,-1,0,0
0.8989899,0.13131313,-1,0,0
0.8989899,0.14141414,-1,1.1612359176069732e-6,0
0.8989899,0.15151515,-1,2.216791753708094e-5,0
0.8989899,0.16161616,1,7.446798503951868e-6,0
0.8989899,0.17171717,1,4.899840231337294e-6,0
0.8989899,0.18181818,1,0,0
0.8989899,0.19191919,1,2.712062725549913e-7,0
0.8989899,0.2020202,1,0,0
0.8989899,0.21212121,1,9.325227831141092e-7,0
0.8989899,0.22222222,1,0,0
0.8989899,0.23232323,1,7.558281888350394e-7,0
0.8989899,0.24242424,1,0,0
0.8989899,0.25252525,1,0,0
0.8989899,0.26262626,1,4.601935371510991e-7,0
0.8989899,0.27272727,1,4.28670878164894e-8,0
0.8989899,0.28282828,1,0,0
0.8989899,0.29292929,1,0,0
0.8989899,0.3030303,1,0,0
0.8989899,0.31313131,1,0,0
0.8989899,0.32323232,1,5.91858627572961e-7,0
0.8989899,0.33333333,1,0,0
0.8989899,0.34343434,1,0,0
0.8989899,0.35353535,1,0,0
0.8989899,0.36363636,1,1.0127008867124589e-7,0
0.8989899,0.37373737,1,4.4965899167070954e-8,0
0.8989899,0.38383838,1,4.5602091015466146e-8,0
0.8989899,0.39393939,1,0,0
0.8989899,0.4040404,1,7.149954481427282e-8,0
0.8989899,0.41414141,1,0,0
0.8989899,0.42424242,1,0,0
0.8989899,0.43434343,1,0,0
0.8989899,0.44444444,1,0,0
0.8989899,0.45454545,1,7.001320292584915e-9,0
0.8989899,0.46464646,1,2.5952886101288707e-8,0
0.8989899,0.47474747,1,3.8148003435761615e-8,0
0.8989899,0.48484848,1,2.2965564116608688e-9,0
0.8989899,0.49494949,1,0,0
0.8989899,0.50505051,1,0,0
0.8989899,0.51515152,1,0,0
0.8989899,0.52525253,1,1.189644470942549e-8,0
0.8989899,0.53535354,1,1.2006292830927386e-8,0
0.8989899,0.54545455,1,0,0
0.8989899,0.55555556,1,9.274900346745164e-9,0
0.8989899,0.56565657,1,0,0
0.8989899,0.57575758,1,1.4212745365709858e-8,0
0.8989899,0.58585859,1,8.90606135703657e-10,0
0.8989899,0.5959596,1,0,0
0.8989899,0.60606061,1,1.7941116283550548e-10,0
0.8989899,0.61616162,1,0,0
0.8989899,0.62626263,1,1.562455298733051e-10,0
0.8989899,0.63636364,1,0,0
0.8989899,0.64646465,1,1.4582394362303626e-10,0
0.8989899,0.65656566,1,0,0
0.8989899,0.66666667,1,1.3976955212267536e-10,0
0.8989899,0.67676768,1,0,0
0.8989899,0.68686869,1,1.3600166971494688e-10,0
0.8989899,0.6969697,1,0,0
0.8989899,0.70707071,1,1.3376553265680938e-10,0
0.8989899,0.71717172,1,0,0
0.8989899,0.72727273,1,1.3272272745001868e-10,0
0.8989899,0.73737374,1,0,0
0.8989899,0.74747475,1,1.327076491076679e-10,0
0.8989899,0.75757576,1,0,0
0.8989899,0.76767677,1,1.336333649815677e-10,0
0.8989899,0.77777778,1,0,0
0.8989899,0.78787879,1,1.354593956776843e-10,0
0.8989899,0.7979798,1,0,0
0.8989899,0.80808081,1,1.3816478531920515e-10,0
0.8989899,0.81818182,1,0,0
0.8989899,0.82828283,1,1.4174018757801347e-10,0
0.8989899,0.83838384,1,0,0
0.8989899,0.84848485,1,1.4617082960259074e-10,0
0.8989899,0.85858586,1,0,0
0.8989899,0.86868687,1,1.5140519359978058e-10,0
0.8989899,0.87878788,1,0,0
0.8989899,0.88888889,1,1.573253800356972e-10,0
0.8989899,0.8989899,1,0,0
0.8989899,0.90909091,1,1.6367527256354668e-10,0
0.8989899,0.91919192,1,0,0
0.8989899,0.92929293,1,1.6993166868060902e-10,0
0.8989899,0.93939394,1,0,0
0.8989899,0.94949495,1,1.7512696533815779e-10,0
0.8989899,0.95959596,1,0,0
0.8989899,0.96969697,1,1.776516269668717e-10,0
0.8989899,0.97979798,1,0,0
0.8989899,0.98989899,1,1.7587832576940882e-10,0
0.8989899,1,1,0,0
0.90909091,0,-1,0,0
0.90909091,0.01010101,-1,1.7637438780374047e-10,0
0.90909091,0.02020202,-1,0,0
0.90909091,0.03030303,-1,0,0
0.90909091,0.04040404,-1,0,0
0.90909091,0.05050505,-1,0,0
0.90909091,0.06060606,-1,2.8350424298423607e-6,0
0.90909091,0.07070707,-1,5.6776726015414174e-6,0
0.90909091,0.08080808,-1,0,0
0.90909091,0.09090909,-1,0,0
0.90909091,0.1010101,-1,2.8740700484831905e-5,0
0.90909091,0.11111111,-1,5.5893185156628536e-5,0
0.90909091,0.12121212,-1,1.6641820675431518e-5,0
0.90909091,0.13131313,-1,3.873721282161569e-6,0
0.90909091,0.14141414,-1,0,0
0.90909091,0.15151515,-1,0,0
0.90909091,0.16161616,-1,0,0
0.90909091,0.17171717,1,0,0
0.90909091,0.18181818,1,4.872554913708882e-6,0
0.90909091,0.19191919,1,0,0
0.90909091,0.2020202,1,7.187339746178623e-6,0
0.90909091,0.21212121,1,0,0
0.90909091,0.22222222,1,5.646545173476625e-7,0
0.90909091,0.23232323,1,0,0
0.90909091,0.24242424,1,7.610665141726258e-7,0
0.90909091,0.25252525,1,2.0223693464060947e-7,0
0.90909091,0.26262626,1,0,0
0.90909091,0.27272727,1,0,0
0.90909091,0.28282828,1,3.707016261127905e-7,0
0.90909091,0.29292929,1,3.134230794934467e-8,0
0.90909091,0.3030303,1,9.75518810751197e-8,0
0.90909091,0.31313131,1,5.136810742294884e-7,0
0.90909091,0.32323232,1,0,0
0.90909091,0.33333333,1,7.147199231205549e-8,0
0.90909091,0.34343434,1,7.335084165891459e-8,0
0.90909091,0.35353535,1,2.0420728744507958e-7,0
0.90909091,0.36363636,1,0,0
0.90909091,0.37373737,1,0,0
0.90909091,0.38383838,1,0,0
0.90909091,0.39393939,1,3.018927496957757e-8,0
0.90909091,0.4040404,1,0,0
0.90909091,0.41414141,1,9.435760467030681e-8,0
0.90909091,0.42424242,1,2.0911184245687684e-8,0
0.90909091,0.43434343,1,2.9552673038621673e-8,0
0.90909091,0.44444444,1,5.728476573577481e-9,0
0.90909091,0.45454545,1,0,0
0.90909091,0.46464646,1,0,0
0.90909091,0.47474747,1,0,0
0.90909091,0.48484848,1,0,0
0.90909091,0.49494949,1,6.650585045567237e-9,0
0.90909091,0.50505051,1,3.7669765623753554e-8,0
0.90909091,0.51515152,1,5.865652958642271e-9,0
0.90909091,0.52525253,1,0,0
0.90909091,0.53535354,1,0,0
0.90909091,0.54545455,1,3.8619122103278564e-8,0
0.90909091,0.55555556,1,0,0
0.90909091,0.56565657,1,1.3063625750620034e-8,0
0.90909091,0.57575758,1,0,0
0.90909091,0.58585859,1,0,0
0.90909091,0.5959596,1,2.1057477268158694e-10,0
0.90909091,0.60606061,1,0,0
0.90909091,0.61616162,1,1.6557113800932163e-10,0
0.90909091,0.62626263,1,0,0
0.90909091,0.63636364,1,1.5022970446326115e-10,0
0.90909091,0.64646465,1,0,0
0.90909091,0.65656566,1,1.4212399296620067e-10,0
0.90909091,0.66666667,1,0,0
0.90909091,0.67676768,1,1.3714344955361324e-10,0
0.90909091,0.68686869,1,0,0
0.90909091,0.6969697,1,1.3402072694935174e-10,0
0.90909091,0.70707071,1,0,0
0.90909091,0.71717172,1,1.3223243460237788e-10,0
0.90909091,0.72727273,1,0,0
0.90909091,0.73737374,1,1.3153455064220802e-10,0
0.90909091,0.74747475,1,0,0
0.90909091,0.75757576,1,1.3179374289600064e-10,0
0.90909091,0.76767677,1,0,0
0.90909091,0.77777778,1,1.3293907810704806e-10,0
0.90909091,0.78787879,1,0,0
0.90909091,0.7979798,1,1.3492999046610994e-10,0
0.90909091,0.80808081,1,0,0
0.90909091,0.81818182,1,1.3773626965653785e-10,0
0.90909091,0.82828283,1,0,0
0.90909091,0.83838384,1,1.4132907943426202e-10,0
0.90909091,0.84848485,1,0,0
0.90909091,0.85858586,1,1.4565248333249603e-10,0
0.90909091,0.86868687,1,0,0
0.90909091,0.87878788,1,1.5058940521905235e-10,0
0.90909091,0.88888889,1,0,0
0.90909091,0.8989899,1,1.5590407813886182e-10,0
0.90909091,0.90909091,1,0,0
0.90909091,0.91919192,1,1.6114702022264338e-10,0
0.90909091,0.92929293,1,0,0
0.90909091,0.93939394,1,1.6548444831082468e-10,0
0.90909091,0.94949495,1,0,0
0.90909091,0.95959596,1,1.6748148666161436e-10,0
0.90909091,0.96969697,1,0,0
0.90909091,0.97979798,1,1.6514073476201275e-10,0
0.90909091,0.98989899,1,0,0
0.90909091,1,1,1.587017480276717e-10,0
0.91919192,0,-1,1.417099032868796e-10,0
0.91919192,0.01010101,-1,0,0
0.91919192,0.02020202,-1,2.4279660845571286e-10,0
0.91919192,0.03030303,-1,3.464928759577823e-9,0
0.91919192,0.04040404,-1,1.3179025508378576e-7,0
0.91919192,0.05050505,-1,5.187200250361457e-7,0
0.91919192,0.06060606,-1,0,0
0.91919192,0.07070707,-1,0,0
0.91919192,0.08080808,-1,1.024067476600976e-6,0
0.91919192,0.09090909,-1,1.3872635705411086e-6,0
0.91919192,0.1010101,-1,0,0
0.91919192,0.11111111,-1,0,0
0.91919192,0.12121212,-1,0,0
0.91919192,0.13131313,-1,0,0
0.91919192,0.14141414,-1,1.3715707255869349e-6,0
0.91919192,0.15151515,-1,2.355049761913506e-5,0
0.91919192,0.16161616,-1,7.633916855320423e-6,0
0.91919192,0.17171717,-1,5.057917847989302e-6,0
0.91919192,0.18181818,1,0,0
0.91919192,0.19191919,1,1.072770374321408e-7,0
0.91919192,0.2020202,1,0,0
0.91919192,0.21212121,1,9.224076348914424e-7,0
0.91919192,0.22222222,1,0,0
0.91919192,0.23232323,1,8.173086812206521e-7,0
0.91919192,0.24242424,1,0,0
0.91919192,0.25252525,1,0,0
0.91919192,0.26262626,1,5.035883474256764e-7,0
0.91919192,0.27272727,1,5.22314310824612e-8,0
0.91919192,0.28282828,1,0,0
0.91919192,0.29292929,1,0,0
0.91919192,0.3030303,1,0,0
0.91919192,0.31313131,1,0,0
0.91919192,0.32323232,1,6.529797484958522e-7,0
0.91919192,0.33333333,1,0,0
0.91919192,0.34343434,1,0,0
0.91919192,0.35353535,1,0,0
0.91919192,0.36363636,1,1.139269216066996e-7,0
0.91919192,0.37373737,1,5.2583741029188514e-8,0
0.91919192,0.38383838,1,5.1945728177438255e-8,0
0.91919192,0.39393939,1,0,0
0.91919192,0.4040404,1,8.07729379326605e-8,0
0.91919192,0.41414141,1,0,0
0.91919192,0.42424242,1,0,0
0.91919192,0.43434343,1,0,0
0.91919192,0.44444444,1,0,0
0.91919192,0.45454545,1,8.157275519702072e-9,0
0.91919192,0.46464646,1,3.119992226960583e-8,0
0.91919192,0.47474747,1,4.43026484622161e-8,0
0.91919192,0.48484848,1,3.499270385965694e-9,0
0.91919192,0.49494949,1,0,0
0.91919192,0.50505051,1,0,0
0.91919192,0.51515152,1,0,0
0.91919192,0.52525253,1,1.4569912162603716e-8,0
0.91919192,0.53535354,1,1.347348444513284e-8,0
0.91919192,0.54545455,1,0,0
0.91919192,0.55555556,1,9.8727130969659e-9,0
0.91919192,0.56565657,1,0,0
0.91919192,0.57575758,1,1.5930771400846092e-8,0
0.91919192,0.58585859,1,9.70702341944636e-10,0
0.91919192,0.5959596,1,0,0
0.91919192,0.60606061,1,1.8209837438108376e-10,0
0.91919192,0.61616162,1,0,0
0.91919192,0.62626263,1,1.5688523601407704e-10,0
0.91919192,0.63636364,1,0,0
0.91919192,0.64646465,1,1.4562364774770802e-10,0
0.91919192,0.65656566,1,0,0
0.91919192,0.66666667,1,1.3905344938567115e-10,0
0.91919192,0.67676768,1,0,0
0.91919192,0.68686869,1,1.3488176629322364e-10,0
0.91919192,0.6969697,1,0,0
0.91919192,0.70707071,1,1.3227732942754002e-10,0
0.91919192,0.71717172,1,0,0
0.91919192,0.72727273,1,1.3086226620214392e-10,0
0.91919192,0.73737374,1,0,0
0.91919192,0.74747475,1,1.304456943185587e-10,0
0.91919192,0.75757576,1,0,0
0.91919192,0.76767677,1,1.3091922610407574e-10,0
0.91919192,0.77777778,1,0,0
0.91919192,0.78787879,1,1.3221787992927528e-10,0
0.91919192,0.7979798,1,0,0
0.91919192,0.80808081,1,1.3429366431624322e-10,0
0.91919192,0.81818182,1,0,0
0.91919192,0.82828283,1,1.3710217719168544e-10,0
0.91919192,0.83838384,1,0,0
0.91919192,0.84848485,1,1.4057899618938635e-10,0
0.91919192,0.85858586,1,0,0
0.91919192,0.86868687,1,1.4460437923616634e-10,0
0.91919192,0.87878788,1,0,0
0.91919192,0.88888889,1,1.489641217177905e-10,0
0.91919192,0.8989899,1,0,0
0.91919192,0.90909091,1,1.5326181789726903e-10,0
0.91919192,0.91919192,1,0,0
0.91919192,0.92929293,1,1.5677316919278112e-10,0
0.91919192,0.93939394,1,0,0
0.91919192,0.94949495,1,1.5824859665399847e-10,0
0.91919192,0.95959596,1,0,0
0.91919192,0.96969697,1,1.557405377607471e-10,0
0.91919192,0.97979798,1,0,0
0.91919192,0.98989899,1,1.4751987485192923e-10,0
0.91919192,1,1,0,0
0.92929293,0,-1,0,0
0.92929293,0.01010101,-1,1.4211126688093257e-10,0
0.92929293,0.02020202,-1,0,0
0.92929293,0.03030303,-1,0,0
0.92929293,0.04040404,-1,0,0
0.92929293,0.05050505,-1,0,0
0.92929293,0.06060606,-1,3.3927122193631477e-6,0
0.92929293,0.07070707,-1,6.782893420222536e-6,0
0.92929293,0.08080808,-1,0,0
0.92929293,0.09090909,-1,0,0
0.92929293,0.1010101,-1,3.1495435009628636e-5,0
0.92929293,0.11111111,-1,6.126836687899413e-5,0
0.92929293,0.12121212,-1,1.7949626279641964e-5,0
0.92929293,0.13131313,-1,4.502097130762195e-6,0
0.92929293,0.14141414,-1,0,0
0.92929293,0.15151515,-1,0,0
0.92929293,0.16161616,-1,0,0
0.92929293,0.17171717,-1,0,0
0.92929293,0.18181818,-1,5.3802705252337545e-6,0
0.92929293,0.19191919,1,0,0
0.92929293,0.2020202,1,7.559765068026537e-6,0
0.92929293,0.21212121,1,0,0
0.92929293,0.22222222,1,6.473471576327939e-7,0
0.92929293,0.23232323,1,0,0
0.92929293,0.24242424,1,8.265181955323442e-7,0
0.92929293,0.25252525,1,2.2788934853430478e-07,0
0.92929293,0.26262626,1,0,0
0.92929293,0.27272727,1,0,0
0.92929293,0.28282828,1,3.985845157700397e-7,0
0.92929293,0.29292929,1,1.4692163954066471e-8,0
0.92929293,0.3030303,1,1.221704063762985e-7,0
0.92929293,0.31313131,1,5.757503359665073e-7,0
0.92929293,0.32323232,1,0,0
0.92929293,0.33333333,1,7.244130087333824e-8,0
0.92929293,0.34343434,1,8.90770050358647e-8,0
0.92929293,0.35353535,1,2.238237422151901e-7,0
0.92929293,0.36363636,1,0,0
0.92929293,0.37373737,1,0,0
0.92929293,0.38383838,1,0,0
0.92929293,0.39393939,1,3.0883522151692325e-8,0
0.92929293,0.4040404,1,0,0
0.92929293,0.41414141,1,1.0529265682063805e-7,0
0.92929293,0.42424242,1,2.7619396053968348e-8,0
0.92929293,0.43434343,1,3.5509114248578184e-8,0
0.92929293,0.44444444,1,7.547557070267574e-9,0
0.92929293,0.45454545,1,0,0
0.92929293,0.46464646,1,0,0
0.92929293,0.47474747,1,0,0
0.92929293,0.48484848,1,0,0
0.92929293,0.49494949,1,8.201843794265421e-9,0
0.92929293,0.50505051,1,4.366483641247174e-8,0
0.92929293,0.51515152,1,8.284189324990092e-9,0
0.92929293,0.52525253,1,0,0
0.92929293,0.53535354,1,0,0
0.92929293,0.54545455,1,4.4042972432815615e-8,0
0.92929293,0.55555556,1,0,0
0.92929293,0.56565657,1,1.4190138460526416e-8,0
0.92929293,0.57575758,1,0,0
0.92929293,0.58585859,1,0,0
0.92929293,0.5959596,1,2.1710429498996352e-10,0
0.92929293,0.60606061,1,0,0
0.92929293,0.61616162,1,1.6744672243587686e-10,0
0.92929293,0.62626263,1,0,0
0.92929293,0.63636364,1,1.5072224543884172e-10,0
0.92929293,0.64646465,1,0,0
0.92929293,0.65656566,1,1.4190359265496663e-10,0
0.92929293,0.66666667,1,0,0
0.92929293,0.67676768,1,1.3642489168614158e-10,0
0.92929293,0.68686869,1,0,0
0.92929293,0.6969697,1,1.328803915731278e-10,0
0.92929293,0.70707071,1,0,0
0.92929293,0.71717172,1,1.3068912537252714e-10,0
0.92929293,0.72727273,1,0,0
0.92929293,0.73737374,1,1.295735815258286e-10,0
0.92929293,0.74747475,1,0,0
0.92929293,0.75757576,1,1.2937337367429428e-10,0
0.92929293,0.76767677,1,0,0
0.92929293,0.77777778,1,1.2999246047011138e-10,0
0.92929293,0.78787879,1,0,0
0.92929293,0.7979798,1,1.3136464510341343e-10,0
0.92929293,0.80808081,1,0,0
0.92929293,0.81818182,1,1.3342614786979308e-10,0
0.92929293,0.82828283,1,0,0
0.92929293,0.83838384,1,1.3610328137329214e-10,0
0.92929293,0.84848485,1,0,0
0.92929293,0.85858586,1,1.3927756700843862e-10,0
0.92929293,0.86868687,1,0,0
0.92929293,0.87878788,1,1.4274557635378295e-10,0
0.92929293,0.88888889,1,0,0
0.92929293,0.8989899,1,1.461461600576954e-10,0
0.92929293,0.90909091,1,0,0
0.92929293,0.91919192,1,1.4885170031814329e-10,0
0.92929293,0.92929293,1,0,0
0.92929293,0.93939394,1,1.497759480245664e-10,0
0.92929293,0.94949495,1,0,0
0.92929293,0.95959596,1,1.4715443258764328e-10,0
0.92929293,0.96969697,1,0,0
0.92929293,0.97979798,1,1.3871877694639776e-10,0
0.92929293,0.98989899,1,0,0
0.92929293,1,1,1.2538274338708739e-10,0
0.93939394,0,-1,1.0429112074121851e-10,0
0.93939394,0.01010101,-1,0,0
0.93939394,0.02020202,-1,2.1398517531349968e-10,0
0.93939394,0.03030303,-1,2.2586553730441495e-9,0
0.93939394,0.04040404,-1,1.6973814872898174e-7,0
0.93939394,0.05050505,-1,6.53231402441179e-7,0
0.93939394,0.06060606,-1,0,0
0.93939394,0.07070707,-1,0,0
0.93939394,0.08080808,-1,7.766883978547412e-7,0
0.93939394,0.09090909,-1,1.489930139905482e-6,0
0.93939394,0.1010101,-1,0,0
0.93939394,0.11111111,-1,0,0
0.93939394,0.12121212,-1,0,0
0.93939394,0.13131313,-1,0,0
0.93939394,0.14141414,-1,1.59186665314337e-6,0
0.93939394,0.15151515,-1,2.5274623678342324e-5,0
0.93939394,0.16161616,-1,7.898970718133569e-6,0
0.93939394,0.17171717,-1,5.2875889445658685e-6,0
0.93939394,0.18181818,-1,0,0
0.93939394,0.19191919,-1,0,0
0.93939394,0.2020202,-1,0,0
0.93939394,0.21212121,1,9.152014699338906e-7,0
0.93939394,0.22222222,1,0,0
0.93939394,0.23232323,1,8.984844880217225e-7,0
0.93939394,0.24242424,1,0,0
0.93939394,0.25252525,1,0,0
0.93939394,0.26262626,1,5.611465302166608e-7,0
0.93939394,0.27272727,1,6.676094381248278e-8,0
0.93939394,0.28282828,1,0,0
0.93939394,0.29292929,1,0,0
0.93939394,0.3030303,1,0,0
0.93939394,0.31313131,1,0,0
0.93939394,0.32323232,1,7.292123833490649e-7,0
0.93939394,0.33333333,1,0,0
0.93939394,0.34343434,1,0,0
0.93939394,0.35353535,1,0,0
0.93939394,0.36363636,1,1.3039708117279504e-7,0
0.93939394,0.37373737,1,6.318268074947399e-8,0
0.93939394,0.38383838,1,6.09158667553622e-8,0
0.93939394,0.39393939,1,0,0
0.93939394,0.4040404,1,9.282203028808666e-8,0
0.93939394,0.41414141,1,0,0
0.93939394,0.42424242,1,0,0
0.93939394,0.43434343,1,0,0
0.93939394,0.44444444,1,0,0
0.93939394,0.45454545,1,9.712328747069858e-9,0
0.93939394,0.46464646,1,3.842286546259267e-8,0
0.93939394,0.47474747,1,5.2781457782948484e-8,0
0.93939394,0.48484848,1,5.240267330354541e-9,0
0.93939394,0.49494949,1,0,0
0.93939394,0.50505051,1,0,0
0.93939394,0.51515152,1,0,0
0.93939394,0.52525253,1,1.8186483810664112e-8,0
0.93939394,0.53535354,1,1.5433312584402746e-8,0
0.93939394,0.54545455,1,0,0
0.93939394,0.55555556,1,1.0568656275840465e-8,0
0.93939394,0.56565657,1,0,0
0.93939394,0.57575758,1,1.8133797941066737e-8,0
0.93939394,0.58585859,1,1.073011092012424e-9,0
0.93939394,0.5959596,1,0,0
0.93939394,0.60606061,1,1.8611804737944658e-10,0
0.93939394,0.61616162,1,0,0
0.93939394,0.62626263,1,1.5829996729194758e-10,0
0.93939394,0.63636364,1,0,0
0.93939394,0.64646465,1,1.4597242764885435e-10,0
0.93939394,0.65656566,1,0,0
0.93939394,0.66666667,1,1.3875214010198044e-10,0
0.93939394,0.67676768,1,0,0
0.93939394,0.68686869,1,1.3407977565506764e-10,0
0.93939394,0.6969697,1,0,0
0.93939394,0.70707071,1,1.3102497108197162e-10,0
0.93939394,0.71717172,1,0,0
0.93939394,0.72727273,1,1.2916128443791923e-10,0
0.93939394,0.73737374,1,0,0
0.93939394,0.74747475,1,1.2826739574890117e-10,0
0.93939394,0.75757576,1,0,0
0.93939394,0.76767677,1,1.2820675789657176e-10,0
0.93939394,0.77777778,1,0,0
0.93939394,0.78787879,1,1.2888677440866604e-10,0
0.93939394,0.7979798,1,0,0
0.93939394,0.80808081,1,1.3022789418207138e-10,0
0.93939394,0.81818182,1,0,0
0.93939394,0.82828283,1,1.321432867190371e-10,0
0.93939394,0.83838384,1,0,0
0.93939394,0.84848485,1,1.345106624929868e-10,0
0.93939394,0.85858586,1,0,0
0.93939394,0.86868687,1,1.3713034245474345e-10,0
0.93939394,0.87878788,1,0,0
0.93939394,0.88888889,1,1.3967791371156088e-10,0
0.93939394,0.8989899,1,0,0
0.93939394,0.90909091,1,1.4159598756197968e-10,0
0.93939394,0.91919192,1,0,0
0.93939394,0.92929293,1,1.4193352647168214e-10,0
0.93939394,0.93939394,1,0,0
0.93939394,0.94949495,1,1.3913348374841292e-10,0
0.93939394,0.95959596,1,0,0
0.93939394,0.96969697,1,1.3091209601051156e-10,0
0.93939394,0.97979798,1,0,0
0.93939394,0.98989899,1,1.156053412239462e-10,0
0.93939394,1,1,0,0
0.94949495,0,-1,0,0
0.94949495,0.01010101,-1,1.0486309500040703e-10,0
0.94949495,0.02020202,-1,0,0
0.94949495,0.03030303,-1,0,0
0.94949495,0.04040404,-1,0,0
0.94949495,0.05050505,-1,0,0
0.94949495,0.06060606,-1,4.15689342908081e-6,0
0.94949495,0.07070707,-1,8.274479204555974e-6,0
0.94949495,0.08080808,-1,0,0
0.94949495,0.09090909,-1,0,0
0.94949495,0.1010101,-1,3.4909333295945544e-5,0
0.94949495,0.11111111,-1,6.796487246283505e-5,0
0.94949495,0.12121212,-1,1.9557428630650974e-5,0
0.94949495,0.13131313,-1,5.290770089413855e-6,0
0.94949495,0.14141414,-1,0,0
0.94949495,0.15151515,-1,0,0
0.94949495,0.16161616,-1,0,0
0.94949495,0.17171717,-1,0,0
0.94949495,0.18181818,-1,6.001603168124348e-6,0
0.94949495,0.19191919,-1,2.229303901003732e-7,0
0.94949495,0.2020202,-1,8.042978843900529e-6,0
0.94949495,0.21212121,-1,0,0
0.94949495,0.22222222,1,7.509608435384507e-7,0
0.94949495,0.23232323,1,0,0
0.94949495,0.24242424,1,9.111307522175594e-7,0
0.94949495,0.25252525,1,2.579804698370936e-7,0
0.94949495,0.26262626,1,0,0
0.94949495,0.27272727,1,0,0
0.94949495,0.28282828,1,4.310359990682855e-7,0
0.94949495,0.29292929,1,0,0
0.94949495,0.3030303,1,1.5583514452686133e-7,0
0.94949495,0.31313131,1,6.581529472953207e-7,0
0.94949495,0.32323232,1,0,0
0.94949495,0.33333333,1,7.358524991403215e-8,0
0.94949495,0.34343434,1,1.0983297656963489e-7,0
0.94949495,0.35353535,1,2.4932284763821144e-7,0
0.94949495,0.36363636,1,0,0
0.94949495,0.37373737,1,0,0
0.94949495,0.38383838,1,0,0
0.94949495,0.39393939,1,3.0744184560216335e-8,0
0.94949495,0.4040404,1,0,0
0.94949495,0.41414141,1,1.195060856421293e-7,0
0.94949495,0.42424242,1,3.7439119838245116e-8,0
0.94949495,0.43434343,1,4.4068559477472576e-8,0
0.94949495,0.44444444,1,1.0248916774834029e-8,0
0.94949495,0.45454545,1,0,0
0.94949495,0.46464646,1,0,0
0.94949495,0.47474747,1,0,0
0.94949495,0.48484848,1,0,0
0.94949495,0.49494949,1,1.0323851984921518e-8,0
0.94949495,0.50505051,1,5.185634676363499e-8,0
0.94949495,0.51515152,1,1.1762980334623216e-8,0
0.94949495,0.52525253,1,0,0
0.94949495,0.53535354,1,0,0
0.94949495,0.54545455,1,5.12236885532971e-8,0
0.94949495,0.55555556,1,0,0
0.94949495,0.56565657,1,1.5554161392283828e-8,0
0.94949495,0.57575758,1,0,0
0.94949495,0.58585859,1,0,0
0.94949495,0.5959596,1,2.2588519447679783e-10,0
0.94949495,0.60606061,1,0,0
0.94949495,0.61616162,1,1.7027031447083838e-10,0
0.94949495,0.62626263,1,0,0
0.94949495,0.63636364,1,1.5178333681634646e-10,0
0.94949495,0.64646465,1,0,0
0.94949495,0.65656566,1,1.420611901526217e-10,0
0.94949495,0.66666667,1,0,0
0.94949495,0.67676768,1,1.3595759552091288e-10,0
0.94949495,0.68686869,1,0,0
0.94949495,0.6969697,1,1.3189048643042974e-10,0
0.94949495,0.70707071,1,0,0
0.94949495,0.71717172,1,1.2920427155220514e-10,0
0.94949495,0.72727273,1,0,0
0.94949495,0.73737374,1,1.275788955428566e-10,0
0.94949495,0.74747475,1,0,0
0.94949495,0.75757576,1,1.2682358998079499e-10,0
0.94949495,0.76767677,1,0,0
0.94949495,0.77777778,1,1.2681332172766354e-10,0
0.94949495,0.78787879,1,0,0
0.94949495,0.7979798,1,1.2744866018971239e-10,0
0.94949495,0.80808081,1,0,0
0.94949495,0.81818182,1,1.2862338203017443e-10,0
0.94949495,0.82828283,1,0,0
0.94949495,0.83838384,1,1.3021161326021332e-10,0
0.94949495,0.84848485,1,0,0
0.94949495,0.85858586,1,1.3202074666835568e-10,0
0.94949495,0.86868687,1,0,0
0.94949495,0.87878788,1,1.337464922223676e-10,0
0.94949495,0.88888889,1,0,0
0.94949495,0.8989899,1,1.3488260338732211e-10,0
0.94949495,0.90909091,1,0,0
0.94949495,0.91919192,1,1.3459493438455414e-10,0
0.94949495,0.92929293,1,0,0
0.94949495,0.93939394,1,1.3151228768553889e-10,0
0.94949495,0.94949495,1,0,0
0.94949495,0.95959596,1,1.2351707691779163e-10,0
0.94949495,0.96969697,1,0,0
0.94949495,0.97979798,1,1.0812913523311483e-10,0
0.94949495,0.98989899,1,0,0
0.94949495,1,1,8.739572127931632e-11,0
0.95959596,0,-1,6.102901895389119e-11,0
0.95959596,0.01010101,-1,0,0
0.95959596,0.02020202,-1,1.7505565648306964e-10,0
0.95959596,0.03030303,-1,0,0
0.95959596,0.04040404,-1,2.285584278638453e-7,0
0.95959596,0.05050505,-1,8.415489760409401e-7,0
0.95959596,0.06060606,-1,0,0
0.95959596,0.07070707,-1,0,0
0.95959596,0.08080808,-1,4.305719143303577e-7,0
0.95959596,0.09090909,-1,1.6749098806030816e-6,0
0.95959596,0.1010101,-1,0,0
0.95959596,0.11111111,-1,0,0
0.95959596,0.12121212,-1,0,0
0.95959596,0.13131313,-1,0,0
0.95959596,0.14141414,-1,1.8106211011399865e-6,0
0.95959596,0.15151515,-1,2.74150943127097e-5,0
0.95959596,0.16161616,-1,8.249941319718347e-6,0
0.95959596,0.17171717,-1,5.605352958991717e-6,0
0.95959596,0.18181818,-1,0,0
0.95959596,0.19191919,-1,0,0
0.95959596,0.2020202,-1,0,0
0.95959596,0.21212121,-1,9.09944321688272e-7,0
0.95959596,0.22222222,-1,0,0
0.95959596,0.23232323,-1,1.0074036382320628e-6,0
0.95959596,0.24242424,1,0,0
0.95959596,0.25252525,1,0,0
0.95959596,0.26262626,1,6.394409494021148e-7,0
0.95959596,0.27272727,1,9.00586516962676e-8,0
0.95959596,0.28282828,1,0,0
0.95959596,0.29292929,1,1.7270296523008712e-8,0
0.95959596,0.3030303,1,0,0
0.95959596,0.31313131,1,0,0
0.95959596,0.32323232,1,8.248938644598525e-7,0
0.95959596,0.33333333,1,0,0
0.95959596,0.34343434,1,0,0
0.95959596,0.35353535,1,0,0
0.95959596,0.36363636,1,1.522707537631618e-7,0
0.95959596,0.37373737,1,7.849190186828283e-8,0
0.95959596,0.38383838,1,7.42022406747367e-8,0
0.95959596,0.39393939,1,0,0
0.95959596,0.4040404,1,1.0890575644264545e-7,0
0.95959596,0.41414141,1,0,0
0.95959596,0.42424242,1,0,0
0.95959596,0.43434343,1,0,0
0.95959596,0.44444444,1,0,0
0.95959596,0.45454545,1,1.1857648183760846e-8,0
0.95959596,0.46464646,1,4.8736506479855854e-8,0
0.95959596,0.47474747,1,6.487945478447926e-8,0
0.95959596,0.48484848,1,7.87943452200202e-9,0
0.95959596,0.49494949,1,0,0
0.95959596,0.50505051,1,0,0
0.95959596,0.51515152,1,0,0
0.95959596,0.52525253,1,2.3232244682935876e-8,0
0.95959596,0.53535354,1,1.8125181884428463e-8,0
0.95959596,0.54545455,1,0,0
0.95959596,0.55555556,1,1.1354566935112625e-8,0
0.95959596,0.56565657,1,0,0
0.95959596,0.57575758,1,2.100824802830359e-8,0
0.95959596,0.58585859,1,1.2049843010637944e-9,0
0.95959596,0.5959596,1,0,0
0.95959596,0.60606061,1,1.9152505984949831e-10,0
0.95959596,0.61616162,1,0,0
0.95959596,0.62626263,1,1.603607682687785e-10,0
0.95959596,0.63636364,1,0,0
0.95959596,0.64646465,1,1.4667132392780658e-10,0
0.95959596,0.65656566,1,0,0
0.95959596,0.66666667,1,1.3862763912670003e-10,0
0.95959596,0.67676768,1,0,0
0.95959596,0.68686869,1,1.3332564786671439e-10,0
0.95959596,0.6969697,1,0,0
0.95959596,0.70707071,1,1.297080945466839e-10,0
0.95959596,0.71717172,1,0,0
0.95959596,0.72727273,1,1.272886576195783e-10,0
0.95959596,0.73737374,1,0,0
0.95959596,0.74747475,1,1.2580578450554267e-10,0
0.95959596,0.75757576,1,0,0
0.95959596,0.76767677,1,1.2509071157067176e-10,0
0.95959596,0.77777778,1,0,0
0.95959596,0.78787879,1,1.2501626035434263e-10,0
0.95959596,0.7979798,1,0,0
0.95959596,0.80808081,1,1.2546232420551987e-10,0
0.95959596,0.81818182,1,0,0
0.95959596,0.82828283,1,1.2629069600835623e-10,0
0.95959596,0.83838384,1,0,0
0.95959596,0.84848485,1,1.273092690494155e-10,0
0.95959596,0.85858586,1,0,0
0.95959596,0.86868687,1,1.2822429323313883e-10,0
0.95959596,0.87878788,1,0,0
0.95959596,0.88888889,1,1.2857890677726684e-10,0
0.95959596,0.8989899,1,0,0
0.95959596,0.90909091,1,1.2762490365029327e-10,0
0.95959596,0.91919192,1,0,0
0.95959596,0.92929293,1,1.2414734324377003e-10,0
0.95959596,0.93939394,1,0,0
0.95959596,0.94949495,1,1.1624154289493516e-10,0
0.95959596,0.95959596,1,0,0
0.95959596,0.96969697,1,1.0128291857568368e-10,0
0.95959596,0.97979798,1,0,0
0.95959596,0.98989899,1,7.786599049968156e-11,0
0.95959596,1,1,0,0
0.96969697,0,-1,0,0
0.96969697,0.01010101,-1,5.888677172436949e-11,0
0.96969697,0.02020202,-1,0,0
0.96969697,0.03030303,-1,2.626789279794317e-9,0
0.96969697,0.04040404,-1,0,0
0.96969697,0.05050505,-1,0,0
0.96969697,0.06060606,-1,5.235868493127783e-6,0
0.96969697,0.07070707,-1,1.0342333677544956e-5,0
0.96969697,0.08080808,-1,0,0
0.96969697,0.09090909,-1,0,0
0.96969697,0.1010101,-1,3.915033476150711e-5,0
0.96969697,0.11111111,-1,7.637361514898658e-5,0
0.96969697,0.12121212,-1,2.1532007491987316e-5,0
0.96969697,0.13131313,-1,6.304141014697962e-6,0
0.96969697,0.14141414,-1,0,0
0.96969697,0.15151515,-1,0,0
0.96969697,0.16161616,-1,0,0
0.96969697,0.17171717,-1,0,0
0.96969697,0.18181818,-1,6.7726174554081814e-6,0
0.96969697,0.19191919,-1,5.350954112145701e-7,0
0.96969697,0.2020202,-1,8.66544009518293e-6,0
0.96969697,0.21212121,-1,0,0
0.96969697,0.22222222,-1,8.805068129049687e-7,0
0.96969697,0.23232323,-1,0,0
0.96969697,0.24242424,-1,1.020549003510496e-6,0
0.96969697,0.25252525,-1,2.924378369812076e-7,0
0.96969697,0.26262626,1,0,0
0.96969697,0.27272727,1,0,0
0.96969697,0.28282828,1,4.67369648211502e-7,0
0.96969697,0.29292929,1,0,0
0.96969697,0.3030303,1,2.0397863653442986e-7,0
0.96969697,0.31313131,1,7.706413017800174e-7,0
0.96969697,0.32323232,1,0,0
0.96969697,0.33333333,1,7.521276391315725e-8,0
0.96969697,0.34343434,1,1.3827194158082537e-7,0
0.96969697,0.35353535,1,2.8307952010457884e-7,0
0.96969697,0.36363636,1,0,0
0.96969697,0.37373737,1,0,0
0.96969697,0.38383838,1,0,0
0.96969697,0.39393939,1,2.8599444409405096e-8,0
0.96969697,0.4040404,1,0,0
0.96969697,0.41414141,1,1.3837376797507518e-7,0
0.96969697,0.42424242,1,5.25461281092099e-8,0
0.96969697,0.43434343,1,5.694720733977476e-8,0
0.96969697,0.44444444,1,1.4489930254102392e-8,0
0.96969697,0.45454545,1,0,0
0.96969697,0.46464646,1,0,0
0.96969697,0.47474747,1,0,0
0.96969697,0.48484848,1,0,0
0.96969697,0.49494949,1,1.3322782378050224e-8,0
0.96969697,0.50505051,1,6.343706613248592e-8,0
0.96969697,0.51515152,1,1.6986733663882834e-8,0
0.96969697,0.52525253,1,0,0
0.96969697,0.53535354,1,0,0
0.96969697,0.54545455,1,6.09801879035636e-8,0
0.96969697,0.55555556,1,0,0
0.96969697,0.56565657,1,1.7195696121619088e-8,0
0.96969697,0.57575758,1,0,0
0.96969697,0.58585859,1,0,0
0.96969697,0.5959596,1,2.3730909765951397e-10,0
0.96969697,0.60606061,1,0,0
0.96969697,0.61616162,1,1.739571069662863e-10,0
0.96969697,0.62626263,1,0,0
0.96969697,0.63636364,1,1.5319383967237528e-10,0
0.96969697,0.64646465,1,0,0
0.96969697,0.65656566,1,1.4231208864678988e-10,0
0.96969697,0.66666667,1,0,0
0.96969697,0.67676768,1,1.3541178559832878e-10,0
0.96969697,0.68686869,1,0,0
0.96969697,0.6969697,1,1.3068247829246468e-10,0
0.96969697,0.70707071,1,0,0
0.96969697,0.71717172,1,1.2737241688672192e-10,0
0.96969697,0.72727273,1,0,0
0.96969697,0.73737374,1,1.251071910391994e-10,0
0.96969697,0.74747475,1,0,0
0.96969697,0.75757576,1,1.2365706191989726e-10,0
0.96969697,0.76767677,1,0,0
0.96969697,0.77777778,1,1.2285856325357747e-10,0
0.96969697,0.78787879,1,0,0
0.96969697,0.7979798,1,1.2257175712191218e-10,0
0.96969697,0.80808081,1,0,0
0.96969697,0.81818182,1,1.2263952377882492e-10,0
0.96969697,0.82828283,1,0,0
0.96969697,0.83838384,1,1.2287022934688582e-10,0
0.96969697,0.84848485,1,0,0
0.96969697,0.85858586,1,1.2297971083629831e-10,0
0.96969697,0.86868687,1,0,0
0.96969697,0.87878788,1,1.2254092825311408e-10,0
0.96969697,0.88888889,1,0,0
0.96969697,0.8989899,1,1.2086904756045818e-10,0
0.96969697,0.90909091,1,0,0
0.96969697,0.91919192,1,1.1688029927410526e-10,0
0.96969697,0.92929293,1,0,0
0.96969697,0.93939394,1,1.0886639432439172e-10,0
0.96969697,0.94949495,1,0,0
0.96969697,0.95959596,1,9.430780486497856e-11,0
0.96969697,0.96969697,1,0,0
0.96969697,0.97979798,1,7.053960685123386e-11,0
0.96969697,0.98989899,1,0,0
0.96969697,1,1,4.114248844310983e-11,0
0.97979798,0,-1,4.35254592472123e-12,0
0.97979798,0.01010101,-1,0,0
0.97979798,0.02020202,-1,9.592892329796101e-11,0
0.97979798,0.03030303,-1,0,0
0.97979798,0.04040404,-1,3.267070801431515e-7,0
0.97979798,0.05050505,-1,1.1065767315017185e-6,0
0.97979798,0.06060606,-1,0,0
0.97979798,0.07070707,-1,0,0
0.97979798,0.08080808,-1,0,0
0.97979798,0.09090909,-1,2.0494187232543484e-6,0
0.97979798,0.1010101,-1,0,0
0.97979798,0.11111111,-1,0,0
0.97979798,0.12121212,-1,0,0
0.97979798,0.13131313,-1,0,0
0.97979798,0.14141414,-1,1.994562839900027e-6,0
0.97979798,0.15151515,-1,3.0062603187798233e-5,0
0.97979798,0.16161616,-1,8.68996399731259e-6,0
0.97979798,0.17171717,-1,6.033205079256732e-6,0
0.97979798,0.18181818,-1,0,0
0.97979798,0.19191919,-1,0,0
0.97979798,0.2020202,-1,0,0
0.97979798,0.21212121,-1,9.06237970912116e-7,0
0.97979798,0.22222222,-1,0,0
0.97979798,0.23232323,-1,1.1586926659333583e-6,0
0.97979798,0.24242424,-1,0,0
0.97979798,0.25252525,-1,0,0
0.97979798,0.26262626,-1,7.505800929095585e-7,0
0.97979798,0.27272727,-1,1.2949095315661908e-7,0
0.97979798,0.28282828,1,0,0
0.97979798,0.29292929,1,4.607851523417139e-8,0
0.97979798,0.3030303,1,0,0
0.97979798,0.31313131,1,0,0
0.97979798,0.32323232,1,9.45312723858649e-7,0
0.97979798,0.33333333,1,0,0
0.97979798,0.34343434,1,0,0
0.97979798,0.35353535,1,0,0
0.97979798,0.36363636,1,1.8210491116938954e-7,0
0.97979798,0.37373737,1,1.0174877133231065e-7,0
0.97979798,0.38383838,1,9.52064826948984e-8,0
0.97979798,0.39393939,1,0,0
0.97979798,0.4040404,1,1.3120862694329108e-7,0
0.97979798,0.41414141,1,0,0
0.97979798,0.42424242,1,0,0
0.97979798,0.43434343,1,0,0
0.97979798,0.44444444,1,0,0
0.97979798,0.45454545,1,1.4907118492400297e-8,0
0.97979798,0.46464646,1,6.416495940044118e-8,0
0.97979798,0.47474747,1,8.296639021505546e-8,0
0.97979798,0.48484848,1,1.2110728630422131e-8,0
0.97979798,0.49494949,1,0,0
0.97979798,0.50505051,1,0,0
0.97979798,0.51515152,1,0,0
0.97979798,0.52525253,1,3.0539066628268664e-8,0
0.97979798,0.53535354,1,2.1966525803249812e-8,0
0.97979798,0.54545455,1,0,0
0.97979798,0.55555556,1,1.2189973165266377e-8,0
0.97979798,0.56565657,1,0,0
0.97979798,0.57575758,1,2.4842676771708953e-8,0
0.97979798,0.58585859,1,1.3777711148629542e-9,0
0.97979798,0.5959596,1,0,0
0.97979798,0.60606061,1,1.9834928756817806e-10,0
0.97979798,0.61616162,1,0,0
0.97979798,0.62626263,1,1.6281797701740536e-10,0
0.97979798,0.63636364,1,0,0
0.97979798,0.64646465,1,1.4736102205577772e-10,0
0.97979798,0.65656566,1,0,0
0.97979798,0.66666667,1,1.3825330380514908e-10,0
0.97979798,0.67676768,1,0,0
0.97979798,0.68686869,1,1.3214042377369084e-10,0
0.97979798,0.6969697,1,0,0
0.97979798,0.70707071,1,1.277998290634668e-10,0
0.97979798,0.71717172,1,0,0
0.97979798,0.72727273,1,1.2466576541328608e-10,0
0.97979798,0.73737374,1,0,0
0.97979798,0.74747475,1,1.2242544873068523e-10,0
0.97979798,0.75757576,1,0,0
0.97979798,0.76767677,1,1.2086924326233304e-10,0
0.97979798,0.77777778,1,0,0
0.97979798,0.78787879,1,1.1982423540213978e-10,0
0.97979798,0.7979798,1,0,0
0.97979798,0.80808081,1,1.1911837748080844e-10,0
0.97979798,0.81818182,1,0,0
0.97979798,0.82828283,1,1.1854854797032147e-10,0
0.97979798,0.83838384,1,0,0
0.97979798,0.84848485,1,1.1783444067645088e-10,0
0.97979798,0.85858586,1,0,0
0.97979798,0.86868687,1,1.1656093734067896e-10,0
0.97979798,0.87878788,1,0,0
0.97979798,0.88888889,1,1.1410298360551435e-10,0
0.97979798,0.8989899,1,0,0
0.97979798,0.90909091,1,1.0947193833845543e-10,0
0.97979798,0.91919192,1,0,0
0.97979798,0.92929293,1,1.01116930298871e-10,0
0.97979798,0.93939394,1,0,0
0.97979798,0.94949495,1,8.66955228153929e-11,0
0.97979798,0.95959596,1,0,0
0.97979798,0.96969697,1,6.314867102286127e-11,0
0.97979798,0.97979798,1,0,0
0.97979798,0.98989899,1,2.932640872053971e-11,0
0.97979798,1,1,0,0
0.98989899,0,-1,3.653068720022023e-11,0
0.98989899,0.01010101,-1,0,0
0.98989899,0.02020202,-1,0,0
0.98989899,0.03030303,-1,1.1009795455453611e-8,0
0.98989899,0.04040404,-1,0,0
0.98989899,0.05050505,-1,0,0
0.98989899,0.06060606,-1,6.799837002472487e-6,0
0.98989899,0.07070707,-1,1.3280724466676475e-5,0
0.98989899,0.08080808,-1,3.2010117211029865e-7,0
0.98989899,0.09090909,-1,0,0
0.98989899,0.1010101,-1,4.439284796280845e-5,0
0.98989899,0.11111111,-1,8.70183912851644e-5,0
0.98989899,0.12121212,-1,2.394022492553631e-5,0
0.98989899,0.13131313,-1,7.636331022513333e-6,0
0.98989899,0.14141414,-1,0,0
0.98989899,0.15151515,-1,0,0
0.98989899,0.16161616,-1,0,0
0.98989899,0.17171717,-1,0,0
0.98989899,0.18181818,-1,7.748021384395542e-6,0
0.98989899,0.19191919,-1,9.71946510799171e-7,0
0.98989899,0.2020202,-1,9.469762261414872e-6,0
0.98989899,0.21212121,-1,0,0
0.98989899,0.22222222,-1,1.038947687129621e-6,0
0.98989899,0.23232323,-1,0,0
0.98989899,0.24242424,-1,1.1608414077272755e-6,0
0.98989899,0.25252525,-1,3.281631104641747e-7,0
0.98989899,0.26262626,-1,0,0
0.98989899,0.27272727,-1,0,0
0.98989899,0.28282828,-1,5.037845103061046e-7,0
0.98989899,0.29292929,-1,0,0
0.98989899,0.3030303,-1,2.768754350171321e-7,0
0.98989899,0.31313131,1,9.307742653199114e-7,0
0.98989899,0.32323232,1,0,0
0.98989899,0.33333333,1,7.869845154431232e-8,0
0.98989899,0.34343434,1,1.793540311144426e-7,0
0.98989899,0.35353535,1,3.2911791658705173e-7,0
0.98989899,0.36363636,1,0,0
0.98989899,0.37373737,1,0,0
0.98989899,0.38383838,1,0,0
0.98989899,0.39393939,1,2.1646115048312712e-8,0
0.98989899,0.4040404,1,0,0
0.98989899,0.41414141,1,1.641331913402322e-7,0
0.98989899,0.42424242,1,7.730492986932624e-8,0
0.98989899,0.43434343,1,7.756892078991664e-8,0
0.98989899,0.44444444,1,2.1649715759372575e-8,0
0.98989899,0.45454545,1,0,0
0.98989899,0.46464646,1,0,0
0.98989899,0.47474747,1,0,0
0.98989899,0.48484848,1,0,0
0.98989899,0.49494949,1,1.7729201063307852e-8,0
0.98989899,0.50505051,1,8.05635586762662e-8,0
0.98989899,0.51515152,1,2.5255376865251532e-8,0
0.98989899,0.52525253,1,0,0
0.98989899,0.53535354,1,0,0
0.98989899,0.54545455,1,7.469104912263824e-8,0
0.98989899,0.55555556,1,0,0
0.98989899,0.56565657,1,1.9142454567932676e-8,0
0.98989899,0.57575758,1,0,0
0.98989899,0.58585859,1,0,0
0.98989899,0.5959596,1,2.5180193917282053e-10,0
0.98989899,0.60606061,1,0,0
0.98989899,0.61616162,1,1.7819999873517828e-10,0
0.98989899,0.62626263,1,0,0
0.98989899,0.63636364,1,1.5444424134891142e-10,0
0.98989899,0.64646465,1,0,0
0.98989899,0.65656566,1,1.4204413747117594e-10,0
0.98989899,0.66666667,1,0,0
0.98989899,0.67676768,1,1.3410148750232775e-10,0
0.98989899,0.68686869,1,0,0
0.98989899,0.6969697,1,1.2850299757295388e-10,0
0.98989899,0.70707071,1,0,0
0.98989899,0.71717172,1,1.2437064311528884e-10,0
0.98989899,0.72727273,1,0,0
0.98989899,0.73737374,1,1.2125783708798362e-10,0
0.98989899,0.74747475,1,0,0
0.98989899,0.75757576,1,1.1888202594767178e-10,0
0.98989899,0.76767677,1,0,0
0.98989899,0.77777778,1,1.1703057163849235e-10,0
0.98989899,0.78787879,1,0,0
0.98989899,0.7979798,1,1.1550908999638509e-10,0
0.98989899,0.80808081,1,0,0
0.98989899,0.81818182,1,1.1409175939810015e-10,0
0.98989899,0.82828283,1,0,0
0.98989899,0.83838384,1,1.1249834379022105e-10,0
0.98989899,0.84848485,1,0,0
0.98989899,0.85858586,1,1.10323249366117e-10,0
0.98989899,0.86868687,1,0,0
0.98989899,0.87878788,1,1.0697097580416454e-10,0
0.98989899,0.88888889,1,0,0
0.98989899,0.8989899,1,1.0151646092741717e-10,0
0.98989899,0.90909091,1,0,0
0.98989899,0.91919192,1,9.253301548606264e-11,0
0.98989899,0.92929293,1,0,0
0.98989899,0.93939394,1,7.783348126497169e-11,0
0.98989899,0.94949495,1,0,0
0.98989899,0.95959596,1,5.428487476078631e-11,0
0.98989899,0.96969697,1,0,0
0.98989899,0.97979798,1,1.8709147320966623e-11,0
0.98989899,0.98989899,1,3.1602986963474857e-12,0
0.98989899,1,1,0,0
1,0,-1,0,0
1,0.01010101,-1,9.885315491939272e-11,0
1,0.02020202,-1,0,0
1,0.03030303,-1,0,0
1,0.04040404,-1,5.069003398191941e-7,0
1,0.05050505,-1,1.458621455408604e-6,0
1,0.06060606,-1,0,0
1,0.07070707,-1,0,0
1,0.08080808,-1,0,0
1,0.09090909,-1,2.961804005462909e-6,0
1,0.1010101,-1,0,0
1,0.11111111,-1,0,0
1,0.12121212,-1,0,0
1,0.13131313,-1,0,0
1,0.14141414,-1,2.054767788376921e-6,0
1,0.15151515,-1,3.330126334558372e-5,0
1,0.16161616,-1,9.19073123295675e-6,0
1,0.17171717,-1,6.589892239435358e-6,0
1,0.18181818,-1,0,0
1,0.19191919,-1,0,0
1,0.2020202,-1,0,0
1,0.21212121,-1,9.065331110946318e-7,0
1,0.22222222,-1,0,0
1,0.23232323,-1,1.3837483991778755e-6,0
1,0.24242424,-1,0,0
1,0.25252525,-1,0,0
1,0.26262626,-1,9.204898888384604e-7,0
1,0.27272727,-1,2.0233999908043647e-7,0
1,0.28282828,-1,0,0
1,0.29292929,-1,8.536547639437232e-8,0
1,0.3030303,-1,0,0
1,0.31313131,-1,0,0
1,0.32323232,-1,1.0949438039311588e-6,0
1,0.33333333,-1,0,0
1,0.34343434,1,0,0
1,0.35353535,1,0,0
1,0.36363636,1,2.241971665524645e-7,0
1,0.37373737,1,1.3963200059556868e-7,0
1,0.38383838,1,1.316290720596136e-7,0
1,0.39393939,1,0,0
1,0.4040404,1,1.6396771523735642e-7,0
1,0.41414141,1,0,0
1,0.42424242,1,0,0
1,0.43434343,1,0,0
1,0.44444444,1,0,0
1,0.45454545,1,1.938676006562981e-8,0
1,0.46464646,1,8.869774751833895e-8,0
1,0.47474747,1,1.117698410313593e-7,0
1,0.48484848,1,1.940097476086393e-8,0
1,0.49494949,1,0,0
1,0.50505051,1,0,0
1,0.51515152,1,0,0
1,0.52525253,1,4.16206636237676e-8,0
1,0.53535354,1,2.7742001223662886e-8,0
1,0.54545455,1,0,0
1,0.55555556,1,1.2950587679778176e-8,0
1,0.56565657,1,0,0
1,0.57575758,1,3.0103361982680537e-8,0
1,0.58585859,1,1.608364936958942e-9,0
1,0.5959596,1,0,0
1,0.60606061,1,2.0623413426591568e-10,0
1,0.61616162,1,0,0
1,0.62626263,1,1.6486806720512026e-10,0
1,0.63636364,1,0,0
1,0.64646465,1,1.470537673825545e-10,0
1,0.65656566,1,0,0
1,0.66666667,1,1.3652308209250068e-10,0
1,0.67676768,1,0,0
1,0.68686869,1,1.293151500781839e-10,0
1,0.6969697,1,0,0
1,0.70707071,1,1.2398553266993255e-10,0
1,0.71717172,1,0,0
1,0.72727273,1,1.1986302711707548e-10,0
1,0.73737374,1,0,0
1,0.74747475,1,1.1656296104926683e-10,0
1,0.75757576,1,0,0
1,0.76767677,1,1.138168648893382e-10,0
1,0.77777778,1,0,0
1,0.78787879,1,1.1139003280396207e-10,0
1,0.7979798,1,0,0
1,0.80808081,1,1.0903592999951704e-10,0
1,0.81818182,1,0,0
1,0.82828283,1,1.0645626274887083e-10,0
1,0.83838384,1,0,0
1,0.84848485,1,1.032404302017849e-10,0
1,0.85858586,1,0,0
1,0.86868687,1,9.87946462705988e-11,0
1,0.87878788,1,0,0
1,0.88888889,1,9.223634598173532e-11,0
1,0.8989899,1,0,0
1,0.90909091,1,8.220352052329753e-11,0
1,0.91919192,1,0,0
1,0.92929293,1,6.6595491802178e-11,0
1,0.93939394,1,0,0
1,0.94949495,1,4.226613286809761e-11,0
1,0.95959596,1,0,0
1,0.96969697,1,5.0405473614456566e-12,0
1,0.97979798,1,1.9491834978707655e-11,0
1,0.98989899,1,0,0
1,1,1,7.632347053844469e-11,0
