0,0,-1
0,0.0101010101010101,-1
0,0.0202020202020202,-1
0,0.0303030303030303,-1
0,0.0404040404040404,-1
0,0.0505050505050505,-1
0,0.0606060606060606,-1
0,0.0707070707070707,-1
0,0.0808080808080808,-1
0,0.0909090909090909,-1
0,0.101010101010101,-1
0,0.111111111111111,-1
0,0.121212121212121,-1
0,0.131313131313131,-1
0,0.141414141414141,-1
0,0.151515151515152,-1
0,0.161616161616162,-1
0,0.171717171717172,-1
0,0.181818181818182,-1
0,0.191919191919192,-1
0,0.202020202020202,-1
0,0.212121212121212,-1
0,0.222222222222222,-1
0,0.232323232323232,-1
0,0.242424242424242,-1
0,0.252525252525253,-1
0,0.262626262626263,-1
0,0.272727272727273,-1
0,0.282828282828283,-1
0,0.292929292929293,-1
0,0.303030303030303,-1
0,0.313131313131313,-1
0,0.323232323232323,-1
0,0.333333333333333,-1
0,0.343434343434343,-1
0,0.353535353535354,-1
0,0.363636363636364,-1
0,0.373737373737374,-1
0,0.383838383838384,-1
0,0.393939393939394,-1
0,0.404040404040404,-1
0,0.414141414141414,-1
0,0.424242424242424,-1
0,0.434343434343434,-1
0,0.444444444444444,-1
0,0.454545454545455,-1
0,0.464646464646465,-1
0,0.474747474747475,-1
0,0.484848484848485,-1
0,0.494949494949495,-1
0,0.505050505050505,-1
0,0.515151515151515,-1
0,0.525252525252525,-1
0,0.535353535353535,-1
0,0.545454545454545,-1
0,0.555555555555556,-1
0,0.565656565656566,-1
0,0.575757575757576,-1
0,0.585858585858586,-1
0,0.595959595959596,-1
0,0.606060606060606,-1
0,0.616161616161616,-1
0,0.626262626262626,-1
0,0.636363636363636,-1
0,0.646464646464647,-1
0,0.656565656565657,-1
0,0.666666666666667,-1
0,0.676767676767677,-1
0,0.686868686868687,-1
0,0.696969696969697,-1
0,0.707070707070707,-1
0,0.717171717171717,-1
0,0.727272727272727,-1
0,0.737373737373737,-1
0,0.747474747474748,-1
0,0.757575757575758,-1
0,0.767676767676768,-1
0,0.777777777777778,-1
0,0.787878787878788,-1
0,0.797979797979798,-1
0,0.808080808080808,-1
0,0.818181818181818,-1
0,0.828282828282828,-1
0,0.838383838383838,-1
0,0.848484848484849,-1
0,0.858585858585859,-1
0,0.868686868686869,-1
0,0.878787878787879,-1
0,0.888888888888889,-1
0,0.898989898989899,-1
0,0.909090909090909,-1
0,0.919191919191919,-1
0,0.929292929292929,-1
0,0.939393939393939,-1
0,0.94949494949495,-1
0,0.95959595959596,-1
0,0.96969696969697,-1
0,0.97979797979798,-1
0,0.98989898989899,-1
0,1,-1
0.0101010101010101,0,-1
0.0101010101010101,0.0101010101010101,1
0.0101010101010101,0.0202020202020202,1
0.0101010101010101,0.0303030303030303,1
0.0101010101010101,0.0404040404040404,1
0.0101010101010101,0.0505050505050505,1
0.0101010101010101,0.0606060606060606,1
0.0101010101010101,0.0707070707070707,1
0.0101010101010101,0.0808080808080808,1
0.0101010101010101,0.0909090909090909,1
0.0101010101010101,0.101010101010101,1
0.0101010101010101,0.111111111111111,1
0.0101010101010101,0.121212121212121,1
0.0101010101010101,0.131313131313131,1
0.0101010101010101,0.141414141414141,1
0.0101010101010101,0.151515151515152,1
0.0101010101010101,0.161616161616162,1
0.0101010101010101,0.171717171717172,1
0.0101010101010101,0.181818181818182,1
0.0101010101010101,0.191919191919192,1
0.0101010101010101,0.202020202020202,1
0.0101010101010101,0.212121212121212,1
0.0101010101010101,0.222222222222222,1
0.0101010101010101,0.232323232323232,1
0.0101010101010101,0.242424242424242,1
0.0101010101010101,0.252525252525253,1
0.0101010101010101,0.262626262626263,1
0.0101010101010101,0.272727272727273,1
0.0101010101010101,0.282828282828283,1
0.0101010101010101,0.292929292929293,1
0.0101010101010101,0.303030303030303,1
0.0101010101010101,0.313131313131313,1
0.0101010101010101,0.323232323232323,1
0.0101010101010101,0.333333333333333,1
0.0101010101010101,0.343434343434343,1
0.0101010101010101,0.353535353535354,1
0.0101010101010101,0.363636363636364,1
0.0101010101010101,0.373737373737374,1
0.0101010101010101,0.383838383838384,1
0.0101010101010101,0.393939393939394,1
0.0101010101010101,0.404040404040404,1
0.0101010101010101,0.414141414141414,1
0.0101010101010101,0.424242424242424,1
0.0101010101010101,0.434343434343434,1
0.0101010101010101,0.444444444444444,1
0.0101010101010101,0.454545454545455,1
0.0101010101010101,0.464646464646465,1
0.0101010101010101,0.474747474747475,1
0.0101010101010101,0.484848484848485,1
0.0101010101010101,0.494949494949495,1
0.0101010101010101,0.505050505050505,1
0.0101010101010101,0.515151515151515,1
0.0101010101010101,0.525252525252525,1
0.0101010101010101,0.535353535353535,1
0.0101010101010101,0.545454545454545,1
0.0101010101010101,0.555555555555556,1
0.0101010101010101,0.565656565656566,1
0.0101010101010101,0.575757575757576,1
0.0101010101010101,0.585858585858586,1
0.0101010101010101,0.595959595959596,1
0.0101010101010101,0.606060606060606,1
0.0101010101010101,0.616161616161616,1
0.0101010101010101,0.626262626262626,1
0.0101010101010101,0.636363636363636,1
0.0101010101010101,0.646464646464647,1
0.0101010101010101,0.656565656565657,1
0.0101010101010101,0.666666666666667,1
0.0101010101010101,0.676767676767677,1
0.0101010101010101,0.686868686868687,1
0.0101010101010101,0.696969696969697,1
0.0101010101010101,0.707070707070707,1
0.0101010101010101,0.717171717171717,1
0.0101010101010101,0.727272727272727,1
0.0101010101010101,0.737373737373737,1
0.0101010101010101,0.747474747474748,1
0.0101010101010101,0.757575757575758,1
0.0101010101010101,0.767676767676768,1
0.0101010101010101,0.777777777777778,1
0.0101010101010101,0.787878787878788,1
0.0101010101010101,0.797979797979798,1
0.0101010101010101,0.808080808080808,1
0.0101010101010101,0.818181818181818,1
0.0101010101010101,0.828282828282828,1
0.0101010101010101,0.838383838383838,1
0.0101010101010101,0.848484848484849,1
0.0101010101010101,0.858585858585859,1
0.0101010101010101,0.868686868686869,1
0.0101010101010101,0.878787878787879,1
0.0101010101010101,0.888888888888889,1
0.0101010101010101,0.898989898989899,1
0.0101010101010101,0.909090909090909,1
0.0101010101010101,0.919191919191919,1
0.0101010101010101,0.929292929292929,1
0.0101010101010101,0.939393939393939,1
0.0101010101010101,0.94949494949495,1
0.0101010101010101,0.95959595959596,1
0.0101010101010101,0.96969696969697,1
0.0101010101010101,0.97979797979798,1
0.0101010101010101,0.98989898989899,1
0.0101010101010101,1,1
0.0202020202020202,0,-1
0.0202020202020202,0.0101010101010101,1
0.0202020202020202,0.0202020202020202,1
0.0202020202020202,0.0303030303030303,1
0.0202020202020202,0.0404040404040404,1
0.0202020202020202,0.0505050505050505,1
0.0202020202020202,0.0606060606060606,1
0.0202020202020202,0.0707070707070707,1
0.0202020202020202,0.0808080808080808,1
0.0202020202020202,0.0909090909090909,1
0.0202020202020202,0.101010101010101,1
0.0202020202020202,0.111111111111111,1
0.0202020202020202,0.121212121212121,1
0.0202020202020202,0.131313131313131,1
0.0202020202020202,0.141414141414141,1
0.0202020202020202,0.151515151515152,1
0.0202020202020202,0.161616161616162,1
0.0202020202020202,0.171717171717172,1
0.0202020202020202,0.181818181818182,1
0.0202020202020202,0.191919191919192,1
0.0202020202020202,0.202020202020202,1
0.0202020202020202,0.212121212121212,1
0.0202020202020202,0.222222222222222,1
0.0202020202020202,0.232323232323232,1
0.0202020202020202,0.242424242424242,1
0.0202020202020202,0.252525252525253,1
0.0202020202020202,0.262626262626263,1
0.0202020202020202,0.272727272727273,1
0.0202020202020202,0.282828282828283,1
0.0202020202020202,0.292929292929293,1
0.0202020202020202,0.303030303030303,1
0.0202020202020202,0.313131313131313,1
0.0202020202020202,0.323232323232323,1
0.0202020202020202,0.333333333333333,1
0.0202020202020202,0.343434343434343,1
0.0202020202020202,0.353535353535354,1
0.0202020202020202,0.363636363636364,1
0.0202020202020202,0.373737373737374,1
0.0202020202020202,0.383838383838384,1
0.0202020202020202,0.393939393939394,1
0.0202020202020202,0.404040404040404,1
0.0202020202020202,0.414141414141414,1
0.0202020202020202,0.424242424242424,1
0.0202020202020202,0.434343434343434,1
0.0202020202020202,0.444444444444444,1
0.0202020202020202,0.454545454545455,1
0.0202020202020202,0.464646464646465,1
0.0202020202020202,0.474747474747475,1
0.0202020202020202,0.484848484848485,1
0.0202020202020202,0.494949494949495,1
0.0202020202020202,0.505050505050505,1
0.0202020202020202,0.515151515151515,1
0.0202020202020202,0.525252525252525,1
0.0202020202020202,0.535353535353535,1
0.0202020202020202,0.545454545454545,1
0.0202020202020202,0.555555555555556,1
0.0202020202020202,0.565656565656566,1
0.0202020202020202,0.575757575757576,1
0.0202020202020202,0.585858585858586,1
0.0202020202020202,0.595959595959596,1
0.0202020202020202,0.606060606060606,1
0.0202020202020202,0.616161616161616,1
0.0202020202020202,0.626262626262626,1
0.0202020202020202,0.636363636363636,1
0.0202020202020202,0.646464646464647,1
0.0202020202020202,0.656565656565657,1
0.0202020202020202,0.666666666666667,1
0.0202020202020202,0.676767676767677,1
0.0202020202020202,0.686868686868687,1
0.0202020202020202,0.696969696969697,1
0.0202020202020202,0.707070707070707,1
0.0202020202020202,0.717171717171717,1
0.0202020202020202,0.727272727272727,1
0.0202020202020202,0.737373737373737,1
0.0202020202020202,0.747474747474748,1
0.0202020202020202,0.757575757575758,1
0.0202020202020202,0.767676767676768,1
0.0202020202020202,0.777777777777778,1
0.0202020202020202,0.787878787878788,1
0.0202020202020202,0.797979797979798,1
0.0202020202020202,0.808080808080808,1
0.0202020202020202,0.818181818181818,1
0.0202020202020202,0.828282828282828,1
0.0202020202020202,0.838383838383838,1
0.0202020202020202,0.848484848484849,1
0.0202020202020202,0.858585858585859,1
0.0202020202020202,0.868686868686869,1
0.0202020202020202,0.878787878787879,1
0.0202020202020202,0.888888888888889,1
0.0202020202020202,0.898989898989899,1
0.0202020202020202,0.909090909090909,1
0.0202020202020202,0.919191919191919,1
0.0202020202020202,0.929292929292929,1
0.0202020202020202,0.939393939393939,1
0.0202020202020202,0.94949494949495,1
0.0202020202020202,0.95959595959596,1
0.0202020202020202,0.96969696969697,1
0.0202020202020202,0.97979797979798,1
0.0202020202020202,0.98989898989899,1
0.0202020202020202,1,1
0.0303030303030303,0,-1
0.0303030303030303,0.0101010101010101,1
0.0303030303030303,0.0202020202020202,1
0.0303030303030303,0.0303030303030303,1
0.0303030303030303,0.0404040404040404,1
0.0303030303030303,0.0505050505050505,1
0.0303030303030303,0.0606060606060606,1
0.0303030303030303,0.0707070707070707,1
0.0303030303030303,0.0808080808080808,1
0.0303030303030303,0.0909090909090909,1
0.0303030303030303,0.101010101010101,1
0.0303030303030303,0.111111111111111,1
0.0303030303030303,0.121212121212121,1
0.0303030303030303,0.131313131313131,1
0.0303030303030303,0.141414141414141,1
0.0303030303030303,0.151515151515152,1
0.0303030303030303,0.161616161616162,1
0.0303030303030303,0.171717171717172,1
0.0303030303030303,0.181818181818182,1
0.0303030303030303,0.191919191919192,1
0.0303030303030303,0.202020202020202,1
0.0303030303030303,0.212121212121212,1
0.0303030303030303,0.222222222222222,1
0.0303030303030303,0.232323232323232,1
0.0303030303030303,0.242424242424242,1
0.0303030303030303,0.252525252525253,1
0.0303030303030303,0.262626262626263,1
0.0303030303030303,0.272727272727273,1
0.0303030303030303,0.282828282828283,1
0.0303030303030303,0.292929292929293,1
0.0303030303030303,0.303030303030303,1
0.0303030303030303,0.313131313131313,1
0.0303030303030303,0.323232323232323,1
0.0303030303030303,0.333333333333333,1
0.0303030303030303,0.343434343434343,1
0.0303030303030303,0.353535353535354,1
0.0303030303030303,0.363636363636364,1
0.0303030303030303,0.373737373737374,1
0.0303030303030303,0.383838383838384,1
0.0303030303030303,0.393939393939394,1
0.0303030303030303,0.404040404040404,1
0.0303030303030303,0.414141414141414,1
0.0303030303030303,0.424242424242424,1
0.0303030303030303,0.434343434343434,1
0.0303030303030303,0.444444444444444,1
0.0303030303030303,0.454545454545455,1
0.0303030303030303,0.464646464646465,1
0.0303030303030303,0.474747474747475,1
0.0303030303030303,0.484848484848485,1
0.0303030303030303,0.494949494949495,1
0.0303030303030303,0.505050505050505,1
0.0303030303030303,0.515151515151515,1
0.0303030303030303,0.525252525252525,1
0.0303030303030303,0.535353535353535,1
0.0303030303030303,0.545454545454545,1
0.0303030303030303,0.555555555555556,1
0.0303030303030303,0.565656565656566,1
0.0303030303030303,0.575757575757576,1
0.0303030303030303,0.585858585858586,1
0.0303030303030303,0.595959595959596,1
0.0303030303030303,0.606060606060606,1
0.0303030303030303,0.616161616161616,1
0.0303030303030303,0.626262626262626,1
0.0303030303030303,0.636363636363636,1
0.0303030303030303,0.646464646464647,1
0.0303030303030303,0.656565656565657,1
0.0303030303030303,0.666666666666667,1
0.0303030303030303,0.676767676767677,1
0.0303030303030303,0.686868686868687,1
0.0303030303030303,0.696969696969697,1
0.0303030303030303,0.707070707070707,1
0.0303030303030303,0.717171717171717,1
0.0303030303030303,0.727272727272727,1
0.0303030303030303,0.737373737373737,1
0.0303030303030303,0.747474747474748,1
0.0303030303030303,0.757575757575758,1
0.0303030303030303,0.767676767676768,1
0.0303030303030303,0.777777777777778,1
0.0303030303030303,0.787878787878788,1
0.0303030303030303,0.797979797979798,1
0.0303030303030303,0.808080808080808,1
0.0303030303030303,0.818181818181818,1
0.0303030303030303,0.828282828282828,1
0.0303030303030303,0.838383838383838,1
0.0303030303030303,0.848484848484849,1
0.0303030303030303,0.858585858585859,1
0.0303030303030303,0.868686868686869,1
0.0303030303030303,0.878787878787879,1
0.0303030303030303,0.888888888888889,1
0.0303030303030303,0.898989898989899,1
0.0303030303030303,0.909090909090909,1
0.0303030303030303,0.919191919191919,1
0.0303030303030303,0.929292929292929,1
0.0303030303030303,0.939393939393939,1
0.0303030303030303,0.94949494949495,1
0.0303030303030303,0.95959595959596,1
0.0303030303030303,0.96969696969697,1
0.0303030303030303,0.97979797979798,1
0.0303030303030303,0.98989898989899,1
0.0303030303030303,1,1
0.0404040404040404,0,-1
0.0404040404040404,0.0101010101010101,1
0.0404040404040404,0.0202020202020202,1
0.0404040404040404,0.0303030303030303,1
0.0404040404040404,0.0404040404040404,1
0.0404040404040404,0.0505050505050505,1
0.0404040404040404,0.0606060606060606,1
0.0404040404040404,0.0707070707070707,1
0.0404040404040404,0.0808080808080808,1
0.0404040404040404,0.0909090909090909,1
0.0404040404040404,0.101010101010101,1
0.0404040404040404,0.111111111111111,1
0.0404040404040404,0.121212121212121,1
0.0404040404040404,0.131313131313131,1
0.0404040404040404,0.141414141414141,1
0.0404040404040404,0.151515151515152,1
0.0404040404040404,0.161616161616162,1
0.0404040404040404,0.171717171717172,1
0.0404040404040404,0.181818181818182,1
0.0404040404040404,0.191919191919192,1
0.0404040404040404,0.202020202020202,1
0.0404040404040404,0.212121212121212,1
0.0404040404040404,0.222222222222222,1
0.0404040404040404,0.232323232323232,1
0.0404040404040404,0.242424242424242,1
0.0404040404040404,0.252525252525253,1
0.0404040404040404,0.262626262626263,1
0.0404040404040404,0.272727272727273,1
0.0404040404040404,0.282828282828283,1
0.0404040404040404,0.292929292929293,1
0.0404040404040404,0.303030303030303,1
0.0404040404040404,0.313131313131313,1
0.0404040404040404,0.323232323232323,1
0.0404040404040404,0.333333333333333,1
0.0404040404040404,0.343434343434343,1
0.0404040404040404,0.353535353535354,1
0.0404040404040404,0.363636363636364,1
0.0404040404040404,0.373737373737374,1
0.0404040404040404,0.383838383838384,1
0.0404040404040404,0.393939393939394,1
0.0404040404040404,0.404040404040404,1
0.0404040404040404,0.414141414141414,1
0.0404040404040404,0.424242424242424,1
0.0404040404040404,0.434343434343434,1
0.0404040404040404,0.444444444444444,1
0.0404040404040404,0.454545454545455,1
0.0404040404040404,0.464646464646465,1
0.0404040404040404,0.474747474747475,1
0.0404040404040404,0.484848484848485,1
0.0404040404040404,0.494949494949495,1
0.0404040404040404,0.505050505050505,1
0.0404040404040404,0.515151515151515,1
0.0404040404040404,0.525252525252525,1
0.0404040404040404,0.535353535353535,1
0.0404040404040404,0.545454545454545,1
0.0404040404040404,0.555555555555556,1
0.0404040404040404,0.565656565656566,1
0.0404040404040404,0.575757575757576,1
0.0404040404040404,0.585858585858586,1
0.0404040404040404,0.595959595959596,1
0.0404040404040404,0.606060606060606,1
0.0404040404040404,0.616161616161616,1
0.0404040404040404,0.626262626262626,1
0.0404040404040404,0.636363636363636,1
0.0404040404040404,0.646464646464647,1
0.0404040404040404,0.656565656565657,1
0.0404040404040404,0.666666666666667,1
0.0404040404040404,0.676767676767677,1
0.0404040404040404,0.686868686868687,1
0.0404040404040404,0.696969696969697,1
0.0404040404040404,0.707070707070707,1
0.0404040404040404,0.717171717171717,1
0.0404040404040404,0.727272727272727,1
0.0404040404040404,0.737373737373737,1
0.0404040404040404,0.747474747474748,1
0.0404040404040404,0.757575757575758,1
0.0404040404040404,0.767676767676768,1
0.0404040404040404,0.777777777777778,1
0.0404040404040404,0.787878787878788,1
0.0404040404040404,0.797979797979798,1
0.0404040404040404,0.808080808080808,1
0.0404040404040404,0.818181818181818,1
0.0404040404040404,0.828282828282828,1
0.0404040404040404,0.838383838383838,1
0.0404040404040404,0.848484848484849,1
0.0404040404040404,0.858585858585859,1
0.0404040404040404,0.868686868686869,1
0.0404040404040404,0.878787878787879,1
0.0404040404040404,0.888888888888889,1
0.0404040404040404,0.898989898989899,1
0.0404040404040404,0.909090909090909,1
0.0404040404040404,0.919191919191919,1
0.0404040404040404,0.929292929292929,1
0.0404040404040404,0.939393939393939,1
0.0404040404040404,0.94949494949495,1
0.0404040404040404,0.95959595959596,1
0.0404040404040404,0.96969696969697,1
0.0404040404040404,0.97979797979798,1
0.0404040404040404,0.98989898989899,1
0.0404040404040404,1,1
0.0505050505050505,0,-1
0.0505050505050505,0.0101010101010101,1
0.0505050505050505,0.0202020202020202,1
0.0505050505050505,0.0303030303030303,1
0.0505050505050505,0.0404040404040404,1
0.0505050505050505,0.0505050505050505,1
0.0505050505050505,0.0606060606060606,1
0.0505050505050505,0.0707070707070707,1
0.0505050505050505,0.0808080808080808,1
0.0505050505050505,0.0909090909090909,1
0.0505050505050505,0.101010101010101,1
0.0505050505050505,0.111111111111111,1
0.0505050505050505,0.121212121212121,1
0.0505050505050505,0.131313131313131,1
0.0505050505050505,0.141414141414141,1
0.0505050505050505,0.151515151515152,1
0.0505050505050505,0.161616161616162,1
0.0505050505050505,0.171717171717172,1
0.0505050505050505,0.181818181818182,1
0.0505050505050505,0.191919191919192,1
0.0505050505050505,0.202020202020202,1
0.0505050505050505,0.212121212121212,1
0.0505050505050505,0.222222222222222,1
0.0505050505050505,0.232323232323232,1
0.0505050505050505,0.242424242424242,1
0.0505050505050505,0.252525252525253,1
0.0505050505050505,0.262626262626263,1
0.0505050505050505,0.272727272727273,1
0.0505050505050505,0.282828282828283,1
0.0505050505050505,0.292929292929293,1
0.0505050505050505,0.303030303030303,1
0.0505050505050505,0.313131313131313,1
0.0505050505050505,0.323232323232323,1
0.0505050505050505,0.333333333333333,1
0.0505050505050505,0.343434343434343,1
0.0505050505050505,0.353535353535354,1
0.0505050505050505,0.363636363636364,1
0.0505050505050505,0.373737373737374,1
0.0505050505050505,0.383838383838384,1
0.0505050505050505,0.393939393939394,1
0.0505050505050505,0.404040404040404,1
0.0505050505050505,0.414141414141414,1
0.0505050505050505,0.424242424242424,1
0.0505050505050505,0.434343434343434,1
0.0505050505050505,0.444444444444444,1
0.0505050505050505,0.454545454545455,1
0.0505050505050505,0.464646464646465,1
0.0505050505050505,0.474747474747475,1
0.0505050505050505,0.484848484848485,1
0.0505050505050505,0.494949494949495,1
0.0505050505050505,0.505050505050505,1
0.0505050505050505,0.515151515151515,1
0.0505050505050505,0.525252525252525,1
0.0505050505050505,0.535353535353535,1
0.0505050505050505,0.545454545454545,1
0.0505050505050505,0.555555555555556,1
0.0505050505050505,0.565656565656566,1
0.0505050505050505,0.575757575757576,1
0.0505050505050505,0.585858585858586,1
0.0505050505050505,0.595959595959596,1
0.0505050505050505,0.606060606060606,1
0.0505050505050505,0.616161616161616,1
0.0505050505050505,0.626262626262626,1
0.0505050505050505,0.636363636363636,1
0.0505050505050505,0.646464646464647,1
0.0505050505050505,0.656565656565657,1
0.0505050505050505,0.666666666666667,1
0.0505050505050505,0.676767676767677,1
0.0505050505050505,0.686868686868687,1
0.0505050505050505,0.696969696969697,1
0.0505050505050505,0.707070707070707,1
0.0505050505050505,0.717171717171717,1
0.0505050505050505,0.727272727272727,1
0.0505050505050505,0.737373737373737,1
0.0505050505050505,0.747474747474748,1
0.0505050505050505,0.757575757575758,1
0.0505050505050505,0.767676767676768,1
0.0505050505050505,0.777777777777778,1
0.0505050505050505,0.787878787878788,1
0.0505050505050505,0.797979797979798,1
0.0505050505050505,0.808080808080808,1
0.0505050505050505,0.818181818181818,1
0.0505050505050505,0.828282828282828,1
0.0505050505050505,0.838383838383838,1
0.0505050505050505,0.848484848484849,1
0.0505050505050505,0.858585858585859,1
0.0505050505050505,0.868686868686869,1
0.0505050505050505,0.878787878787879,1
0.0505050505050505,0.888888888888889,1
0.0505050505050505,0.898989898989899,1
0.0505050505050505,0.909090909090909,1
0.0505050505050505,0.919191919191919,1
0.0505050505050505,0.929292929292929,1
0.0505050505050505,0.939393939393939,1
0.0505050505050505,0.94949494949495,1
0.0505050505050505,0.95959595959596,1
0.0505050505050505,0.96969696969697,1
0.0505050505050505,0.97979797979798,1
0.0505050505050505,0.98989898989899,1
0.0505050505050505,1,1
0.0606060606060606,0,-1
0.0606060606060606,0.0101010101010101,1
0.0606060606060606,0.0202020202020202,1
0.0606060606060606,0.0303030303030303,1
0.0606060606060606,0.0404040404040404,1
0.0606060606060606,0.0505050505050505,1
0.0606060606060606,0.0606060606060606,1
0.0606060606060606,0.0707070707070707,1
0.0606060606060606,0.0808080808080808,1
0.0606060606060606,0.0909090909090909,1
0.0606060606060606,0.101010101010101,1
0.0606060606060606,0.111111111111111,1
0.0606060606060606,0.121212121212121,1
0.0606060606060606,0.131313131313131,1
0.0606060606060606,0.141414141414141,1
0.0606060606060606,0.151515151515152,1
0.0606060606060606,0.161616161616162,1
0.0606060606060606,0.171717171717172,1
0.0606060606060606,0.181818181818182,1
0.0606060606060606,0.191919191919192,1
0.0606060606060606,0.202020202020202,1
0.0606060606060606,0.212121212121212,1
0.0606060606060606,0.222222222222222,1
0.0606060606060606,0.232323232323232,1
0.0606060606060606,0.242424242424242,1
0.0606060606060606,0.252525252525253,1
0.0606060606060606,0.262626262626263,1
0.0606060606060606,0.272727272727273,1
0.0606060606060606,0.282828282828283,1
0.0606060606060606,0.292929292929293,1
0.0606060606060606,0.303030303030303,1
0.0606060606060606,0.313131313131313,1
0.0606060606060606,0.323232323232323,1
0.0606060606060606,0.333333333333333,1
0.0606060606060606,0.343434343434343,1
0.0606060606060606,0.353535353535354,1
0.0606060606060606,0.363636363636364,1
0.0606060606060606,0.373737373737374,1
0.0606060606060606,0.383838383838384,1
0.0606060606060606,0.393939393939394,1
0.0606060606060606,0.404040404040404,1
0.0606060606060606,0.414141414141414,1
0.0606060606060606,0.424242424242424,1
0.0606060606060606,0.434343434343434,1
0.0606060606060606,0.444444444444444,1
0.0606060606060606,0.454545454545455,1
0.0606060606060606,0.464646464646465,1
0.0606060606060606,0.474747474747475,1
0.0606060606060606,0.484848484848485,1
0.0606060606060606,0.494949494949495,1
0.0606060606060606,0.505050505050505,1
0.0606060606060606,0.515151515151515,1
0.0606060606060606,0.525252525252525,1
0.0606060606060606,0.535353535353535,1
0.0606060606060606,0.545454545454545,1
0.0606060606060606,0.555555555555556,1
0.0606060606060606,0.565656565656566,1
0.0606060606060606,0.575757575757576,1
0.0606060606060606,0.585858585858586,1
0.0606060606060606,0.595959595959596,1
0.0606060606060606,0.606060606060606,1
0.0606060606060606,0.616161616161616,1
0.0606060606060606,0.626262626262626,1
0.0606060606060606,0.636363636363636,1
0.0606060606060606,0.646464646464647,1
0.0606060606060606,0.656565656565657,1
0.0606060606060606,0.666666666666667,1
0.0606060606060606,0.676767676767677,1
0.0606060606060606,0.686868686868687,1
0.0606060606060606,0.696969696969697,1
0.0606060606060606,0.707070707070707,1
0.0606060606060606,0.717171717171717,1
0.0606060606060606,0.727272727272727,1
0.0606060606060606,0.737373737373737,1
0.0606060606060606,0.747474747474748,1
0.0606060606060606,0.757575757575758,1
0.0606060606060606,0.767676767676768,1
0.0606060606060606,0.777777777777778,1
0.0606060606060606,0.787878787878788,1
0.0606060606060606,0.797979797979798,1
0.0606060606060606,0.808080808080808,1
0.0606060606060606,0.818181818181818,1
0.0606060606060606,0.828282828282828,1
0.0606060606060606,0.838383838383838,1
0.0606060606060606,0.848484848484849,1
0.0606060606060606,0.858585858585859,1
0.0606060606060606,0.868686868686869,1
0.0606060606060606,0.878787878787879,1
0.0606060606060606,0.888888888888889,1
0.0606060606060606,0.898989898989899,1
0.0606060606060606,0.909090909090909,1
0.0606060606060606,0.919191919191919,1
0.0606060606060606,0.929292929292929,1
0.0606060606060606,0.939393939393939,1
0.0606060606060606,0.94949494949495,1
0.0606060606060606,0.95959595959596,1
0.0606060606060606,0.96969696969697,1
0.0606060606060606,0.97979797979798,1
0.0606060606060606,0.98989898989899,1
0.0606060606060606,1,1
0.0707070707070707,0,-1
0.0707070707070707,0.0101010101010101,1
0.0707070707070707,0.0202020202020202,1
0.0707070707070707,0.0303030303030303,1
0.0707070707070707,0.0404040404040404,1
0.0707070707070707,0.0505050505050505,1
0.0707070707070707,0.0606060606060606,1
0.0707070707070707,0.0707070707070707,1
0.0707070707070707,0.0808080808080808,1
0.0707070707070707,0.0909090909090909,1
0.0707070707070707,0.101010101010101,1
0.0707070707070707,0.111111111111111,1
0.0707070707070707,0.121212121212121,1
0.0707070707070707,0.131313131313131,1
0.0707070707070707,0.141414141414141,1
0.0707070707070707,0.151515151515152,1
0.0707070707070707,0.161616161616162,1
0.0707070707070707,0.171717171717172,1
0.0707070707070707,0.181818181818182,1
0.0707070707070707,0.191919191919192,1
0.0707070707070707,0.202020202020202,1
0.0707070707070707,0.212121212121212,1
0.0707070707070707,0.222222222222222,1
0.0707070707070707,0.232323232323232,1
0.0707070707070707,0.242424242424242,1
0.0707070707070707,0.252525252525253,1
0.0707070707070707,0.262626262626263,1
0.0707070707070707,0.272727272727273,1
0.0707070707070707,0.282828282828283,1
0.0707070707070707,0.292929292929293,1
0.0707070707070707,0.303030303030303,1
0.0707070707070707,0.313131313131313,1
0.0707070707070707,0.323232323232323,1
0.0707070707070707,0.333333333333333,1
0.0707070707070707,0.343434343434343,1
0.0707070707070707,0.353535353535354,1
0.0707070707070707,0.363636363636364,1
0.0707070707070707,0.373737373737374,1
0.0707070707070707,0.383838383838384,1
0.0707070707070707,0.393939393939394,1
0.0707070707070707,0.404040404040404,1
0.0707070707070707,0.414141414141414,1
0.0707070707070707,0.424242424242424,1
0.0707070707070707,0.434343434343434,1
0.0707070707070707,0.444444444444444,1
0.0707070707070707,0.454545454545455,1
0.0707070707070707,0.464646464646465,1
0.0707070707070707,0.474747474747475,1
0.0707070707070707,0.484848484848485,1
0.0707070707070707,0.494949494949495,1
0.0707070707070707,0.505050505050505,1
0.0707070707070707,0.515151515151515,1
0.0707070707070707,0.525252525252525,1
0.0707070707070707,0.535353535353535,1
0.0707070707070707,0.545454545454545,1
0.0707070707070707,0.555555555555556,1
0.0707070707070707,0.565656565656566,1
0.0707070707070707,0.575757575757576,1
0.0707070707070707,0.585858585858586,1
0.0707070707070707,0.595959595959596,1
0.0707070707070707,0.606060606060606,1
0.0707070707070707,0.616161616161616,1
0.0707070707070707,0.626262626262626,1
0.0707070707070707,0.636363636363636,1
0.0707070707070707,0.646464646464647,1
0.0707070707070707,0.656565656565657,1
0.0707070707070707,0.666666666666667,1
0.0707070707070707,0.676767676767677,1
0.0707070707070707,0.686868686868687,1
0.0707070707070707,0.696969696969697,1
0.0707070707070707,0.707070707070707,1
0.0707070707070707,0.717171717171717,1
0.0707070707070707,0.727272727272727,1
0.0707070707070707,0.737373737373737,1
0.0707070707070707,0.747474747474748,1
0.0707070707070707,0.757575757575758,1
0.0707070707070707,0.767676767676768,1
0.0707070707070707,0.777777777777778,1
0.0707070707070707,0.787878787878788,1
0.0707070707070707,0.797979797979798,1
0.0707070707070707,0.808080808080808,1
0.0707070707070707,0.818181818181818,1
0.0707070707070707,0.828282828282828,1
0.0707070707070707,0.838383838383838,1
0.0707070707070707,0.848484848484849,1
0.0707070707070707,0.858585858585859,1
0.0707070707070707,0.868686868686869,1
0.0707070707070707,0.878787878787879,1
0.0707070707070707,0.888888888888889,1
0.0707070707070707,0.898989898989899,1
0.0707070707070707,0.909090909090909,1
0.0707070707070707,0.919191919191919,1
0.0707070707070707,0.929292929292929,1
0.0707070707070707,0.939393939393939,1
0.0707070707070707,0.94949494949495,1
0.0707070707070707,0.95959595959596,1
0.0707070707070707,0.96969696969697,1
0.0707070707070707,0.97979797979798,1
0.0707070707070707,0.98989898989899,1
0.0707070707070707,1,1
0.0808080808080808,0,-1
0.0808080808080808,0.0101010101010101,1
0.0808080808080808,0.0202020202020202,1
0.0808080808080808,0.0303030303030303,1
0.0808080808080808,0.0404040404040404,0
0.0808080808080808,0.0505050505050505,0
0.0808080808080808,0.0606060606060606,0
0.0808080808080808,0.0707070707070707,0
0.0808080808080808,0.0808080808080808,0
0.0808080808080808,0.0909090909090909,0
0.0808080808080808,0.101010101010101,1
0.0808080808080808,0.111111111111111,1
0.0808080808080808,0.121212121212121,1
0.0808080808080808,0.131313131313131,1
0.0808080808080808,0.141414141414141,1
0.0808080808080808,0.151515151515152,1
0.0808080808080808,0.161616161616162,1
0.0808080808080808,0.171717171717172,1
0.0808080808080808,0.181818181818182,1
0.0808080808080808,0.191919191919192,1
0.0808080808080808,0.202020202020202,1
0.0808080808080808,0.212121212121212,1
0.0808080808080808,0.222222222222222,1
0.0808080808080808,0.232323232323232,1
0.0808080808080808,0.242424242424242,1
0.0808080808080808,0.252525252525253,1
0.0808080808080808,0.262626262626263,1
0.0808080808080808,0.272727272727273,1
0.0808080808080808,0.282828282828283,1
0.0808080808080808,0.292929292929293,1
0.0808080808080808,0.303030303030303,1
0.0808080808080808,0.313131313131313,1
0.0808080808080808,0.323232323232323,1
0.0808080808080808,0.333333333333333,1
0.0808080808080808,0.343434343434343,1
0.0808080808080808,0.353535353535354,1
0.0808080808080808,0.363636363636364,1
0.0808080808080808,0.373737373737374,1
0.0808080808080808,0.383838383838384,1
0.0808080808080808,0.393939393939394,1
0.0808080808080808,0.404040404040404,1
0.0808080808080808,0.414141414141414,1
0.0808080808080808,0.424242424242424,1
0.0808080808080808,0.434343434343434,1
0.0808080808080808,0.444444444444444,1
0.0808080808080808,0.454545454545455,1
0.0808080808080808,0.464646464646465,1
0.0808080808080808,0.474747474747475,1
0.0808080808080808,0.484848484848485,1
0.0808080808080808,0.494949494949495,1
0.0808080808080808,0.505050505050505,1
0.0808080808080808,0.515151515151515,1
0.0808080808080808,0.525252525252525,1
0.0808080808080808,0.535353535353535,1
0.0808080808080808,0.545454545454545,1
0.0808080808080808,0.555555555555556,1
0.0808080808080808,0.565656565656566,1
0.0808080808080808,0.575757575757576,1
0.0808080808080808,0.585858585858586,1
0.0808080808080808,0.595959595959596,1
0.0808080808080808,0.606060606060606,1
0.0808080808080808,0.616161616161616,1
0.0808080808080808,0.626262626262626,1
0.0808080808080808,0.636363636363636,1
0.0808080808080808,0.646464646464647,1
0.0808080808080808,0.656565656565657,1
0.0808080808080808,0.666666666666667,1
0.0808080808080808,0.676767676767677,1
0.0808080808080808,0.686868686868687,1
0.0808080808080808,0.696969696969697,1
0.0808080808080808,0.707070707070707,1
0.0808080808080808,0.717171717171717,1
0.0808080808080808,0.727272727272727,1
0.0808080808080808,0.737373737373737,1
0.0808080808080808,0.747474747474748,1
0.0808080808080808,0.757575757575758,1
0.0808080808080808,0.767676767676768,1
0.0808080808080808,0.777777777777778,1
0.0808080808080808,0.787878787878788,1
0.0808080808080808,0.797979797979798,1
0.0808080808080808,0.808080808080808,1
0.0808080808080808,0.818181818181818,1
0.0808080808080808,0.828282828282828,1
0.0808080808080808,0.838383838383838,1
0.0808080808080808,0.848484848484849,1
0.0808080808080808,0.858585858585859,1
0.0808080808080808,0.868686868686869,1
0.0808080808080808,0.878787878787879,1
0.0808080808080808,0.888888888888889,1
0.0808080808080808,0.898989898989899,1
0.0808080808080808,0.909090909090909,1
0.0808080808080808,0.919191919191919,1
0.0808080808080808,0.929292929292929,1
0.0808080808080808,0.939393939393939,1
0.0808080808080808,0.94949494949495,1
0.0808080808080808,0.95959595959596,1
0.0808080808080808,0.96969696969697,1
0.0808080808080808,0.97979797979798,1
0.0808080808080808,0.98989898989899,1
0.0808080808080808,1,1
0.0909090909090909,0,-1
0.0909090909090909,0.0101010101010101,1
0.0909090909090909,0.0202020202020202,1
0.0909090909090909,0.0303030303030303,0
0.0909090909090909,0.0404040404040404,1
0.0909090909090909,0.0505050505050505,1
0.0909090909090909,0.0606060606060606,1
0.0909090909090909,0.0707070707070707,1
0.0909090909090909,0.0808080808080808,0
0.0909090909090909,0.0909090909090909,0
0.0909090909090909,0.101010101010101,0
0.0909090909090909,0.111111111111111,0
0.0909090909090909,0.121212121212121,0
0.0909090909090909,0.131313131313131,1
0.0909090909090909,0.141414141414141,1
0.0909090909090909,0.151515151515152,1
0.0909090909090909,0.161616161616162,1
0.0909090909090909,0.171717171717172,1
0.0909090909090909,0.181818181818182,1
0.0909090909090909,0.191919191919192,1
0.0909090909090909,0.202020202020202,1
0.0909090909090909,0.212121212121212,1
0.0909090909090909,0.222222222222222,1
0.0909090909090909,0.232323232323232,1
0.0909090909090909,0.242424242424242,1
0.0909090909090909,0.252525252525253,1
0.0909090909090909,0.262626262626263,1
0.0909090909090909,0.272727272727273,1
0.0909090909090909,0.282828282828283,1
0.0909090909090909,0.292929292929293,1
0.0909090909090909,0.303030303030303,1
0.0909090909090909,0.313131313131313,1
0.0909090909090909,0.323232323232323,1
0.0909090909090909,0.333333333333333,1
0.0909090909090909,0.343434343434343,1
0.0909090909090909,0.353535353535354,1
0.0909090909090909,0.363636363636364,1
0.0909090909090909,0.373737373737374,1
0.0909090909090909,0.383838383838384,1
0.0909090909090909,0.393939393939394,1
0.0909090909090909,0.404040404040404,1
0.0909090909090909,0.414141414141414,1
0.0909090909090909,0.424242424242424,1
0.0909090909090909,0.434343434343434,1
0.0909090909090909,0.444444444444444,1
0.0909090909090909,0.454545454545455,1
0.0909090909090909,0.464646464646465,1
0.0909090909090909,0.474747474747475,1
0.0909090909090909,0.484848484848485,1
0.0909090909090909,0.494949494949495,1
0.0909090909090909,0.505050505050505,1
0.0909090909090909,0.515151515151515,1
0.0909090909090909,0.525252525252525,1
0.0909090909090909,0.535353535353535,1
0.0909090909090909,0.545454545454545,1
0.0909090909090909,0.555555555555556,1
0.0909090909090909,0.565656565656566,1
0.0909090909090909,0.575757575757576,1
0.0909090909090909,0.585858585858586,1
0.0909090909090909,0.595959595959596,1
0.0909090909090909,0.606060606060606,1
0.0909090909090909,0.616161616161616,1
0.0909090909090909,0.626262626262626,1
0.0909090909090909,0.636363636363636,1
0.0909090909090909,0.646464646464647,1
0.0909090909090909,0.656565656565657,1
0.0909090909090909,0.666666666666667,1
0.0909090909090909,0.676767676767677,1
0.0909090909090909,0.686868686868687,1
0.0909090909090909,0.696969696969697,1
0.0909090909090909,0.707070707070707,1
0.0909090909090909,0.717171717171717,1
0.0909090909090909,0.727272727272727,1
0.0909090909090909,0.737373737373737,1
0.0909090909090909,0.747474747474748,1
0.0909090909090909,0.757575757575758,1
0.0909090909090909,0.767676767676768,1
0.0909090909090909,0.777777777777778,1
0.0909090909090909,0.787878787878788,1
0.0909090909090909,0.797979797979798,1
0.0909090909090909,0.808080808080808,1
0.0909090909090909,0.818181818181818,1
0.0909090909090909,0.828282828282828,1
0.0909090909090909,0.838383838383838,1
0.0909090909090909,0.848484848484849,1
0.0909090909090909,0.858585858585859,1
0.0909090909090909,0.868686868686869,1
0.0909090909090909,0.878787878787879,1
0.0909090909090909,0.888888888888889,1
0.0909090909090909,0.898989898989899,1
0.0909090909090909,0.909090909090909,1
0.0909090909090909,0.919191919191919,1
0.0909090909090909,0.929292929292929,1
0.0909090909090909,0.939393939393939,1
0.0909090909090909,0.94949494949495,1
0.0909090909090909,0.95959595959596,1
0.0909090909090909,0.96969696969697,1
0.0909090909090909,0.97979797979798,1
0.0909090909090909,0.98989898989899,1
0.0909090909090909,1,1
0.101010101010101,0,-1
0.101010101010101,0.0101010101010101,1
0.101010101010101,0.0202020202020202,1
0.101010101010101,0.0303030303030303,0
0.101010101010101,0.0404040404040404,1
0.101010101010101,0.0505050505050505,1
0.101010101010101,0.0606060606060606,1
0.101010101010101,0.0707070707070707,1
0.101010101010101,0.0808080808080808,1
0.101010101010101,0.0909090909090909,1
0.101010101010101,0.101010101010101,1
0.101010101010101,0.111111111111111,1
0.101010101010101,0.121212121212121,0
0.101010101010101,0.131313131313131,0
0.101010101010101,0.141414141414141,0
0.101010101010101,0.151515151515152,0
0.101010101010101,0.161616161616162,0
0.101010101010101,0.171717171717172,0
0.101010101010101,0.181818181818182,1
0.101010101010101,0.191919191919192,1
0.101010101010101,0.202020202020202,1
0.101010101010101,0.212121212121212,1
0.101010101010101,0.222222222222222,1
0.101010101010101,0.232323232323232,1
0.101010101010101,0.242424242424242,1
0.101010101010101,0.252525252525253,1
0.101010101010101,0.262626262626263,1
0.101010101010101,0.272727272727273,1
0.101010101010101,0.282828282828283,1
0.101010101010101,0.292929292929293,1
0.101010101010101,0.303030303030303,1
0.101010101010101,0.313131313131313,1
0.101010101010101,0.323232323232323,1
0.101010101010101,0.333333333333333,1
0.101010101010101,0.343434343434343,1
0.101010101010101,0.353535353535354,1
0.101010101010101,0.363636363636364,1
0.101010101010101,0.373737373737374,1
0.101010101010101,0.383838383838384,1
0.101010101010101,0.393939393939394,1
0.101010101010101,0.404040404040404,1
0.101010101010101,0.414141414141414,1
0.101010101010101,0.424242424242424,1
0.101010101010101,0.434343434343434,1
0.101010101010101,0.444444444444444,1
0.101010101010101,0.454545454545455,1
0.101010101010101,0.464646464646465,1
0.101010101010101,0.474747474747475,1
0.101010101010101,0.484848484848485,1
0.101010101010101,0.494949494949495,1
0.101010101010101,0.505050505050505,1
0.101010101010101,0.515151515151515,1
0.101010101010101,0.525252525252525,1
0.101010101010101,0.535353535353535,1
0.101010101010101,0.545454545454545,1
0.101010101010101,0.555555555555556,1
0.101010101010101,0.565656565656566,1
0.101010101010101,0.575757575757576,1
0.101010101010101,0.585858585858586,1
0.101010101010101,0.595959595959596,1
0.101010101010101,0.606060606060606,1
0.101010101010101,0.616161616161616,1
0.101010101010101,0.626262626262626,1
0.101010101010101,0.636363636363636,1
0.101010101010101,0.646464646464647,1
0.101010101010101,0.656565656565657,1
0.101010101010101,0.666666666666667,1
0.101010101010101,0.676767676767677,1
0.101010101010101,0.686868686868687,1
0.101010101010101,0.696969696969697,1
0.101010101010101,0.707070707070707,1
0.101010101010101,0.717171717171717,1
0.101010101010101,0.727272727272727,1
0.101010101010101,0.737373737373737,1
0.101010101010101,0.747474747474748,1
0.101010101010101,0.757575757575758,1
0.101010101010101,0.767676767676768,1
0.101010101010101,0.777777777777778,1
0.101010101010101,0.787878787878788,1
0.101010101010101,0.797979797979798,1
0.101010101010101,0.808080808080808,1
0.101010101010101,0.818181818181818,1
0.101010101010101,0.828282828282828,1
0.101010101010101,0.838383838383838,1
0.101010101010101,0.848484848484849,1
0.101010101010101,0.858585858585859,1
0.101010101010101,0.868686868686869,1
0.101010101010101,0.878787878787879,1
0.101010101010101,0.888888888888889,1
0.101010101010101,0.898989898989899,1
0.101010101010101,0.909090909090909,1
0.101010101010101,0.919191919191919,1
0.101010101010101,0.929292929292929,1
0.101010101010101,0.939393939393939,1
0.101010101010101,0.94949494949495,1
0.101010101010101,0.95959595959596,1
0.101010101010101,0.96969696969697,1
0.101010101010101,0.97979797979798,1
0.101010101010101,0.98989898989899,1
0.101010101010101,1,1
0.111111111111111,0,-1
0.111111111111111,0.0101010101010101,0
0.111111111111111,0.0202020202020202,1
0.111111111111111,0.0303030303030303,1
0.111111111111111,0.0404040404040404,1
0.111111111111111,0.0505050505050505,1
0.111111111111111,0.0606060606060606,1
0.111111111111111,0.0707070707070707,1
0.111111111111111,0.0808080808080808,1
0.111111111111111,0.0909090909090909,1
0.111111111111111,0.101010101010101,1
0.111111111111111,0.111111111111111,1
0.111111111111111,0.121212121212121,1
0.111111111111111,0.131313131313131,1
0.111111111111111,0.141414141414141,1
0.111111111111111,0.151515151515152,0
0.111111111111111,0.161616161616162,0
0.111111111111111,0.171717171717172,0
0.111111111111111,0.181818181818182,0
0.111111111111111,0.191919191919192,0
0.111111111111111,0.202020202020202,0
0.111111111111111,0.212121212121212,1
0.111111111111111,0.222222222222222,1
0.111111111111111,0.232323232323232,1
0.111111111111111,0.242424242424242,1
0.111111111111111,0.252525252525253,1
0.111111111111111,0.262626262626263,1
0.111111111111111,0.272727272727273,1
0.111111111111111,0.282828282828283,1
0.111111111111111,0.292929292929293,1
0.111111111111111,0.303030303030303,1
0.111111111111111,0.313131313131313,1
0.111111111111111,0.323232323232323,1
0.111111111111111,0.333333333333333,1
0.111111111111111,0.343434343434343,1
0.111111111111111,0.353535353535354,1
0.111111111111111,0.363636363636364,1
0.111111111111111,0.373737373737374,1
0.111111111111111,0.383838383838384,1
0.111111111111111,0.393939393939394,1
0.111111111111111,0.404040404040404,1
0.111111111111111,0.414141414141414,1
0.111111111111111,0.424242424242424,1
0.111111111111111,0.434343434343434,1
0.111111111111111,0.444444444444444,1
0.111111111111111,0.454545454545455,1
0.111111111111111,0.464646464646465,1
0.111111111111111,0.474747474747475,1
0.111111111111111,0.484848484848485,1
0.111111111111111,0.494949494949495,1
0.111111111111111,0.505050505050505,1
0.111111111111111,0.515151515151515,1
0.111111111111111,0.525252525252525,1
0.111111111111111,0.535353535353535,1
0.111111111111111,0.545454545454545,1
0.111111111111111,0.555555555555556,1
0.111111111111111,0.565656565656566,1
0.111111111111111,0.575757575757576,1
0.111111111111111,0.585858585858586,1
0.111111111111111,0.595959595959596,1
0.111111111111111,0.606060606060606,1
0.111111111111111,0.616161616161616,1
0.111111111111111,0.626262626262626,1
0.111111111111111,0.636363636363636,1
0.111111111111111,0.646464646464647,1
0.111111111111111,0.656565656565657,1
0.111111111111111,0.666666666666667,1
0.111111111111111,0.676767676767677,1
0.111111111111111,0.686868686868687,1
0.111111111111111,0.696969696969697,1
0.111111111111111,0.707070707070707,1
0.111111111111111,0.717171717171717,1
0.111111111111111,0.727272727272727,1
0.111111111111111,0.737373737373737,1
0.111111111111111,0.747474747474748,1
0.111111111111111,0.757575757575758,1
0.111111111111111,0.767676767676768,1
0.111111111111111,0.777777777777778,1
0.111111111111111,0.787878787878788,1
0.111111111111111,0.797979797979798,1
0.111111111111111,0.808080808080808,1
0.111111111111111,0.818181818181818,1
0.111111111111111,0.828282828282828,1
0.111111111111111,0.838383838383838,1
0.111111111111111,0.848484848484849,1
0.111111111111111,0.858585858585859,1
0.111111111111111,0.868686868686869,1
0.111111111111111,0.878787878787879,1
0.111111111111111,0.888888888888889,1
0.111111111111111,0.898989898989899,1
0.111111111111111,0.909090909090909,1
0.111111111111111,0.919191919191919,1
0.111111111111111,0.929292929292929,1
0.111111111111111,0.939393939393939,1
0.111111111111111,0.94949494949495,1
0.111111111111111,0.95959595959596,1
0.111111111111111,0.96969696969697,1
0.111111111111111,0.97979797979798,1
0.111111111111111,0.98989898989899,1
0.111111111111111,1,1
0.121212121212121,0,-1
0.121212121212121,0.0101010101010101,1
0.121212121212121,0.0202020202020202,1
0.121212121212121,0.0303030303030303,1
0.121212121212121,0.0404040404040404,1
0.121212121212121,0.0505050505050505,1
0.121212121212121,0.0606060606060606,1
0.121212121212121,0.0707070707070707,1
0.121212121212121,0.0808080808080808,1
0.121212121212121,0.0909090909090909,1
0.121212121212121,0.101010101010101,1
0.121212121212121,0.111111111111111,1
0.121212121212121,0.121212121212121,1
0.121212121212121,0.131313131313131,1
0.121212121212121,0.141414141414141,1
0.121212121212121,0.151515151515152,1
0.121212121212121,0.161616161616162,1
0.121212121212121,0.171717171717172,1
0.121212121212121,0.181818181818182,0
0.121212121212121,0.191919191919192,0
0.121212121212121,0.202020202020202,0
0.121212121212121,0.212121212121212,0
0.121212121212121,0.222222222222222,0
0.121212121212121,0.232323232323232,0
0.121212121212121,0.242424242424242,0
0.121212121212121,0.252525252525253,1
0.121212121212121,0.262626262626263,1
0.121212121212121,0.272727272727273,1
0.121212121212121,0.282828282828283,1
0.121212121212121,0.292929292929293,1
0.121212121212121,0.303030303030303,1
0.121212121212121,0.313131313131313,1
0.121212121212121,0.323232323232323,1
0.121212121212121,0.333333333333333,1
0.121212121212121,0.343434343434343,1
0.121212121212121,0.353535353535354,1
0.121212121212121,0.363636363636364,1
0.121212121212121,0.373737373737374,1
0.121212121212121,0.383838383838384,1
0.121212121212121,0.393939393939394,1
0.121212121212121,0.404040404040404,1
0.121212121212121,0.414141414141414,1
0.121212121212121,0.424242424242424,1
0.121212121212121,0.434343434343434,1
0.121212121212121,0.444444444444444,1
0.121212121212121,0.454545454545455,1
0.121212121212121,0.464646464646465,1
0.121212121212121,0.474747474747475,1
0.121212121212121,0.484848484848485,1
0.121212121212121,0.494949494949495,1
0.121212121212121,0.505050505050505,1
0.121212121212121,0.515151515151515,1
0.121212121212121,0.525252525252525,1
0.121212121212121,0.535353535353535,1
0.121212121212121,0.545454545454545,1
0.121212121212121,0.555555555555556,1
0.121212121212121,0.565656565656566,1
0.121212121212121,0.575757575757576,1
0.121212121212121,0.585858585858586,1
0.121212121212121,0.595959595959596,1
0.121212121212121,0.606060606060606,1
0.121212121212121,0.616161616161616,1
0.121212121212121,0.626262626262626,1
0.121212121212121,0.636363636363636,1
0.121212121212121,0.646464646464647,1
0.121212121212121,0.656565656565657,1
0.121212121212121,0.666666666666667,1
0.121212121212121,0.676767676767677,1
0.121212121212121,0.686868686868687,1
0.121212121212121,0.696969696969697,1
0.121212121212121,0.707070707070707,1
0.121212121212121,0.717171717171717,1
0.121212121212121,0.727272727272727,1
0.121212121212121,0.737373737373737,1
0.121212121212121,0.747474747474748,1
0.121212121212121,0.757575757575758,1
0.121212121212121,0.767676767676768,1
0.121212121212121,0.777777777777778,1
0.121212121212121,0.787878787878788,1
0.121212121212121,0.797979797979798,1
0.121212121212121,0.808080808080808,1
0.121212121212121,0.818181818181818,1
0.121212121212121,0.828282828282828,1
0.121212121212121,0.838383838383838,1
0.121212121212121,0.848484848484849,1
0.121212121212121,0.858585858585859,1
0.121212121212121,0.868686868686869,1
0.121212121212121,0.878787878787879,1
0.121212121212121,0.888888888888889,1
0.121212121212121,0.898989898989899,1
0.121212121212121,0.909090909090909,1
0.121212121212121,0.919191919191919,1
0.121212121212121,0.929292929292929,1
0.121212121212121,0.939393939393939,1
0.121212121212121,0.94949494949495,1
0.121212121212121,0.95959595959596,1
0.121212121212121,0.96969696969697,1
0.121212121212121,0.97979797979798,1
0.121212121212121,0.98989898989899,1
0.121212121212121,1,1
0.131313131313131,0,-1
0.131313131313131,0.0101010101010101,1
0.131313131313131,0.0202020202020202,1
0.131313131313131,0.0303030303030303,1
0.131313131313131,0.0404040404040404,1
0.131313131313131,0.0505050505050505,1
0.131313131313131,0.0606060606060606,1
0.131313131313131,0.0707070707070707,1
0.131313131313131,0.0808080808080808,1
0.131313131313131,0.0909090909090909,1
0.131313131313131,0.101010101010101,1
0.131313131313131,0.111111111111111,1
0.131313131313131,0.121212121212121,1
0.131313131313131,0.131313131313131,1
0.131313131313131,0.141414141414141,1
0.131313131313131,0.151515151515152,1
0.131313131313131,0.161616161616162,1
0.131313131313131,0.171717171717172,1
0.131313131313131,0.181818181818182,1
0.131313131313131,0.191919191919192,1
0.131313131313131,0.202020202020202,1
0.131313131313131,0.212121212121212,1
0.131313131313131,0.222222222222222,0
0.131313131313131,0.232323232323232,0
0.131313131313131,0.242424242424242,0
0.131313131313131,0.252525252525253,0
0.131313131313131,0.262626262626263,0
0.131313131313131,0.272727272727273,0
0.131313131313131,0.282828282828283,1
0.131313131313131,0.292929292929293,1
0.131313131313131,0.303030303030303,1
0.131313131313131,0.313131313131313,1
0.131313131313131,0.323232323232323,1
0.131313131313131,0.333333333333333,1
0.131313131313131,0.343434343434343,1
0.131313131313131,0.353535353535354,1
0.131313131313131,0.363636363636364,1
0.131313131313131,0.373737373737374,1
0.131313131313131,0.383838383838384,1
0.131313131313131,0.393939393939394,1
0.131313131313131,0.404040404040404,1
0.131313131313131,0.414141414141414,1
0.131313131313131,0.424242424242424,1
0.131313131313131,0.434343434343434,1
0.131313131313131,0.444444444444444,1
0.131313131313131,0.454545454545455,1
0.131313131313131,0.464646464646465,1
0.131313131313131,0.474747474747475,1
0.131313131313131,0.484848484848485,1
0.131313131313131,0.494949494949495,1
0.131313131313131,0.505050505050505,1
0.131313131313131,0.515151515151515,1
0.131313131313131,0.525252525252525,1
0.131313131313131,0.535353535353535,1
0.131313131313131,0.545454545454545,1
0.131313131313131,0.555555555555556,1
0.131313131313131,0.565656565656566,1
0.131313131313131,0.575757575757576,1
0.131313131313131,0.585858585858586,1
0.131313131313131,0.595959595959596,1
0.131313131313131,0.606060606060606,1
0.131313131313131,0.616161616161616,1
0.131313131313131,0.626262626262626,1
0.131313131313131,0.636363636363636,1
0.131313131313131,0.646464646464647,1
0.131313131313131,0.656565656565657,1
0.131313131313131,0.666666666666667,1
0.131313131313131,0.676767676767677,1
0.131313131313131,0.686868686868687,1
0.131313131313131,0.696969696969697,1
0.131313131313131,0.707070707070707,1
0.131313131313131,0.717171717171717,1
0.131313131313131,0.727272727272727,1
0.131313131313131,0.737373737373737,1
0.131313131313131,0.747474747474748,1
0.131313131313131,0.757575757575758,1
0.131313131313131,0.767676767676768,1
0.131313131313131,0.777777777777778,1
0.131313131313131,0.787878787878788,1
0.131313131313131,0.797979797979798,1
0.131313131313131,0.808080808080808,1
0.131313131313131,0.818181818181818,1
0.131313131313131,0.828282828282828,1
0.131313131313131,0.838383838383838,1
0.131313131313131,0.848484848484849,1
0.131313131313131,0.858585858585859,1
0.131313131313131,0.868686868686869,1
0.131313131313131,0.878787878787879,1
0.131313131313131,0.888888888888889,1
0.131313131313131,0.898989898989899,1
0.131313131313131,0.909090909090909,1
0.131313131313131,0.919191919191919,1
0.131313131313131,0.929292929292929,1
0.131313131313131,0.939393939393939,1
0.131313131313131,0.94949494949495,1
0.131313131313131,0.95959595959596,1
0.131313131313131,0.96969696969697,1
0.131313131313131,0.97979797979798,1
0.131313131313131,0.98989898989899,1
0.131313131313131,1,1
0.141414141414141,0,-1
0.141414141414141,0.0101010101010101,1
0.141414141414141,0.0202020202020202,1
0.141414141414141,0.0303030303030303,1
0.141414141414141,0.0404040404040404,1
0.141414141414141,0.0505050505050505,1
0.141414141414141,0.0606060606060606,1
0.141414141414141,0.0707070707070707,1
0.141414141414141,0.0808080808080808,1
0.141414141414141,0.0909090909090909,1
0.141414141414141,0.101010101010101,1
0.141414141414141,0.111111111111111,1
0.141414141414141,0.121212121212121,1
0.141414141414141,0.131313131313131,1
0.141414141414141,0.141414141414141,1
0.141414141414141,0.151515151515152,1
0.141414141414141,0.161616161616162,1
0.141414141414141,0.171717171717172,1
0.141414141414141,0.181818181818182,1
0.141414141414141,0.191919191919192,1
0.141414141414141,0.202020202020202,1
0.141414141414141,0.212121212121212,1
0.141414141414141,0.222222222222222,1
0.141414141414141,0.232323232323232,1
0.141414141414141,0.242424242424242,1
0.141414141414141,0.252525252525253,0
0.141414141414141,0.262626262626263,0
0.141414141414141,0.272727272727273,0
0.141414141414141,0.282828282828283,0
0.141414141414141,0.292929292929293,0
0.141414141414141,0.303030303030303,0
0.141414141414141,0.313131313131313,0
0.141414141414141,0.323232323232323,1
0.141414141414141,0.333333333333333,1
0.141414141414141,0.343434343434343,1
0.141414141414141,0.353535353535354,1
0.141414141414141,0.363636363636364,1
0.141414141414141,0.373737373737374,1
0.141414141414141,0.383838383838384,1
0.141414141414141,0.393939393939394,1
0.141414141414141,0.404040404040404,1
0.141414141414141,0.414141414141414,1
0.141414141414141,0.424242424242424,1
0.141414141414141,0.434343434343434,1
0.141414141414141,0.444444444444444,1
0.141414141414141,0.454545454545455,1
0.141414141414141,0.464646464646465,1
0.141414141414141,0.474747474747475,1
0.141414141414141,0.484848484848485,1
0.141414141414141,0.494949494949495,1
0.141414141414141,0.505050505050505,1
0.141414141414141,0.515151515151515,1
0.141414141414141,0.525252525252525,1
0.141414141414141,0.535353535353535,1
0.141414141414141,0.545454545454545,1
0.141414141414141,0.555555555555556,1
0.141414141414141,0.565656565656566,1
0.141414141414141,0.575757575757576,1
0.141414141414141,0.585858585858586,1
0.141414141414141,0.595959595959596,1
0.141414141414141,0.606060606060606,1
0.141414141414141,0.616161616161616,1
0.141414141414141,0.626262626262626,1
0.141414141414141,0.636363636363636,1
0.141414141414141,0.646464646464647,1
0.141414141414141,0.656565656565657,1
0.141414141414141,0.666666666666667,1
0.141414141414141,0.676767676767677,1
0.141414141414141,0.686868686868687,1
0.141414141414141,0.696969696969697,1
0.141414141414141,0.707070707070707,1
0.141414141414141,0.717171717171717,1
0.141414141414141,0.727272727272727,1
0.141414141414141,0.737373737373737,1
0.141414141414141,0.747474747474748,1
0.141414141414141,0.757575757575758,1
0.141414141414141,0.767676767676768,1
0.141414141414141,0.777777777777778,1
0.141414141414141,0.787878787878788,1
0.141414141414141,0.797979797979798,1
0.141414141414141,0.808080808080808,1
0.141414141414141,0.818181818181818,1
0.141414141414141,0.828282828282828,1
0.141414141414141,0.838383838383838,1
0.141414141414141,0.848484848484849,1
0.141414141414141,0.858585858585859,1
0.141414141414141,0.868686868686869,1
0.141414141414141,0.878787878787879,1
0.141414141414141,0.888888888888889,1
0.141414141414141,0.898989898989899,1
0.141414141414141,0.909090909090909,1
0.141414141414141,0.919191919191919,1
0.141414141414141,0.929292929292929,1
0.141414141414141,0.939393939393939,1
0.141414141414141,0.94949494949495,1
0.141414141414141,0.95959595959596,1
0.141414141414141,0.96969696969697,1
0.141414141414141,0.97979797979798,1
0.141414141414141,0.98989898989899,1
0.141414141414141,1,1
0.151515151515152,0,-1
0.151515151515152,0.0101010101010101,1
0.151515151515152,0.0202020202020202,1
0.151515151515152,0.0303030303030303,1
0.151515151515152,0.0404040404040404,0
0.151515151515152,0.0505050505050505,0
0.151515151515152,0.0606060606060606,0
0.151515151515152,0.0707070707070707,1
0.151515151515152,0.0808080808080808,1
0.151515151515152,0.0909090909090909,1
0.151515151515152,0.101010101010101,1
0.151515151515152,0.111111111111111,1
0.151515151515152,0.121212121212121,1
0.151515151515152,0.131313131313131,1
0.151515151515152,0.141414141414141,1
0.151515151515152,0.151515151515152,1
0.151515151515152,0.161616161616162,1
0.151515151515152,0.171717171717172,1
0.151515151515152,0.181818181818182,1
0.151515151515152,0.191919191919192,1
0.151515151515152,0.202020202020202,1
0.151515151515152,0.212121212121212,1
0.151515151515152,0.222222222222222,1
0.151515151515152,0.232323232323232,1
0.151515151515152,0.242424242424242,1
0.151515151515152,0.252525252525253,1
0.151515151515152,0.262626262626263,0
0.151515151515152,0.272727272727273,0
0.151515151515152,0.282828282828283,0
0.151515151515152,0.292929292929293,0
0.151515151515152,0.303030303030303,0
0.151515151515152,0.313131313131313,0
0.151515151515152,0.323232323232323,0
0.151515151515152,0.333333333333333,0
0.151515151515152,0.343434343434343,0
0.151515151515152,0.353535353535354,0
0.151515151515152,0.363636363636364,1
0.151515151515152,0.373737373737374,1
0.151515151515152,0.383838383838384,1
0.151515151515152,0.393939393939394,1
0.151515151515152,0.404040404040404,1
0.151515151515152,0.414141414141414,1
0.151515151515152,0.424242424242424,1
0.151515151515152,0.434343434343434,1
0.151515151515152,0.444444444444444,1
0.151515151515152,0.454545454545455,1
0.151515151515152,0.464646464646465,1
0.151515151515152,0.474747474747475,1
0.151515151515152,0.484848484848485,1
0.151515151515152,0.494949494949495,1
0.151515151515152,0.505050505050505,1
0.151515151515152,0.515151515151515,1
0.151515151515152,0.525252525252525,1
0.151515151515152,0.535353535353535,1
0.151515151515152,0.545454545454545,1
0.151515151515152,0.555555555555556,1
0.151515151515152,0.565656565656566,1
0.151515151515152,0.575757575757576,1
0.151515151515152,0.585858585858586,1
0.151515151515152,0.595959595959596,1
0.151515151515152,0.606060606060606,1
0.151515151515152,0.616161616161616,1
0.151515151515152,0.626262626262626,1
0.151515151515152,0.636363636363636,1
0.151515151515152,0.646464646464647,1
0.151515151515152,0.656565656565657,1
0.151515151515152,0.666666666666667,1
0.151515151515152,0.676767676767677,1
0.151515151515152,0.686868686868687,1
0.151515151515152,0.696969696969697,1
0.151515151515152,0.707070707070707,1
0.151515151515152,0.717171717171717,1
0.151515151515152,0.727272727272727,1
0.151515151515152,0.737373737373737,1
0.151515151515152,0.747474747474748,1
0.151515151515152,0.757575757575758,1
0.151515151515152,0.767676767676768,1
0.151515151515152,0.777777777777778,1
0.151515151515152,0.787878787878788,1
0.151515151515152,0.797979797979798,1
0.151515151515152,0.808080808080808,1
0.151515151515152,0.818181818181818,1
0.151515151515152,0.828282828282828,1
0.151515151515152,0.838383838383838,1
0.151515151515152,0.848484848484849,1
0.151515151515152,0.858585858585859,1
0.151515151515152,0.868686868686869,1
0.151515151515152,0.878787878787879,1
0.151515151515152,0.888888888888889,1
0.151515151515152,0.898989898989899,1
0.151515151515152,0.909090909090909,1
0.151515151515152,0.919191919191919,1
0.151515151515152,0.929292929292929,1
0.151515151515152,0.939393939393939,1
0.151515151515152,0.94949494949495,1
0.151515151515152,0.95959595959596,1
0.151515151515152,0.96969696969697,1
0.151515151515152,0.97979797979798,1
0.151515151515152,0.98989898989899,1
0.151515151515152,1,1
0.161616161616162,0,-1
0.161616161616162,0.0101010101010101,1
0.161616161616162,0.0202020202020202,1
0.161616161616162,0.0303030303030303,1
0.161616161616162,0.0404040404040404,0
0.161616161616162,0.0505050505050505,0
0.161616161616162,0.0606060606060606,0
0.161616161616162,0.0707070707070707,0
0.161616161616162,0.0808080808080808,1
0.161616161616162,0.0909090909090909,1
0.161616161616162,0.101010101010101,1
0.161616161616162,0.111111111111111,1
0.161616161616162,0.121212121212121,1
0.161616161616162,0.131313131313131,1
0.161616161616162,0.141414141414141,1
0.161616161616162,0.151515151515152,1
0.161616161616162,0.161616161616162,1
0.161616161616162,0.171717171717172,1
0.161616161616162,0.181818181818182,1
0.161616161616162,0.191919191919192,1
0.161616161616162,0.202020202020202,1
0.161616161616162,0.212121212121212,1
0.161616161616162,0.222222222222222,1
0.161616161616162,0.232323232323232,1
0.161616161616162,0.242424242424242,1
0.161616161616162,0.252525252525253,1
0.161616161616162,0.262626262626263,1
0.161616161616162,0.272727272727273,1
0.161616161616162,0.282828282828283,1
0.161616161616162,0.292929292929293,1
0.161616161616162,0.303030303030303,0
0.161616161616162,0.313131313131313,0
0.161616161616162,0.323232323232323,0
0.161616161616162,0.333333333333333,0
0.161616161616162,0.343434343434343,0
0.161616161616162,0.353535353535354,0
0.161616161616162,0.363636363636364,0
0.161616161616162,0.373737373737374,0
0.161616161616162,0.383838383838384,1
0.161616161616162,0.393939393939394,1
0.161616161616162,0.404040404040404,1
0.161616161616162,0.414141414141414,1
0.161616161616162,0.424242424242424,1
0.161616161616162,0.434343434343434,1
0.161616161616162,0.444444444444444,1
0.161616161616162,0.454545454545455,1
0.161616161616162,0.464646464646465,1
0.161616161616162,0.474747474747475,1
0.161616161616162,0.484848484848485,1
0.161616161616162,0.494949494949495,1
0.161616161616162,0.505050505050505,1
0.161616161616162,0.515151515151515,1
0.161616161616162,0.525252525252525,1
0.161616161616162,0.535353535353535,1
0.161616161616162,0.545454545454545,1
0.161616161616162,0.555555555555556,1
0.161616161616162,0.565656565656566,1
0.161616161616162,0.575757575757576,1
0.161616161616162,0.585858585858586,1
0.161616161616162,0.595959595959596,1
0.161616161616162,0.606060606060606,1
0.161616161616162,0.616161616161616,1
0.161616161616162,0.626262626262626,1
0.161616161616162,0.636363636363636,1
0.161616161616162,0.646464646464647,1
0.161616161616162,0.656565656565657,1
0.161616161616162,0.666666666666667,1
0.161616161616162,0.676767676767677,1
0.161616161616162,0.686868686868687,1
0.161616161616162,0.696969696969697,1
0.161616161616162,0.707070707070707,1
0.161616161616162,0.717171717171717,1
0.161616161616162,0.727272727272727,1
0.161616161616162,0.737373737373737,1
0.161616161616162,0.747474747474748,1
0.161616161616162,0.757575757575758,1
0.161616161616162,0.767676767676768,1
0.161616161616162,0.777777777777778,1
0.161616161616162,0.787878787878788,1
0.161616161616162,0.797979797979798,1
0.161616161616162,0.808080808080808,1
0.161616161616162,0.818181818181818,1
0.161616161616162,0.828282828282828,1
0.161616161616162,0.838383838383838,1
0.161616161616162,0.848484848484849,1
0.161616161616162,0.858585858585859,1
0.161616161616162,0.868686868686869,1
0.161616161616162,0.878787878787879,1
0.161616161616162,0.888888888888889,1
0.161616161616162,0.898989898989899,1
0.161616161616162,0.909090909090909,1
0.161616161616162,0.919191919191919,1
0.161616161616162,0.929292929292929,1
0.161616161616162,0.939393939393939,1
0.161616161616162,0.94949494949495,1
0.161616161616162,0.95959595959596,1
0.161616161616162,0.96969696969697,1
0.161616161616162,0.97979797979798,1
0.161616161616162,0.98989898989899,1
0.161616161616162,1,1
0.171717171717172,0,-1
0.171717171717172,0.0101010101010101,1
0.171717171717172,0.0202020202020202,1
0.171717171717172,0.0303030303030303,1
0.171717171717172,0.0404040404040404,0
0.171717171717172,0.0505050505050505,0
0.171717171717172,0.0606060606060606,0
0.171717171717172,0.0707070707070707,0
0.171717171717172,0.0808080808080808,0
0.171717171717172,0.0909090909090909,1
0.171717171717172,0.101010101010101,1
0.171717171717172,0.111111111111111,1
0.171717171717172,0.121212121212121,1
0.171717171717172,0.131313131313131,1
0.171717171717172,0.141414141414141,1
0.171717171717172,0.151515151515152,1
0.171717171717172,0.161616161616162,1
0.171717171717172,0.171717171717172,1
0.171717171717172,0.181818181818182,1
0.171717171717172,0.191919191919192,1
0.171717171717172,0.202020202020202,1
0.171717171717172,0.212121212121212,1
0.171717171717172,0.222222222222222,1
0.171717171717172,0.232323232323232,1
0.171717171717172,0.242424242424242,1
0.171717171717172,0.252525252525253,1
0.171717171717172,0.262626262626263,1
0.171717171717172,0.272727272727273,1
0.171717171717172,0.282828282828283,1
0.171717171717172,0.292929292929293,1
0.171717171717172,0.303030303030303,1
0.171717171717172,0.313131313131313,0
0.171717171717172,0.323232323232323,0
0.171717171717172,0.333333333333333,0
0.171717171717172,0.343434343434343,0
0.171717171717172,0.353535353535354,0
0.171717171717172,0.363636363636364,0
0.171717171717172,0.373737373737374,0
0.171717171717172,0.383838383838384,0
0.171717171717172,0.393939393939394,1
0.171717171717172,0.404040404040404,1
0.171717171717172,0.414141414141414,1
0.171717171717172,0.424242424242424,1
0.171717171717172,0.434343434343434,1
0.171717171717172,0.444444444444444,1
0.171717171717172,0.454545454545455,1
0.171717171717172,0.464646464646465,1
0.171717171717172,0.474747474747475,1
0.171717171717172,0.484848484848485,1
0.171717171717172,0.494949494949495,1
0.171717171717172,0.505050505050505,1
0.171717171717172,0.515151515151515,1
0.171717171717172,0.525252525252525,1
0.171717171717172,0.535353535353535,1
0.171717171717172,0.545454545454545,1
0.171717171717172,0.555555555555556,1
0.171717171717172,0.565656565656566,1
0.171717171717172,0.575757575757576,1
0.171717171717172,0.585858585858586,1
0.171717171717172,0.595959595959596,1
0.171717171717172,0.606060606060606,1
0.171717171717172,0.616161616161616,1
0.171717171717172,0.626262626262626,1
0.171717171717172,0.636363636363636,1
0.171717171717172,0.646464646464647,1
0.171717171717172,0.656565656565657,1
0.171717171717172,0.666666666666667,1
0.171717171717172,0.676767676767677,1
0.171717171717172,0.686868686868687,1
0.171717171717172,0.696969696969697,1
0.171717171717172,0.707070707070707,1
0.171717171717172,0.717171717171717,1
0.171717171717172,0.727272727272727,1
0.171717171717172,0.737373737373737,1
0.171717171717172,0.747474747474748,1
0.171717171717172,0.757575757575758,1
0.171717171717172,0.767676767676768,1
0.171717171717172,0.777777777777778,1
0.171717171717172,0.787878787878788,1
0.171717171717172,0.797979797979798,1
0.171717171717172,0.808080808080808,1
0.171717171717172,0.818181818181818,1
0.171717171717172,0.828282828282828,1
0.171717171717172,0.838383838383838,1
0.171717171717172,0.848484848484849,1
0.171717171717172,0.858585858585859,1
0.171717171717172,0.868686868686869,1
0.171717171717172,0.878787878787879,1
0.171717171717172,0.888888888888889,1
0.171717171717172,0.898989898989899,1
0.171717171717172,0.909090909090909,1
0.171717171717172,0.919191919191919,1
0.171717171717172,0.929292929292929,1
0.171717171717172,0.939393939393939,1
0.171717171717172,0.94949494949495,1
0.171717171717172,0.95959595959596,1
0.171717171717172,0.96969696969697,1
0.171717171717172,0.97979797979798,1
0.171717171717172,0.98989898989899,1
0.171717171717172,1,1
0.181818181818182,0,-1
0.181818181818182,0.0101010101010101,1
0.181818181818182,0.0202020202020202,1
0.181818181818182,0.0303030303030303,0
0.181818181818182,0.0404040404040404,0
0.181818181818182,0.0505050505050505,0
0.181818181818182,0.0606060606060606,0
0.181818181818182,0.0707070707070707,0
0.181818181818182,0.0808080808080808,0
0.181818181818182,0.0909090909090909,0
0.181818181818182,0.101010101010101,1
0.181818181818182,0.111111111111111,1
0.181818181818182,0.121212121212121,1
0.181818181818182,0.131313131313131,1
0.181818181818182,0.141414141414141,1
0.181818181818182,0.151515151515152,1
0.181818181818182,0.161616161616162,1
0.181818181818182,0.171717171717172,1
0.181818181818182,0.181818181818182,1
0.181818181818182,0.191919191919192,1
0.181818181818182,0.202020202020202,1
0.181818181818182,0.212121212121212,1
0.181818181818182,0.222222222222222,1
0.181818181818182,0.232323232323232,1
0.181818181818182,0.242424242424242,1
0.181818181818182,0.252525252525253,1
0.181818181818182,0.262626262626263,1
0.181818181818182,0.272727272727273,1
0.181818181818182,0.282828282828283,1
0.181818181818182,0.292929292929293,1
0.181818181818182,0.303030303030303,1
0.181818181818182,0.313131313131313,1
0.181818181818182,0.323232323232323,1
0.181818181818182,0.333333333333333,0
0.181818181818182,0.343434343434343,0
0.181818181818182,0.353535353535354,0
0.181818181818182,0.363636363636364,0
0.181818181818182,0.373737373737374,0
0.181818181818182,0.383838383838384,0
0.181818181818182,0.393939393939394,0
0.181818181818182,0.404040404040404,0
0.181818181818182,0.414141414141414,0
0.181818181818182,0.424242424242424,0
0.181818181818182,0.434343434343434,1
0.181818181818182,0.444444444444444,1
0.181818181818182,0.454545454545455,1
0.181818181818182,0.464646464646465,1
0.181818181818182,0.474747474747475,1
0.181818181818182,0.484848484848485,1
0.181818181818182,0.494949494949495,1
0.181818181818182,0.505050505050505,1
0.181818181818182,0.515151515151515,1
0.181818181818182,0.525252525252525,1
0.181818181818182,0.535353535353535,1
0.181818181818182,0.545454545454545,1
0.181818181818182,0.555555555555556,1
0.181818181818182,0.565656565656566,1
0.181818181818182,0.575757575757576,1
0.181818181818182,0.585858585858586,1
0.181818181818182,0.595959595959596,1
0.181818181818182,0.606060606060606,1
0.181818181818182,0.616161616161616,1
0.181818181818182,0.626262626262626,1
0.181818181818182,0.636363636363636,1
0.181818181818182,0.646464646464647,1
0.181818181818182,0.656565656565657,1
0.181818181818182,0.666666666666667,1
0.181818181818182,0.676767676767677,1
0.181818181818182,0.686868686868687,1
0.181818181818182,0.696969696969697,1
0.181818181818182,0.707070707070707,1
0.181818181818182,0.717171717171717,1
0.181818181818182,0.727272727272727,1
0.181818181818182,0.737373737373737,1
0.181818181818182,0.747474747474748,1
0.181818181818182,0.757575757575758,1
0.181818181818182,0.767676767676768,1
0.181818181818182,0.777777777777778,1
0.181818181818182,0.787878787878788,1
0.181818181818182,0.797979797979798,1
0.181818181818182,0.808080808080808,1
0.181818181818182,0.818181818181818,1
0.181818181818182,0.828282828282828,1
0.181818181818182,0.838383838383838,1
0.181818181818182,0.848484848484849,1
0.181818181818182,0.858585858585859,1
0.181818181818182,0.868686868686869,1
0.181818181818182,0.878787878787879,1
0.181818181818182,0.888888888888889,1
0.181818181818182,0.898989898989899,1
0.181818181818182,0.909090909090909,1
0.181818181818182,0.919191919191919,1
0.181818181818182,0.929292929292929,1
0.181818181818182,0.939393939393939,1
0.181818181818182,0.94949494949495,1
0.181818181818182,0.95959595959596,1
0.181818181818182,0.96969696969697,1
0.181818181818182,0.97979797979798,1
0.181818181818182,0.98989898989899,1
0.181818181818182,1,1
0.191919191919192,0,-1
0.191919191919192,0.0101010101010101,1
0.191919191919192,0.0202020202020202,1
0.191919191919192,0.0303030303030303,0
0.191919191919192,0.0404040404040404,0
0.191919191919192,0.0505050505050505,0
0.191919191919192,0.0606060606060606,0
0.191919191919192,0.0707070707070707,0
0.191919191919192,0.0808080808080808,0
0.191919191919192,0.0909090909090909,0
0.191919191919192,0.101010101010101,0
0.191919191919192,0.111111111111111,1
0.191919191919192,0.121212121212121,1
0.191919191919192,0.131313131313131,1
0.191919191919192,0.141414141414141,1
0.191919191919192,0.151515151515152,1
0.191919191919192,0.161616161616162,1
0.191919191919192,0.171717171717172,1
0.191919191919192,0.181818181818182,1
0.191919191919192,0.191919191919192,1
0.191919191919192,0.202020202020202,1
0.191919191919192,0.212121212121212,1
0.191919191919192,0.222222222222222,1
0.191919191919192,0.232323232323232,1
0.191919191919192,0.242424242424242,1
0.191919191919192,0.252525252525253,1
0.191919191919192,0.262626262626263,1
0.191919191919192,0.272727272727273,1
0.191919191919192,0.282828282828283,1
0.191919191919192,0.292929292929293,1
0.191919191919192,0.303030303030303,1
0.191919191919192,0.313131313131313,1
0.191919191919192,0.323232323232323,1
0.191919191919192,0.333333333333333,1
0.191919191919192,0.343434343434343,1
0.191919191919192,0.353535353535354,1
0.191919191919192,0.363636363636364,0
0.191919191919192,0.373737373737374,0
0.191919191919192,0.383838383838384,0
0.191919191919192,0.393939393939394,0
0.191919191919192,0.404040404040404,0
0.191919191919192,0.414141414141414,0
0.191919191919192,0.424242424242424,0
0.191919191919192,0.434343434343434,1
0.191919191919192,0.444444444444444,1
0.191919191919192,0.454545454545455,1
0.191919191919192,0.464646464646465,1
0.191919191919192,0.474747474747475,1
0.191919191919192,0.484848484848485,1
0.191919191919192,0.494949494949495,1
0.191919191919192,0.505050505050505,1
0.191919191919192,0.515151515151515,1
0.191919191919192,0.525252525252525,1
0.191919191919192,0.535353535353535,1
0.191919191919192,0.545454545454545,1
0.191919191919192,0.555555555555556,1
0.191919191919192,0.565656565656566,1
0.191919191919192,0.575757575757576,1
0.191919191919192,0.585858585858586,1
0.191919191919192,0.595959595959596,1
0.191919191919192,0.606060606060606,1
0.191919191919192,0.616161616161616,1
0.191919191919192,0.626262626262626,1
0.191919191919192,0.636363636363636,1
0.191919191919192,0.646464646464647,1
0.191919191919192,0.656565656565657,1
0.191919191919192,0.666666666666667,1
0.191919191919192,0.676767676767677,1
0.191919191919192,0.686868686868687,1
0.191919191919192,0.696969696969697,1
0.191919191919192,0.707070707070707,1
0.191919191919192,0.717171717171717,1
0.191919191919192,0.727272727272727,1
0.191919191919192,0.737373737373737,1
0.191919191919192,0.747474747474748,1
0.191919191919192,0.757575757575758,1
0.191919191919192,0.767676767676768,1
0.191919191919192,0.777777777777778,1
0.191919191919192,0.787878787878788,1
0.191919191919192,0.797979797979798,1
0.191919191919192,0.808080808080808,1
0.191919191919192,0.818181818181818,1
0.191919191919192,0.828282828282828,1
0.191919191919192,0.838383838383838,1
0.191919191919192,0.848484848484849,1
0.191919191919192,0.858585858585859,1
0.191919191919192,0.868686868686869,1
0.191919191919192,0.878787878787879,1
0.191919191919192,0.888888888888889,1
0.191919191919192,0.898989898989899,1
0.191919191919192,0.909090909090909,1
0.191919191919192,0.919191919191919,1
0.191919191919192,0.929292929292929,1
0.191919191919192,0.939393939393939,1
0.191919191919192,0.94949494949495,1
0.191919191919192,0.95959595959596,1
0.191919191919192,0.96969696969697,1
0.191919191919192,0.97979797979798,1
0.191919191919192,0.98989898989899,1
0.191919191919192,1,1
0.202020202020202,0,-1
0.202020202020202,0.0101010101010101,1
0.202020202020202,0.0202020202020202,1
0.202020202020202,0.0303030303030303,0
0.202020202020202,0.0404040404040404,0
0.202020202020202,0.0505050505050505,0
0.202020202020202,0.0606060606060606,0
0.202020202020202,0.0707070707070707,0
0.202020202020202,0.0808080808080808,0
0.202020202020202,0.0909090909090909,0
0.202020202020202,0.101010101010101,0
0.202020202020202,0.111111111111111,0
0.202020202020202,0.121212121212121,1
0.202020202020202,0.131313131313131,1
0.202020202020202,0.141414141414141,1
0.202020202020202,0.151515151515152,1
0.202020202020202,0.161616161616162,1
0.202020202020202,0.171717171717172,1
0.202020202020202,0.181818181818182,1
0.202020202020202,0.191919191919192,1
0.202020202020202,0.202020202020202,1
0.202020202020202,0.212121212121212,1
0.202020202020202,0.222222222222222,1
0.202020202020202,0.232323232323232,1
0.202020202020202,0.242424242424242,1
0.202020202020202,0.252525252525253,1
0.202020202020202,0.262626262626263,1
0.202020202020202,0.272727272727273,1
0.202020202020202,0.282828282828283,1
0.202020202020202,0.292929292929293,1
0.202020202020202,0.303030303030303,1
0.202020202020202,0.313131313131313,1
0.202020202020202,0.323232323232323,1
0.202020202020202,0.333333333333333,1
0.202020202020202,0.343434343434343,1
0.202020202020202,0.353535353535354,1
0.202020202020202,0.363636363636364,1
0.202020202020202,0.373737373737374,0
0.202020202020202,0.383838383838384,0
0.202020202020202,0.393939393939394,0
0.202020202020202,0.404040404040404,0
0.202020202020202,0.414141414141414,0
0.202020202020202,0.424242424242424,0
0.202020202020202,0.434343434343434,0
0.202020202020202,0.444444444444444,0
0.202020202020202,0.454545454545455,1
0.202020202020202,0.464646464646465,1
0.202020202020202,0.474747474747475,1
0.202020202020202,0.484848484848485,1
0.202020202020202,0.494949494949495,1
0.202020202020202,0.505050505050505,1
0.202020202020202,0.515151515151515,1
0.202020202020202,0.525252525252525,1
0.202020202020202,0.535353535353535,1
0.202020202020202,0.545454545454545,1
0.202020202020202,0.555555555555556,1
0.202020202020202,0.565656565656566,1
0.202020202020202,0.575757575757576,1
0.202020202020202,0.585858585858586,1
0.202020202020202,0.595959595959596,1
0.202020202020202,0.606060606060606,1
0.202020202020202,0.616161616161616,1
0.202020202020202,0.626262626262626,1
0.202020202020202,0.636363636363636,1
0.202020202020202,0.646464646464647,1
0.202020202020202,0.656565656565657,1
0.202020202020202,0.666666666666667,1
0.202020202020202,0.676767676767677,1
0.202020202020202,0.686868686868687,1
0.202020202020202,0.696969696969697,1
0.202020202020202,0.707070707070707,1
0.202020202020202,0.717171717171717,1
0.202020202020202,0.727272727272727,1
0.202020202020202,0.737373737373737,1
0.202020202020202,0.747474747474748,1
0.202020202020202,0.757575757575758,1
0.202020202020202,0.767676767676768,1
0.202020202020202,0.777777777777778,1
0.202020202020202,0.787878787878788,1
0.202020202020202,0.797979797979798,1
0.202020202020202,0.808080808080808,1
0.202020202020202,0.818181818181818,1
0.202020202020202,0.828282828282828,1
0.202020202020202,0.838383838383838,1
0.202020202020202,0.848484848484849,1
0.202020202020202,0.858585858585859,1
0.202020202020202,0.868686868686869,1
0.202020202020202,0.878787878787879,1
0.202020202020202,0.888888888888889,1
0.202020202020202,0.898989898989899,1
0.202020202020202,0.909090909090909,1
0.202020202020202,0.919191919191919,1
0.202020202020202,0.929292929292929,1
0.202020202020202,0.939393939393939,1
0.202020202020202,0.94949494949495,1
0.202020202020202,0.95959595959596,1
0.202020202020202,0.96969696969697,1
0.202020202020202,0.97979797979798,1
0.202020202020202,0.98989898989899,1
0.202020202020202,1,1
0.212121212121212,0,-1
0.212121212121212,0.0101010101010101,1
0.212121212121212,0.0202020202020202,1
0.212121212121212,0.0303030303030303,0
0.212121212121212,0.0404040404040404,0
0.212121212121212,0.0505050505050505,0
0.212121212121212,0.0606060606060606,0
0.212121212121212,0.0707070707070707,0
0.212121212121212,0.0808080808080808,0
0.212121212121212,0.0909090909090909,0
0.212121212121212,0.101010101010101,0
0.212121212121212,0.111111111111111,0
0.212121212121212,0.121212121212121,0
0.212121212121212,0.131313131313131,1
0.212121212121212,0.141414141414141,1
0.212121212121212,0.151515151515152,1
0.212121212121212,0.161616161616162,1
0.212121212121212,0.171717171717172,1
0.212121212121212,0.181818181818182,1
0.212121212121212,0.191919191919192,1
0.212121212121212,0.202020202020202,1
0.212121212121212,0.212121212121212,1
0.212121212121212,0.222222222222222,1
0.212121212121212,0.232323232323232,1
0.212121212121212,0.242424242424242,1
0.212121212121212,0.252525252525253,1
0.212121212121212,0.262626262626263,1
0.212121212121212,0.272727272727273,1
0.212121212121212,0.282828282828283,1
0.212121212121212,0.292929292929293,1
0.212121212121212,0.303030303030303,1
0.212121212121212,0.313131313131313,1
0.212121212121212,0.323232323232323,1
0.212121212121212,0.333333333333333,1
0.212121212121212,0.343434343434343,1
0.212121212121212,0.353535353535354,1
0.212121212121212,0.363636363636364,1
0.212121212121212,0.373737373737374,1
0.212121212121212,0.383838383838384,0
0.212121212121212,0.393939393939394,0
0.212121212121212,0.404040404040404,0
0.212121212121212,0.414141414141414,0
0.212121212121212,0.424242424242424,0
0.212121212121212,0.434343434343434,0
0.212121212121212,0.444444444444444,0
0.212121212121212,0.454545454545455,0
0.212121212121212,0.464646464646465,1
0.212121212121212,0.474747474747475,1
0.212121212121212,0.484848484848485,1
0.212121212121212,0.494949494949495,1
0.212121212121212,0.505050505050505,1
0.212121212121212,0.515151515151515,1
0.212121212121212,0.525252525252525,1
0.212121212121212,0.535353535353535,1
0.212121212121212,0.545454545454545,1
0.212121212121212,0.555555555555556,1
0.212121212121212,0.565656565656566,1
0.212121212121212,0.575757575757576,1
0.212121212121212,0.585858585858586,1
0.212121212121212,0.595959595959596,1
0.212121212121212,0.606060606060606,1
0.212121212121212,0.616161616161616,1
0.212121212121212,0.626262626262626,1
0.212121212121212,0.636363636363636,1
0.212121212121212,0.646464646464647,1
0.212121212121212,0.656565656565657,1
0.212121212121212,0.666666666666667,1
0.212121212121212,0.676767676767677,1
0.212121212121212,0.686868686868687,1
0.212121212121212,0.696969696969697,1
0.212121212121212,0.707070707070707,1
0.212121212121212,0.717171717171717,1
0.212121212121212,0.727272727272727,1
0.212121212121212,0.737373737373737,1
0.212121212121212,0.747474747474748,1
0.212121212121212,0.757575757575758,1
0.212121212121212,0.767676767676768,1
0.212121212121212,0.777777777777778,1
0.212121212121212,0.787878787878788,1
0.212121212121212,0.797979797979798,1
0.212121212121212,0.808080808080808,1
0.212121212121212,0.818181818181818,1
0.212121212121212,0.828282828282828,1
0.212121212121212,0.838383838383838,1
0.212121212121212,0.848484848484849,1
0.212121212121212,0.858585858585859,1
0.212121212121212,0.868686868686869,1
0.212121212121212,0.878787878787879,1
0.212121212121212,0.888888888888889,1
0.212121212121212,0.898989898989899,1
0.212121212121212,0.909090909090909,1
0.212121212121212,0.919191919191919,1
0.212121212121212,0.929292929292929,1
0.212121212121212,0.939393939393939,1
0.212121212121212,0.94949494949495,1
0.212121212121212,0.95959595959596,1
0.212121212121212,0.96969696969697,1
0.212121212121212,0.97979797979798,1
0.212121212121212,0.98989898989899,1
0.212121212121212,1,1
0.222222222222222,0,-1
0.222222222222222,0.0101010101010101,1
0.222222222222222,0.0202020202020202,1
0.222222222222222,0.0303030303030303,0
0.222222222222222,0.0404040404040404,0
0.222222222222222,0.0505050505050505,0
0.222222222222222,0.0606060606060606,0
0.222222222222222,0.0707070707070707,0
0.222222222222222,0.0808080808080808,0
0.222222222222222,0.0909090909090909,0
0.222222222222222,0.101010101010101,0
0.222222222222222,0.111111111111111,0
0.222222222222222,0.121212121212121,0
0.222222222222222,0.131313131313131,0
0.222222222222222,0.141414141414141,1
0.222222222222222,0.151515151515152,1
0.222222222222222,0.161616161616162,1
0.222222222222222,0.171717171717172,1
0.222222222222222,0.181818181818182,1
0.222222222222222,0.191919191919192,1
0.222222222222222,0.202020202020202,1
0.222222222222222,0.212121212121212,1
0.222222222222222,0.222222222222222,1
0.222222222222222,0.232323232323232,1
0.222222222222222,0.242424242424242,1
0.222222222222222,0.252525252525253,1
0.222222222222222,0.262626262626263,1
0.222222222222222,0.272727272727273,1
0.222222222222222,0.282828282828283,1
0.222222222222222,0.292929292929293,1
0.222222222222222,0.303030303030303,1
0.222222222222222,0.313131313131313,1
0.222222222222222,0.323232323232323,1
0.222222222222222,0.333333333333333,1
0.222222222222222,0.343434343434343,1
0.222222222222222,0.353535353535354,1
0.222222222222222,0.363636363636364,1
0.222222222222222,0.373737373737374,1
0.222222222222222,0.383838383838384,1
0.222222222222222,0.393939393939394,0
0.222222222222222,0.404040404040404,0
0.222222222222222,0.414141414141414,0
0.222222222222222,0.424242424242424,0
0.222222222222222,0.434343434343434,0
0.222222222222222,0.444444444444444,0
0.222222222222222,0.454545454545455,0
0.222222222222222,0.464646464646465,1
0.222222222222222,0.474747474747475,1
0.222222222222222,0.484848484848485,0
0.222222222222222,0.494949494949495,1
0.222222222222222,0.505050505050505,1
0.222222222222222,0.515151515151515,1
0.222222222222222,0.525252525252525,1
0.222222222222222,0.535353535353535,1
0.222222222222222,0.545454545454545,1
0.222222222222222,0.555555555555556,1
0.222222222222222,0.565656565656566,1
0.222222222222222,0.575757575757576,1
0.222222222222222,0.585858585858586,1
0.222222222222222,0.595959595959596,1
0.222222222222222,0.606060606060606,1
0.222222222222222,0.616161616161616,1
0.222222222222222,0.626262626262626,1
0.222222222222222,0.636363636363636,1
0.222222222222222,0.646464646464647,1
0.222222222222222,0.656565656565657,1
0.222222222222222,0.666666666666667,1
0.222222222222222,0.676767676767677,1
0.222222222222222,0.686868686868687,1
0.222222222222222,0.696969696969697,1
0.222222222222222,0.707070707070707,1
0.222222222222222,0.717171717171717,1
0.222222222222222,0.727272727272727,1
0.222222222222222,0.737373737373737,1
0.222222222222222,0.747474747474748,1
0.222222222222222,0.757575757575758,1
0.222222222222222,0.767676767676768,1
0.222222222222222,0.777777777777778,1
0.222222222222222,0.787878787878788,1
0.222222222222222,0.797979797979798,1
0.222222222222222,0.808080808080808,1
0.222222222222222,0.818181818181818,1
0.222222222222222,0.828282828282828,1
0.222222222222222,0.838383838383838,1
0.222222222222222,0.848484848484849,1
0.222222222222222,0.858585858585859,1
0.222222222222222,0.868686868686869,1
0.222222222222222,0.878787878787879,1
0.222222222222222,0.888888888888889,1
0.222222222222222,0.898989898989899,1
0.222222222222222,0.909090909090909,1
0.222222222222222,0.919191919191919,1
0.222222222222222,0.929292929292929,1
0.222222222222222,0.939393939393939,1
0.222222222222222,0.94949494949495,1
0.222222222222222,0.95959595959596,1
0.222222222222222,0.96969696969697,1
0.222222222222222,0.97979797979798,1
0.222222222222222,0.98989898989899,1
0.222222222222222,1,1
0.232323232323232,0,-1
0.232323232323232,0.0101010101010101,1
0.232323232323232,0.0202020202020202,1
0.232323232323232,0.0303030303030303,0
0.232323232323232,0.0404040404040404,0
0.232323232323232,0.0505050505050505,0
0.232323232323232,0.0606060606060606,0
0.232323232323232,0.0707070707070707,0
0.232323232323232,0.0808080808080808,0
0.232323232323232,0.0909090909090909,0
0.232323232323232,0.101010101010101,0
0.232323232323232,0.111111111111111,0
0.232323232323232,0.121212121212121,0
0.232323232323232,0.131313131313131,0
0.232323232323232,0.141414141414141,0
0.232323232323232,0.151515151515152,1
0.232323232323232,0.161616161616162,1
0.232323232323232,0.171717171717172,1
0.232323232323232,0.181818181818182,1
0.232323232323232,0.191919191919192,1
0.232323232323232,0.202020202020202,1
0.232323232323232,0.212121212121212,1
0.232323232323232,0.222222222222222,1
0.232323232323232,0.232323232323232,1
0.232323232323232,0.242424242424242,1
0.232323232323232,0.252525252525253,1
0.232323232323232,0.262626262626263,1
0.232323232323232,0.272727272727273,1
0.232323232323232,0.282828282828283,1
0.232323232323232,0.292929292929293,1
0.232323232323232,0.303030303030303,1
0.232323232323232,0.313131313131313,1
0.232323232323232,0.323232323232323,1
0.232323232323232,0.333333333333333,1
0.232323232323232,0.343434343434343,1
0.232323232323232,0.353535353535354,1
0.232323232323232,0.363636363636364,1
0.232323232323232,0.373737373737374,1
0.232323232323232,0.383838383838384,1
0.232323232323232,0.393939393939394,1
0.232323232323232,0.404040404040404,0
0.232323232323232,0.414141414141414,0
0.232323232323232,0.424242424242424,0
0.232323232323232,0.434343434343434,0
0.232323232323232,0.444444444444444,0
0.232323232323232,0.454545454545455,0
0.232323232323232,0.464646464646465,0
0.232323232323232,0.474747474747475,1
0.232323232323232,0.484848484848485,1
0.232323232323232,0.494949494949495,1
0.232323232323232,0.505050505050505,1
0.232323232323232,0.515151515151515,1
0.232323232323232,0.525252525252525,1
0.232323232323232,0.535353535353535,1
0.232323232323232,0.545454545454545,1
0.232323232323232,0.555555555555556,1
0.232323232323232,0.565656565656566,1
0.232323232323232,0.575757575757576,1
0.232323232323232,0.585858585858586,1
0.232323232323232,0.595959595959596,1
0.232323232323232,0.606060606060606,1
0.232323232323232,0.616161616161616,1
0.232323232323232,0.626262626262626,1
0.232323232323232,0.636363636363636,1
0.232323232323232,0.646464646464647,1
0.232323232323232,0.656565656565657,1
0.232323232323232,0.666666666666667,1
0.232323232323232,0.676767676767677,1
0.232323232323232,0.686868686868687,1
0.232323232323232,0.696969696969697,1
0.232323232323232,0.707070707070707,1
0.232323232323232,0.717171717171717,1
0.232323232323232,0.727272727272727,1
0.232323232323232,0.737373737373737,1
0.232323232323232,0.747474747474748,1
0.232323232323232,0.757575757575758,1
0.232323232323232,0.767676767676768,1
0.232323232323232,0.777777777777778,1
0.232323232323232,0.787878787878788,1
0.232323232323232,0.797979797979798,1
0.232323232323232,0.808080808080808,1
0.232323232323232,0.818181818181818,1
0.232323232323232,0.828282828282828,1
0.232323232323232,0.838383838383838,1
0.232323232323232,0.848484848484849,1
0.232323232323232,0.858585858585859,1
0.232323232323232,0.868686868686869,1
0.232323232323232,0.878787878787879,1
0.232323232323232,0.888888888888889,1
0.232323232323232,0.898989898989899,1
0.232323232323232,0.909090909090909,1
0.232323232323232,0.919191919191919,1
0.232323232323232,0.929292929292929,1
0.232323232323232,0.939393939393939,1
0.232323232323232,0.94949494949495,1
0.232323232323232,0.95959595959596,1
0.232323232323232,0.96969696969697,1
0.232323232323232,0.97979797979798,1
0.232323232323232,0.98989898989899,1
0.232323232323232,1,1
0.242424242424242,0,-1
0.242424242424242,0.0101010101010101,1
0.242424242424242,0.0202020202020202,1
0.242424242424242,0.0303030303030303,0
0.242424242424242,0.0404040404040404,0
0.242424242424242,0.0505050505050505,0
0.242424242424242,0.0606060606060606,0
0.242424242424242,0.0707070707070707,0
0.242424242424242,0.0808080808080808,0
0.242424242424242,0.0909090909090909,0
0.242424242424242,0.101010101010101,0
0.242424242424242,0.111111111111111,0
0.242424242424242,0.121212121212121,0
0.242424242424242,0.131313131313131,0
0.242424242424242,0.141414141414141,0
0.242424242424242,0.151515151515152,0
0.242424242424242,0.161616161616162,1
0.242424242424242,0.171717171717172,1
0.242424242424242,0.181818181818182,1
0.242424242424242,0.191919191919192,1
0.242424242424242,0.202020202020202,1
0.242424242424242,0.212121212121212,1
0.242424242424242,0.222222222222222,1
0.242424242424242,0.232323232323232,1
0.242424242424242,0.242424242424242,1
0.242424242424242,0.252525252525253,1
0.242424242424242,0.262626262626263,1
0.242424242424242,0.272727272727273,1
0.242424242424242,0.282828282828283,1
0.242424242424242,0.292929292929293,1
0.242424242424242,0.303030303030303,1
0.242424242424242,0.313131313131313,1
0.242424242424242,0.323232323232323,1
0.242424242424242,0.333333333333333,1
0.242424242424242,0.343434343434343,1
0.242424242424242,0.353535353535354,1
0.242424242424242,0.363636363636364,1
0.242424242424242,0.373737373737374,1
0.242424242424242,0.383838383838384,1
0.242424242424242,0.393939393939394,1
0.242424242424242,0.404040404040404,1
0.242424242424242,0.414141414141414,0
0.242424242424242,0.424242424242424,0
0.242424242424242,0.434343434343434,0
0.242424242424242,0.444444444444444,0
0.242424242424242,0.454545454545455,0
0.242424242424242,0.464646464646465,0
0.242424242424242,0.474747474747475,0
0.242424242424242,0.484848484848485,1
0.242424242424242,0.494949494949495,1
0.242424242424242,0.505050505050505,1
0.242424242424242,0.515151515151515,1
0.242424242424242,0.525252525252525,1
0.242424242424242,0.535353535353535,1
0.242424242424242,0.545454545454545,1
0.242424242424242,0.555555555555556,1
0.242424242424242,0.565656565656566,1
0.242424242424242,0.575757575757576,1
0.242424242424242,0.585858585858586,1
0.242424242424242,0.595959595959596,1
0.242424242424242,0.606060606060606,1
0.242424242424242,0.616161616161616,1
0.242424242424242,0.626262626262626,1
0.242424242424242,0.636363636363636,1
0.242424242424242,0.646464646464647,1
0.242424242424242,0.656565656565657,1
0.242424242424242,0.666666666666667,1
0.242424242424242,0.676767676767677,1
0.242424242424242,0.686868686868687,1
0.242424242424242,0.696969696969697,1
0.242424242424242,0.707070707070707,1
0.242424242424242,0.717171717171717,1
0.242424242424242,0.727272727272727,1
0.242424242424242,0.737373737373737,1
0.242424242424242,0.747474747474748,1
0.242424242424242,0.757575757575758,1
0.242424242424242,0.767676767676768,1
0.242424242424242,0.777777777777778,1
0.242424242424242,0.787878787878788,1
0.242424242424242,0.797979797979798,1
0.242424242424242,0.808080808080808,1
0.242424242424242,0.818181818181818,1
0.242424242424242,0.828282828282828,1
0.242424242424242,0.838383838383838,1
0.242424242424242,0.848484848484849,1
0.242424242424242,0.858585858585859,1
0.242424242424242,0.868686868686869,1
0.242424242424242,0.878787878787879,1
0.242424242424242,0.888888888888889,1
0.242424242424242,0.898989898989899,1
0.242424242424242,0.909090909090909,1
0.242424242424242,0.919191919191919,1
0.242424242424242,0.929292929292929,1
0.242424242424242,0.939393939393939,1
0.242424242424242,0.94949494949495,1
0.242424242424242,0.95959595959596,1
0.242424242424242,0.96969696969697,1
0.242424242424242,0.97979797979798,1
0.242424242424242,0.98989898989899,1
0.242424242424242,1,1
0.252525252525253,0,-1
0.252525252525253,0.0101010101010101,1
0.252525252525253,0.0202020202020202,1
0.252525252525253,0.0303030303030303,0
0.252525252525253,0.0404040404040404,0
0.252525252525253,0.0505050505050505,0
0.252525252525253,0.0606060606060606,0
0.252525252525253,0.0707070707070707,0
0.252525252525253,0.0808080808080808,0
0.252525252525253,0.0909090909090909,0
0.252525252525253,0.101010101010101,0
0.252525252525253,0.111111111111111,0
0.252525252525253,0.121212121212121,0
0.252525252525253,0.131313131313131,0
0.252525252525253,0.141414141414141,0
0.252525252525253,0.151515151515152,0
0.252525252525253,0.161616161616162,1
0.252525252525253,0.171717171717172,1
0.252525252525253,0.181818181818182,1
0.252525252525253,0.191919191919192,1
0.252525252525253,0.202020202020202,1
0.252525252525253,0.212121212121212,1
0.252525252525253,0.222222222222222,1
0.252525252525253,0.232323232323232,1
0.252525252525253,0.242424242424242,1
0.252525252525253,0.252525252525253,1
0.252525252525253,0.262626262626263,1
0.252525252525253,0.272727272727273,1
0.252525252525253,0.282828282828283,1
0.252525252525253,0.292929292929293,1
0.252525252525253,0.303030303030303,1
0.252525252525253,0.313131313131313,1
0.252525252525253,0.323232323232323,1
0.252525252525253,0.333333333333333,1
0.252525252525253,0.343434343434343,1
0.252525252525253,0.353535353535354,1
0.252525252525253,0.363636363636364,1
0.252525252525253,0.373737373737374,1
0.252525252525253,0.383838383838384,1
0.252525252525253,0.393939393939394,1
0.252525252525253,0.404040404040404,1
0.252525252525253,0.414141414141414,1
0.252525252525253,0.424242424242424,0
0.252525252525253,0.434343434343434,0
0.252525252525253,0.444444444444444,0
0.252525252525253,0.454545454545455,0
0.252525252525253,0.464646464646465,0
0.252525252525253,0.474747474747475,0
0.252525252525253,0.484848484848485,0
0.252525252525253,0.494949494949495,1
0.252525252525253,0.505050505050505,1
0.252525252525253,0.515151515151515,1
0.252525252525253,0.525252525252525,1
0.252525252525253,0.535353535353535,1
0.252525252525253,0.545454545454545,1
0.252525252525253,0.555555555555556,1
0.252525252525253,0.565656565656566,1
0.252525252525253,0.575757575757576,1
0.252525252525253,0.585858585858586,1
0.252525252525253,0.595959595959596,1
0.252525252525253,0.606060606060606,1
0.252525252525253,0.616161616161616,1
0.252525252525253,0.626262626262626,1
0.252525252525253,0.636363636363636,1
0.252525252525253,0.646464646464647,1
0.252525252525253,0.656565656565657,1
0.252525252525253,0.666666666666667,1
0.252525252525253,0.676767676767677,1
0.252525252525253,0.686868686868687,1
0.252525252525253,0.696969696969697,1
0.252525252525253,0.707070707070707,1
0.252525252525253,0.717171717171717,1
0.252525252525253,0.727272727272727,1
0.252525252525253,0.737373737373737,1
0.252525252525253,0.747474747474748,1
0.252525252525253,0.757575757575758,1
0.252525252525253,0.767676767676768,1
0.252525252525253,0.777777777777778,1
0.252525252525253,0.787878787878788,1
0.252525252525253,0.797979797979798,1
0.252525252525253,0.808080808080808,1
0.252525252525253,0.818181818181818,1
0.252525252525253,0.828282828282828,1
0.252525252525253,0.838383838383838,1
0.252525252525253,0.848484848484849,1
0.252525252525253,0.858585858585859,1
0.252525252525253,0.868686868686869,1
0.252525252525253,0.878787878787879,1
0.252525252525253,0.888888888888889,1
0.252525252525253,0.898989898989899,1
0.252525252525253,0.909090909090909,1
0.252525252525253,0.919191919191919,1
0.252525252525253,0.929292929292929,1
0.252525252525253,0.939393939393939,1
0.252525252525253,0.94949494949495,1
0.252525252525253,0.95959595959596,1
0.252525252525253,0.96969696969697,1
0.252525252525253,0.97979797979798,1
0.252525252525253,0.98989898989899,1
0.252525252525253,1,1
0.262626262626263,0,-1
0.262626262626263,0.0101010101010101,1
0.262626262626263,0.0202020202020202,1
0.262626262626263,0.0303030303030303,1
0.262626262626263,0.0404040404040404,0
0.262626262626263,0.0505050505050505,0
0.262626262626263,0.0606060606060606,0
0.262626262626263,0.0707070707070707,0
0.262626262626263,0.0808080808080808,0
0.262626262626263,0.0909090909090909,0
0.262626262626263,0.101010101010101,0
0.262626262626263,0.111111111111111,0
0.262626262626263,0.121212121212121,0
0.262626262626263,0.131313131313131,0
0.262626262626263,0.141414141414141,0
0.262626262626263,0.151515151515152,0
0.262626262626263,0.161616161616162,0
0.262626262626263,0.171717171717172,1
0.262626262626263,0.181818181818182,1
0.262626262626263,0.191919191919192,1
0.262626262626263,0.202020202020202,1
0.262626262626263,0.212121212121212,1
0.262626262626263,0.222222222222222,1
0.262626262626263,0.232323232323232,1
0.262626262626263,0.242424242424242,1
0.262626262626263,0.252525252525253,1
0.262626262626263,0.262626262626263,1
0.262626262626263,0.272727272727273,1
0.262626262626263,0.282828282828283,1
0.262626262626263,0.292929292929293,1
0.262626262626263,0.303030303030303,1
0.262626262626263,0.313131313131313,1
0.262626262626263,0.323232323232323,1
0.262626262626263,0.333333333333333,1
0.262626262626263,0.343434343434343,1
0.262626262626263,0.353535353535354,1
0.262626262626263,0.363636363636364,1
0.262626262626263,0.373737373737374,1
0.262626262626263,0.383838383838384,1
0.262626262626263,0.393939393939394,1
0.262626262626263,0.404040404040404,1
0.262626262626263,0.414141414141414,1
0.262626262626263,0.424242424242424,1
0.262626262626263,0.434343434343434,1
0.262626262626263,0.444444444444444,0
0.262626262626263,0.454545454545455,0
0.262626262626263,0.464646464646465,0
0.262626262626263,0.474747474747475,0
0.262626262626263,0.484848484848485,0
0.262626262626263,0.494949494949495,1
0.262626262626263,0.505050505050505,1
0.262626262626263,0.515151515151515,1
0.262626262626263,0.525252525252525,1
0.262626262626263,0.535353535353535,1
0.262626262626263,0.545454545454545,1
0.262626262626263,0.555555555555556,1
0.262626262626263,0.565656565656566,1
0.262626262626263,0.575757575757576,1
0.262626262626263,0.585858585858586,1
0.262626262626263,0.595959595959596,1
0.262626262626263,0.606060606060606,1
0.262626262626263,0.616161616161616,1
0.262626262626263,0.626262626262626,1
0.262626262626263,0.636363636363636,1
0.262626262626263,0.646464646464647,1
0.262626262626263,0.656565656565657,1
0.262626262626263,0.666666666666667,1
0.262626262626263,0.676767676767677,1
0.262626262626263,0.686868686868687,1
0.262626262626263,0.696969696969697,1
0.262626262626263,0.707070707070707,1
0.262626262626263,0.717171717171717,1
0.262626262626263,0.727272727272727,1
0.262626262626263,0.737373737373737,1
0.262626262626263,0.747474747474748,1
0.262626262626263,0.757575757575758,1
0.262626262626263,0.767676767676768,1
0.262626262626263,0.777777777777778,1
0.262626262626263,0.787878787878788,1
0.262626262626263,0.797979797979798,1
0.262626262626263,0.808080808080808,1
0.262626262626263,0.818181818181818,1
0.262626262626263,0.828282828282828,1
0.262626262626263,0.838383838383838,1
0.262626262626263,0.848484848484849,1
0.262626262626263,0.858585858585859,1
0.262626262626263,0.868686868686869,1
0.262626262626263,0.878787878787879,1
0.262626262626263,0.888888888888889,1
0.262626262626263,0.898989898989899,1
0.262626262626263,0.909090909090909,1
0.262626262626263,0.919191919191919,1
0.262626262626263,0.929292929292929,1
0.262626262626263,0.939393939393939,1
0.262626262626263,0.94949494949495,1
0.262626262626263,0.95959595959596,1
0.262626262626263,0.96969696969697,1
0.262626262626263,0.97979797979798,1
0.262626262626263,0.98989898989899,1
0.262626262626263,1,1
0.272727272727273,0,-1
0.272727272727273,0.0101010101010101,1
0.272727272727273,0.0202020202020202,1
0.272727272727273,0.0303030303030303,1
0.272727272727273,0.0404040404040404,0
0.272727272727273,0.0505050505050505,0
0.272727272727273,0.0606060606060606,0
0.272727272727273,0.0707070707070707,0
0.272727272727273,0.0808080808080808,0
0.272727272727273,0.0909090909090909,0
0.272727272727273,0.101010101010101,0
0.272727272727273,0.111111111111111,0
0.272727272727273,0.121212121212121,0
0.272727272727273,0.131313131313131,0
0.272727272727273,0.141414141414141,0
0.272727272727273,0.151515151515152,0
0.272727272727273,0.161616161616162,0
0.272727272727273,0.171717171717172,1
0.272727272727273,0.181818181818182,1
0.272727272727273,0.191919191919192,1
0.272727272727273,0.202020202020202,1
0.272727272727273,0.212121212121212,1
0.272727272727273,0.222222222222222,1
0.272727272727273,0.232323232323232,1
0.272727272727273,0.242424242424242,1
0.272727272727273,0.252525252525253,1
0.272727272727273,0.262626262626263,1
0.272727272727273,0.272727272727273,1
0.272727272727273,0.282828282828283,1
0.272727272727273,0.292929292929293,1
0.272727272727273,0.303030303030303,1
0.272727272727273,0.313131313131313,1
0.272727272727273,0.323232323232323,1
0.272727272727273,0.333333333333333,1
0.272727272727273,0.343434343434343,1
0.272727272727273,0.353535353535354,1
0.272727272727273,0.363636363636364,1
0.272727272727273,0.373737373737374,1
0.272727272727273,0.383838383838384,1
0.272727272727273,0.393939393939394,1
0.272727272727273,0.404040404040404,1
0.272727272727273,0.414141414141414,1
0.272727272727273,0.424242424242424,1
0.272727272727273,0.434343434343434,0
0.272727272727273,0.444444444444444,0
0.272727272727273,0.454545454545455,0
0.272727272727273,0.464646464646465,0
0.272727272727273,0.474747474747475,0
0.272727272727273,0.484848484848485,0
0.272727272727273,0.494949494949495,0
0.272727272727273,0.505050505050505,1
0.272727272727273,0.515151515151515,1
0.272727272727273,0.525252525252525,1
0.272727272727273,0.535353535353535,1
0.272727272727273,0.545454545454545,1
0.272727272727273,0.555555555555556,1
0.272727272727273,0.565656565656566,1
0.272727272727273,0.575757575757576,1
0.272727272727273,0.585858585858586,1
0.272727272727273,0.595959595959596,1
0.272727272727273,0.606060606060606,1
0.272727272727273,0.616161616161616,1
0.272727272727273,0.626262626262626,1
0.272727272727273,0.636363636363636,1
0.272727272727273,0.646464646464647,1
0.272727272727273,0.656565656565657,1
0.272727272727273,0.666666666666667,1
0.272727272727273,0.676767676767677,1
0.272727272727273,0.686868686868687,1
0.272727272727273,0.696969696969697,1
0.272727272727273,0.707070707070707,1
0.272727272727273,0.717171717171717,1
0.272727272727273,0.727272727272727,1
0.272727272727273,0.737373737373737,1
0.272727272727273,0.747474747474748,1
0.272727272727273,0.757575757575758,1
0.272727272727273,0.767676767676768,1
0.272727272727273,0.777777777777778,1
0.272727272727273,0.787878787878788,1
0.272727272727273,0.797979797979798,1
0.272727272727273,0.808080808080808,1
0.272727272727273,0.818181818181818,1
0.272727272727273,0.828282828282828,1
0.272727272727273,0.838383838383838,1
0.272727272727273,0.848484848484849,1
0.272727272727273,0.858585858585859,1
0.272727272727273,0.868686868686869,1
0.272727272727273,0.878787878787879,1
0.272727272727273,0.888888888888889,1
0.272727272727273,0.898989898989899,1
0.272727272727273,0.909090909090909,1
0.272727272727273,0.919191919191919,1
0.272727272727273,0.929292929292929,1
0.272727272727273,0.939393939393939,1
0.272727272727273,0.94949494949495,1
0.272727272727273,0.95959595959596,1
0.272727272727273,0.96969696969697,1
0.272727272727273,0.97979797979798,1
0.272727272727273,0.98989898989899,1
0.272727272727273,1,1
0.282828282828283,0,-1
0.282828282828283,0.0101010101010101,1
0.282828282828283,0.0202020202020202,1
0.282828282828283,0.0303030303030303,1
0.282828282828283,0.0404040404040404,0
0.282828282828283,0.0505050505050505,0
0.282828282828283,0.0606060606060606,0
0.282828282828283,0.0707070707070707,0
0.282828282828283,0.0808080808080808,0
0.282828282828283,0.0909090909090909,0
0.282828282828283,0.101010101010101,0
0.282828282828283,0.111111111111111,0
0.282828282828283,0.121212121212121,0
0.282828282828283,0.131313131313131,0
0.282828282828283,0.141414141414141,0
0.282828282828283,0.151515151515152,0
0.282828282828283,0.161616161616162,0
0.282828282828283,0.171717171717172,1
0.282828282828283,0.181818181818182,1
0.282828282828283,0.191919191919192,1
0.282828282828283,0.202020202020202,1
0.282828282828283,0.212121212121212,1
0.282828282828283,0.222222222222222,1
0.282828282828283,0.232323232323232,1
0.282828282828283,0.242424242424242,1
0.282828282828283,0.252525252525253,1
0.282828282828283,0.262626262626263,1
0.282828282828283,0.272727272727273,1
0.282828282828283,0.282828282828283,1
0.282828282828283,0.292929292929293,1
0.282828282828283,0.303030303030303,1
0.282828282828283,0.313131313131313,1
0.282828282828283,0.323232323232323,1
0.282828282828283,0.333333333333333,1
0.282828282828283,0.343434343434343,1
0.282828282828283,0.353535353535354,1
0.282828282828283,0.363636363636364,1
0.282828282828283,0.373737373737374,1
0.282828282828283,0.383838383838384,1
0.282828282828283,0.393939393939394,1
0.282828282828283,0.404040404040404,1
0.282828282828283,0.414141414141414,1
0.282828282828283,0.424242424242424,1
0.282828282828283,0.434343434343434,1
0.282828282828283,0.444444444444444,0
0.282828282828283,0.454545454545455,0
0.282828282828283,0.464646464646465,0
0.282828282828283,0.474747474747475,0
0.282828282828283,0.484848484848485,0
0.282828282828283,0.494949494949495,1
0.282828282828283,0.505050505050505,1
0.282828282828283,0.515151515151515,1
0.282828282828283,0.525252525252525,1
0.282828282828283,0.535353535353535,1
0.282828282828283,0.545454545454545,1
0.282828282828283,0.555555555555556,1
0.282828282828283,0.565656565656566,1
0.282828282828283,0.575757575757576,1
0.282828282828283,0.585858585858586,1
0.282828282828283,0.595959595959596,1
0.282828282828283,0.606060606060606,1
0.282828282828283,0.616161616161616,1
0.282828282828283,0.626262626262626,1
0.282828282828283,0.636363636363636,1
0.282828282828283,0.646464646464647,1
0.282828282828283,0.656565656565657,1
0.282828282828283,0.666666666666667,1
0.282828282828283,0.676767676767677,1
0.282828282828283,0.686868686868687,1
0.282828282828283,0.696969696969697,1
0.282828282828283,0.707070707070707,1
0.282828282828283,0.717171717171717,1
0.282828282828283,0.727272727272727,1
0.282828282828283,0.737373737373737,1
0.282828282828283,0.747474747474748,1
0.282828282828283,0.757575757575758,1
0.282828282828283,0.767676767676768,1
0.282828282828283,0.777777777777778,1
0.282828282828283,0.787878787878788,1
0.282828282828283,0.797979797979798,1
0.282828282828283,0.808080808080808,1
0.282828282828283,0.818181818181818,1
0.282828282828283,0.828282828282828,1
0.282828282828283,0.838383838383838,1
0.282828282828283,0.848484848484849,1
0.282828282828283,0.858585858585859,1
0.282828282828283,0.868686868686869,1
0.282828282828283,0.878787878787879,1
0.282828282828283,0.888888888888889,1
0.282828282828283,0.898989898989899,1
0.282828282828283,0.909090909090909,1
0.282828282828283,0.919191919191919,1
0.282828282828283,0.929292929292929,1
0.282828282828283,0.939393939393939,1
0.282828282828283,0.94949494949495,1
0.282828282828283,0.95959595959596,1
0.282828282828283,0.96969696969697,1
0.282828282828283,0.97979797979798,1
0.282828282828283,0.98989898989899,1
0.282828282828283,1,1
0.292929292929293,0,-1
0.292929292929293,0.0101010101010101,1
0.292929292929293,0.0202020202020202,1
0.292929292929293,0.0303030303030303,0
0.292929292929293,0.0404040404040404,0
0.292929292929293,0.0505050505050505,0
0.292929292929293,0.0606060606060606,0
0.292929292929293,0.0707070707070707,0
0.292929292929293,0.0808080808080808,0
0.292929292929293,0.0909090909090909,0
0.292929292929293,0.101010101010101,0
0.292929292929293,0.111111111111111,0
0.292929292929293,0.121212121212121,0
0.292929292929293,0.131313131313131,0
0.292929292929293,0.141414141414141,0
0.292929292929293,0.151515151515152,0
0.292929292929293,0.161616161616162,0
0.292929292929293,0.171717171717172,0
0.292929292929293,0.181818181818182,1
0.292929292929293,0.191919191919192,1
0.292929292929293,0.202020202020202,1
0.292929292929293,0.212121212121212,1
0.292929292929293,0.222222222222222,1
0.292929292929293,0.232323232323232,1
0.292929292929293,0.242424242424242,1
0.292929292929293,0.252525252525253,1
0.292929292929293,0.262626262626263,1
0.292929292929293,0.272727272727273,1
0.292929292929293,0.282828282828283,1
0.292929292929293,0.292929292929293,1
0.292929292929293,0.303030303030303,1
0.292929292929293,0.313131313131313,1
0.292929292929293,0.323232323232323,1
0.292929292929293,0.333333333333333,1
0.292929292929293,0.343434343434343,1
0.292929292929293,0.353535353535354,1
0.292929292929293,0.363636363636364,1
0.292929292929293,0.373737373737374,1
0.292929292929293,0.383838383838384,1
0.292929292929293,0.393939393939394,1
0.292929292929293,0.404040404040404,1
0.292929292929293,0.414141414141414,1
0.292929292929293,0.424242424242424,1
0.292929292929293,0.434343434343434,0
0.292929292929293,0.444444444444444,0
0.292929292929293,0.454545454545455,0
0.292929292929293,0.464646464646465,0
0.292929292929293,0.474747474747475,0
0.292929292929293,0.484848484848485,0
0.292929292929293,0.494949494949495,1
0.292929292929293,0.505050505050505,1
0.292929292929293,0.515151515151515,1
0.292929292929293,0.525252525252525,1
0.292929292929293,0.535353535353535,1
0.292929292929293,0.545454545454545,1
0.292929292929293,0.555555555555556,1
0.292929292929293,0.565656565656566,1
0.292929292929293,0.575757575757576,1
0.292929292929293,0.585858585858586,1
0.292929292929293,0.595959595959596,1
0.292929292929293,0.606060606060606,1
0.292929292929293,0.616161616161616,1
0.292929292929293,0.626262626262626,1
0.292929292929293,0.636363636363636,1
0.292929292929293,0.646464646464647,1
0.292929292929293,0.656565656565657,1
0.292929292929293,0.666666666666667,1
0.292929292929293,0.676767676767677,1
0.292929292929293,0.686868686868687,1
0.292929292929293,0.696969696969697,1
0.292929292929293,0.707070707070707,1
0.292929292929293,0.717171717171717,1
0.292929292929293,0.727272727272727,1
0.292929292929293,0.737373737373737,1
0.292929292929293,0.747474747474748,1
0.292929292929293,0.757575757575758,1
0.292929292929293,0.767676767676768,1
0.292929292929293,0.777777777777778,1
0.292929292929293,0.787878787878788,1
0.292929292929293,0.797979797979798,1
0.292929292929293,0.808080808080808,1
0.292929292929293,0.818181818181818,1
0.292929292929293,0.828282828282828,1
0.292929292929293,0.838383838383838,1
0.292929292929293,0.848484848484849,1
0.292929292929293,0.858585858585859,1
0.292929292929293,0.868686868686869,1
0.292929292929293,0.878787878787879,1
0.292929292929293,0.888888888888889,1
0.292929292929293,0.898989898989899,1
0.292929292929293,0.909090909090909,1
0.292929292929293,0.919191919191919,1
0.292929292929293,0.929292929292929,1
0.292929292929293,0.939393939393939,1
0.292929292929293,0.94949494949495,1
0.292929292929293,0.95959595959596,1
0.292929292929293,0.96969696969697,1
0.292929292929293,0.97979797979798,1
0.292929292929293,0.98989898989899,1
0.292929292929293,1,1
0.303030303030303,0,-1
0.303030303030303,0.0101010101010101,1
0.303030303030303,0.0202020202020202,1
0.303030303030303,0.0303030303030303,0
0.303030303030303,0.0404040404040404,0
0.303030303030303,0.0505050505050505,0
0.303030303030303,0.0606060606060606,0
0.303030303030303,0.0707070707070707,0
0.303030303030303,0.0808080808080808,0
0.303030303030303,0.0909090909090909,0
0.303030303030303,0.101010101010101,0
0.303030303030303,0.111111111111111,0
0.303030303030303,0.121212121212121,0
0.303030303030303,0.131313131313131,0
0.303030303030303,0.141414141414141,0
0.303030303030303,0.151515151515152,0
0.303030303030303,0.161616161616162,0
0.303030303030303,0.171717171717172,0
0.303030303030303,0.181818181818182,1
0.303030303030303,0.191919191919192,1
0.303030303030303,0.202020202020202,1
0.303030303030303,0.212121212121212,1
0.303030303030303,0.222222222222222,1
0.303030303030303,0.232323232323232,1
0.303030303030303,0.242424242424242,1
0.303030303030303,0.252525252525253,1
0.303030303030303,0.262626262626263,1
0.303030303030303,0.272727272727273,1
0.303030303030303,0.282828282828283,1
0.303030303030303,0.292929292929293,1
0.303030303030303,0.303030303030303,1
0.303030303030303,0.313131313131313,1
0.303030303030303,0.323232323232323,1
0.303030303030303,0.333333333333333,1
0.303030303030303,0.343434343434343,1
0.303030303030303,0.353535353535354,1
0.303030303030303,0.363636363636364,1
0.303030303030303,0.373737373737374,1
0.303030303030303,0.383838383838384,1
0.303030303030303,0.393939393939394,1
0.303030303030303,0.404040404040404,1
0.303030303030303,0.414141414141414,1
0.303030303030303,0.424242424242424,1
0.303030303030303,0.434343434343434,0
0.303030303030303,0.444444444444444,0
0.303030303030303,0.454545454545455,0
0.303030303030303,0.464646464646465,0
0.303030303030303,0.474747474747475,0
0.303030303030303,0.484848484848485,1
0.303030303030303,0.494949494949495,1
0.303030303030303,0.505050505050505,1
0.303030303030303,0.515151515151515,1
0.303030303030303,0.525252525252525,1
0.303030303030303,0.535353535353535,1
0.303030303030303,0.545454545454545,1
0.303030303030303,0.555555555555556,1
0.303030303030303,0.565656565656566,1
0.303030303030303,0.575757575757576,1
0.303030303030303,0.585858585858586,1
0.303030303030303,0.595959595959596,1
0.303030303030303,0.606060606060606,1
0.303030303030303,0.616161616161616,1
0.303030303030303,0.626262626262626,1
0.303030303030303,0.636363636363636,1
0.303030303030303,0.646464646464647,1
0.303030303030303,0.656565656565657,1
0.303030303030303,0.666666666666667,1
0.303030303030303,0.676767676767677,1
0.303030303030303,0.686868686868687,1
0.303030303030303,0.696969696969697,1
0.303030303030303,0.707070707070707,1
0.303030303030303,0.717171717171717,1
0.303030303030303,0.727272727272727,1
0.303030303030303,0.737373737373737,1
0.303030303030303,0.747474747474748,1
0.303030303030303,0.757575757575758,1
0.303030303030303,0.767676767676768,1
0.303030303030303,0.777777777777778,1
0.303030303030303,0.787878787878788,1
0.303030303030303,0.797979797979798,1
0.303030303030303,0.808080808080808,1
0.303030303030303,0.818181818181818,1
0.303030303030303,0.828282828282828,1
0.303030303030303,0.838383838383838,1
0.303030303030303,0.848484848484849,1
0.303030303030303,0.858585858585859,1
0.303030303030303,0.868686868686869,1
0.303030303030303,0.878787878787879,1
0.303030303030303,0.888888888888889,1
0.303030303030303,0.898989898989899,1
0.303030303030303,0.909090909090909,1
0.303030303030303,0.919191919191919,1
0.303030303030303,0.929292929292929,1
0.303030303030303,0.939393939393939,1
0.303030303030303,0.94949494949495,1
0.303030303030303,0.95959595959596,1
0.303030303030303,0.96969696969697,1
0.303030303030303,0.97979797979798,1
0.303030303030303,0.98989898989899,1
0.303030303030303,1,1
0.313131313131313,0,-1
0.313131313131313,0.0101010101010101,1
0.313131313131313,0.0202020202020202,1
0.313131313131313,0.0303030303030303,0
0.313131313131313,0.0404040404040404,0
0.313131313131313,0.0505050505050505,0
0.313131313131313,0.0606060606060606,0
0.313131313131313,0.0707070707070707,0
0.313131313131313,0.0808080808080808,0
0.313131313131313,0.0909090909090909,0
0.313131313131313,0.101010101010101,0
0.313131313131313,0.111111111111111,0
0.313131313131313,0.121212121212121,0
0.313131313131313,0.131313131313131,0
0.313131313131313,0.141414141414141,0
0.313131313131313,0.151515151515152,0
0.313131313131313,0.161616161616162,0
0.313131313131313,0.171717171717172,0
0.313131313131313,0.181818181818182,1
0.313131313131313,0.191919191919192,1
0.313131313131313,0.202020202020202,1
0.313131313131313,0.212121212121212,1
0.313131313131313,0.222222222222222,1
0.313131313131313,0.232323232323232,1
0.313131313131313,0.242424242424242,1
0.313131313131313,0.252525252525253,1
0.313131313131313,0.262626262626263,1
0.313131313131313,0.272727272727273,1
0.313131313131313,0.282828282828283,1
0.313131313131313,0.292929292929293,1
0.313131313131313,0.303030303030303,1
0.313131313131313,0.313131313131313,1
0.313131313131313,0.323232323232323,1
0.313131313131313,0.333333333333333,1
0.313131313131313,0.343434343434343,1
0.313131313131313,0.353535353535354,1
0.313131313131313,0.363636363636364,1
0.313131313131313,0.373737373737374,1
0.313131313131313,0.383838383838384,1
0.313131313131313,0.393939393939394,1
0.313131313131313,0.404040404040404,1
0.313131313131313,0.414141414141414,1
0.313131313131313,0.424242424242424,0
0.313131313131313,0.434343434343434,0
0.313131313131313,0.444444444444444,0
0.313131313131313,0.454545454545455,0
0.313131313131313,0.464646464646465,0
0.313131313131313,0.474747474747475,0
0.313131313131313,0.484848484848485,1
0.313131313131313,0.494949494949495,1
0.313131313131313,0.505050505050505,1
0.313131313131313,0.515151515151515,1
0.313131313131313,0.525252525252525,1
0.313131313131313,0.535353535353535,1
0.313131313131313,0.545454545454545,1
0.313131313131313,0.555555555555556,1
0.313131313131313,0.565656565656566,1
0.313131313131313,0.575757575757576,1
0.313131313131313,0.585858585858586,1
0.313131313131313,0.595959595959596,1
0.313131313131313,0.606060606060606,1
0.313131313131313,0.616161616161616,1
0.313131313131313,0.626262626262626,1
0.313131313131313,0.636363636363636,1
0.313131313131313,0.646464646464647,1
0.313131313131313,0.656565656565657,1
0.313131313131313,0.666666666666667,1
0.313131313131313,0.676767676767677,1
0.313131313131313,0.686868686868687,1
0.313131313131313,0.696969696969697,1
0.313131313131313,0.707070707070707,1
0.313131313131313,0.717171717171717,1
0.313131313131313,0.727272727272727,1
0.313131313131313,0.737373737373737,1
0.313131313131313,0.747474747474748,1
0.313131313131313,0.757575757575758,1
0.313131313131313,0.767676767676768,1
0.313131313131313,0.777777777777778,1
0.313131313131313,0.787878787878788,1
0.313131313131313,0.797979797979798,1
0.313131313131313,0.808080808080808,1
0.313131313131313,0.818181818181818,1
0.313131313131313,0.828282828282828,1
0.313131313131313,0.838383838383838,1
0.313131313131313,0.848484848484849,1
0.313131313131313,0.858585858585859,1
0.313131313131313,0.868686868686869,1
0.313131313131313,0.878787878787879,1
0.313131313131313,0.888888888888889,1
0.313131313131313,0.898989898989899,1
0.313131313131313,0.909090909090909,1
0.313131313131313,0.919191919191919,1
0.313131313131313,0.929292929292929,1
0.313131313131313,0.939393939393939,1
0.313131313131313,0.94949494949495,1
0.313131313131313,0.95959595959596,1
0.313131313131313,0.96969696969697,1
0.313131313131313,0.97979797979798,1
0.313131313131313,0.98989898989899,1
0.313131313131313,1,1
0.323232323232323,0,-1
0.323232323232323,0.0101010101010101,1
0.323232323232323,0.0202020202020202,1
0.323232323232323,0.0303030303030303,1
0.323232323232323,0.0404040404040404,0
0.323232323232323,0.0505050505050505,0
0.323232323232323,0.0606060606060606,0
0.323232323232323,0.0707070707070707,0
0.323232323232323,0.0808080808080808,0
0.323232323232323,0.0909090909090909,0
0.323232323232323,0.101010101010101,0
0.323232323232323,0.111111111111111,0
0.323232323232323,0.121212121212121,0
0.323232323232323,0.131313131313131,0
0.323232323232323,0.141414141414141,0
0.323232323232323,0.151515151515152,0
0.323232323232323,0.161616161616162,0
0.323232323232323,0.171717171717172,0
0.323232323232323,0.181818181818182,1
0.323232323232323,0.191919191919192,1
0.323232323232323,0.202020202020202,1
0.323232323232323,0.212121212121212,1
0.323232323232323,0.222222222222222,1
0.323232323232323,0.232323232323232,1
0.323232323232323,0.242424242424242,1
0.323232323232323,0.252525252525253,1
0.323232323232323,0.262626262626263,1
0.323232323232323,0.272727272727273,1
0.323232323232323,0.282828282828283,1
0.323232323232323,0.292929292929293,1
0.323232323232323,0.303030303030303,1
0.323232323232323,0.313131313131313,1
0.323232323232323,0.323232323232323,1
0.323232323232323,0.333333333333333,1
0.323232323232323,0.343434343434343,1
0.323232323232323,0.353535353535354,1
0.323232323232323,0.363636363636364,1
0.323232323232323,0.373737373737374,1
0.323232323232323,0.383838383838384,1
0.323232323232323,0.393939393939394,1
0.323232323232323,0.404040404040404,1
0.323232323232323,0.414141414141414,1
0.323232323232323,0.424242424242424,1
0.323232323232323,0.434343434343434,0
0.323232323232323,0.444444444444444,0
0.323232323232323,0.454545454545455,0
0.323232323232323,0.464646464646465,0
0.323232323232323,0.474747474747475,0
0.323232323232323,0.484848484848485,1
0.323232323232323,0.494949494949495,1
0.323232323232323,0.505050505050505,1
0.323232323232323,0.515151515151515,1
0.323232323232323,0.525252525252525,1
0.323232323232323,0.535353535353535,1
0.323232323232323,0.545454545454545,1
0.323232323232323,0.555555555555556,1
0.323232323232323,0.565656565656566,1
0.323232323232323,0.575757575757576,1
0.323232323232323,0.585858585858586,1
0.323232323232323,0.595959595959596,1
0.323232323232323,0.606060606060606,1
0.323232323232323,0.616161616161616,1
0.323232323232323,0.626262626262626,1
0.323232323232323,0.636363636363636,1
0.323232323232323,0.646464646464647,1
0.323232323232323,0.656565656565657,1
0.323232323232323,0.666666666666667,1
0.323232323232323,0.676767676767677,1
0.323232323232323,0.686868686868687,1
0.323232323232323,0.696969696969697,1
0.323232323232323,0.707070707070707,1
0.323232323232323,0.717171717171717,1
0.323232323232323,0.727272727272727,1
0.323232323232323,0.737373737373737,1
0.323232323232323,0.747474747474748,1
0.323232323232323,0.757575757575758,1
0.323232323232323,0.767676767676768,1
0.323232323232323,0.777777777777778,1
0.323232323232323,0.787878787878788,1
0.323232323232323,0.797979797979798,1
0.323232323232323,0.808080808080808,1
0.323232323232323,0.818181818181818,1
0.323232323232323,0.828282828282828,1
0.323232323232323,0.838383838383838,1
0.323232323232323,0.848484848484849,1
0.323232323232323,0.858585858585859,1
0.323232323232323,0.868686868686869,1
0.323232323232323,0.878787878787879,1
0.323232323232323,0.888888888888889,1
0.323232323232323,0.898989898989899,1
0.323232323232323,0.909090909090909,1
0.323232323232323,0.919191919191919,1
0.323232323232323,0.929292929292929,1
0.323232323232323,0.939393939393939,1
0.323232323232323,0.94949494949495,1
0.323232323232323,0.95959595959596,1
0.323232323232323,0.96969696969697,1
0.323232323232323,0.97979797979798,1
0.323232323232323,0.98989898989899,1
0.323232323232323,1,1
0.333333333333333,0,-1
0.333333333333333,0.0101010101010101,1
0.333333333333333,0.0202020202020202,0
0.333333333333333,0.0303030303030303,1
0.333333333333333,0.0404040404040404,0
0.333333333333333,0.0505050505050505,0
0.333333333333333,0.0606060606060606,0
0.333333333333333,0.0707070707070707,0
0.333333333333333,0.0808080808080808,0
0.333333333333333,0.0909090909090909,0
0.333333333333333,0.101010101010101,0
0.333333333333333,0.111111111111111,0
0.333333333333333,0.121212121212121,0
0.333333333333333,0.131313131313131,0
0.333333333333333,0.141414141414141,0
0.333333333333333,0.151515151515152,0
0.333333333333333,0.161616161616162,0
0.333333333333333,0.171717171717172,0
0.333333333333333,0.181818181818182,1
0.333333333333333,0.191919191919192,1
0.333333333333333,0.202020202020202,1
0.333333333333333,0.212121212121212,1
0.333333333333333,0.222222222222222,1
0.333333333333333,0.232323232323232,1
0.333333333333333,0.242424242424242,1
0.333333333333333,0.252525252525253,1
0.333333333333333,0.262626262626263,1
0.333333333333333,0.272727272727273,1
0.333333333333333,0.282828282828283,1
0.333333333333333,0.292929292929293,1
0.333333333333333,0.303030303030303,1
0.333333333333333,0.313131313131313,1
0.333333333333333,0.323232323232323,1
0.333333333333333,0.333333333333333,1
0.333333333333333,0.343434343434343,1
0.333333333333333,0.353535353535354,1
0.333333333333333,0.363636363636364,1
0.333333333333333,0.373737373737374,1
0.333333333333333,0.383838383838384,1
0.333333333333333,0.393939393939394,1
0.333333333333333,0.404040404040404,1
0.333333333333333,0.414141414141414,1
0.333333333333333,0.424242424242424,0
0.333333333333333,0.434343434343434,0
0.333333333333333,0.444444444444444,0
0.333333333333333,0.454545454545455,0
0.333333333333333,0.464646464646465,0
0.333333333333333,0.474747474747475,1
0.333333333333333,0.484848484848485,1
0.333333333333333,0.494949494949495,1
0.333333333333333,0.505050505050505,1
0.333333333333333,0.515151515151515,1
0.333333333333333,0.525252525252525,1
0.333333333333333,0.535353535353535,1
0.333333333333333,0.545454545454545,1
0.333333333333333,0.555555555555556,1
0.333333333333333,0.565656565656566,1
0.333333333333333,0.575757575757576,1
0.333333333333333,0.585858585858586,1
0.333333333333333,0.595959595959596,1
0.333333333333333,0.606060606060606,1
0.333333333333333,0.616161616161616,1
0.333333333333333,0.626262626262626,1
0.333333333333333,0.636363636363636,1
0.333333333333333,0.646464646464647,1
0.333333333333333,0.656565656565657,1
0.333333333333333,0.666666666666667,1
0.333333333333333,0.676767676767677,1
0.333333333333333,0.686868686868687,1
0.333333333333333,0.696969696969697,1
0.333333333333333,0.707070707070707,1
0.333333333333333,0.717171717171717,1
0.333333333333333,0.727272727272727,1
0.333333333333333,0.737373737373737,1
0.333333333333333,0.747474747474748,1
0.333333333333333,0.757575757575758,1
0.333333333333333,0.767676767676768,1
0.333333333333333,0.777777777777778,1
0.333333333333333,0.787878787878788,1
0.333333333333333,0.797979797979798,1
0.333333333333333,0.808080808080808,1
0.333333333333333,0.818181818181818,1
0.333333333333333,0.828282828282828,1
0.333333333333333,0.838383838383838,1
0.333333333333333,0.848484848484849,1
0.333333333333333,0.858585858585859,1
0.333333333333333,0.868686868686869,1
0.333333333333333,0.878787878787879,1
0.333333333333333,0.888888888888889,1
0.333333333333333,0.898989898989899,1
0.333333333333333,0.909090909090909,1
0.333333333333333,0.919191919191919,1
0.333333333333333,0.929292929292929,1
0.333333333333333,0.939393939393939,1
0.333333333333333,0.94949494949495,1
0.333333333333333,0.95959595959596,1
0.333333333333333,0.96969696969697,1
0.333333333333333,0.97979797979798,1
0.333333333333333,0.98989898989899,1
0.333333333333333,1,1
0.343434343434343,0,-1
0.343434343434343,0.0101010101010101,1
0.343434343434343,0.0202020202020202,1
0.343434343434343,0.0303030303030303,1
0.343434343434343,0.0404040404040404,0
0.343434343434343,0.0505050505050505,0
0.343434343434343,0.0606060606060606,0
0.343434343434343,0.0707070707070707,0
0.343434343434343,0.0808080808080808,0
0.343434343434343,0.0909090909090909,0
0.343434343434343,0.101010101010101,0
0.343434343434343,0.111111111111111,0
0.343434343434343,0.121212121212121,0
0.343434343434343,0.131313131313131,0
0.343434343434343,0.141414141414141,0
0.343434343434343,0.151515151515152,0
0.343434343434343,0.161616161616162,0
0.343434343434343,0.171717171717172,0
0.343434343434343,0.181818181818182,1
0.343434343434343,0.191919191919192,1
0.343434343434343,0.202020202020202,1
0.343434343434343,0.212121212121212,1
0.343434343434343,0.222222222222222,1
0.343434343434343,0.232323232323232,1
0.343434343434343,0.242424242424242,1
0.343434343434343,0.252525252525253,1
0.343434343434343,0.262626262626263,1
0.343434343434343,0.272727272727273,1
0.343434343434343,0.282828282828283,1
0.343434343434343,0.292929292929293,1
0.343434343434343,0.303030303030303,1
0.343434343434343,0.313131313131313,1
0.343434343434343,0.323232323232323,1
0.343434343434343,0.333333333333333,1
0.343434343434343,0.343434343434343,1
0.343434343434343,0.353535353535354,1
0.343434343434343,0.363636363636364,1
0.343434343434343,0.373737373737374,1
0.343434343434343,0.383838383838384,1
0.343434343434343,0.393939393939394,1
0.343434343434343,0.404040404040404,1
0.343434343434343,0.414141414141414,1
0.343434343434343,0.424242424242424,0
0.343434343434343,0.434343434343434,0
0.343434343434343,0.444444444444444,0
0.343434343434343,0.454545454545455,0
0.343434343434343,0.464646464646465,1
0.343434343434343,0.474747474747475,1
0.343434343434343,0.484848484848485,1
0.343434343434343,0.494949494949495,1
0.343434343434343,0.505050505050505,1
0.343434343434343,0.515151515151515,1
0.343434343434343,0.525252525252525,1
0.343434343434343,0.535353535353535,1
0.343434343434343,0.545454545454545,1
0.343434343434343,0.555555555555556,1
0.343434343434343,0.565656565656566,1
0.343434343434343,0.575757575757576,1
0.343434343434343,0.585858585858586,1
0.343434343434343,0.595959595959596,1
0.343434343434343,0.606060606060606,1
0.343434343434343,0.616161616161616,1
0.343434343434343,0.626262626262626,1
0.343434343434343,0.636363636363636,1
0.343434343434343,0.646464646464647,1
0.343434343434343,0.656565656565657,1
0.343434343434343,0.666666666666667,1
0.343434343434343,0.676767676767677,1
0.343434343434343,0.686868686868687,1
0.343434343434343,0.696969696969697,1
0.343434343434343,0.707070707070707,1
0.343434343434343,0.717171717171717,1
0.343434343434343,0.727272727272727,1
0.343434343434343,0.737373737373737,1
0.343434343434343,0.747474747474748,1
0.343434343434343,0.757575757575758,1
0.343434343434343,0.767676767676768,1
0.343434343434343,0.777777777777778,1
0.343434343434343,0.787878787878788,1
0.343434343434343,0.797979797979798,1
0.343434343434343,0.808080808080808,1
0.343434343434343,0.818181818181818,1
0.343434343434343,0.828282828282828,1
0.343434343434343,0.838383838383838,1
0.343434343434343,0.848484848484849,1
0.343434343434343,0.858585858585859,1
0.343434343434343,0.868686868686869,1
0.343434343434343,0.878787878787879,1
0.343434343434343,0.888888888888889,1
0.343434343434343,0.898989898989899,1
0.343434343434343,0.909090909090909,1
0.343434343434343,0.919191919191919,1
0.343434343434343,0.929292929292929,1
0.343434343434343,0.939393939393939,1
0.343434343434343,0.94949494949495,1
0.343434343434343,0.95959595959596,1
0.343434343434343,0.96969696969697,1
0.343434343434343,0.97979797979798,1
0.343434343434343,0.98989898989899,1
0.343434343434343,1,1
0.353535353535354,0,-1
0.353535353535354,0.0101010101010101,1
0.353535353535354,0.0202020202020202,1
0.353535353535354,0.0303030303030303,1
0.353535353535354,0.0404040404040404,0
0.353535353535354,0.0505050505050505,0
0.353535353535354,0.0606060606060606,0
0.353535353535354,0.0707070707070707,0
0.353535353535354,0.0808080808080808,0
0.353535353535354,0.0909090909090909,0
0.353535353535354,0.101010101010101,0
0.353535353535354,0.111111111111111,0
0.353535353535354,0.121212121212121,0
0.353535353535354,0.131313131313131,0
0.353535353535354,0.141414141414141,0
0.353535353535354,0.151515151515152,0
0.353535353535354,0.161616161616162,0
0.353535353535354,0.171717171717172,0
0.353535353535354,0.181818181818182,1
0.353535353535354,0.191919191919192,1
0.353535353535354,0.202020202020202,1
0.353535353535354,0.212121212121212,1
0.353535353535354,0.222222222222222,1
0.353535353535354,0.232323232323232,1
0.353535353535354,0.242424242424242,1
0.353535353535354,0.252525252525253,1
0.353535353535354,0.262626262626263,1
0.353535353535354,0.272727272727273,1
0.353535353535354,0.282828282828283,1
0.353535353535354,0.292929292929293,1
0.353535353535354,0.303030303030303,1
0.353535353535354,0.313131313131313,1
0.353535353535354,0.323232323232323,1
0.353535353535354,0.333333333333333,1
0.353535353535354,0.343434343434343,1
0.353535353535354,0.353535353535354,1
0.353535353535354,0.363636363636364,1
0.353535353535354,0.373737373737374,1
0.353535353535354,0.383838383838384,1
0.353535353535354,0.393939393939394,1
0.353535353535354,0.404040404040404,1
0.353535353535354,0.414141414141414,1
0.353535353535354,0.424242424242424,0
0.353535353535354,0.434343434343434,0
0.353535353535354,0.444444444444444,0
0.353535353535354,0.454545454545455,1
0.353535353535354,0.464646464646465,1
0.353535353535354,0.474747474747475,1
0.353535353535354,0.484848484848485,1
0.353535353535354,0.494949494949495,1
0.353535353535354,0.505050505050505,1
0.353535353535354,0.515151515151515,1
0.353535353535354,0.525252525252525,1
0.353535353535354,0.535353535353535,1
0.353535353535354,0.545454545454545,1
0.353535353535354,0.555555555555556,1
0.353535353535354,0.565656565656566,1
0.353535353535354,0.575757575757576,1
0.353535353535354,0.585858585858586,1
0.353535353535354,0.595959595959596,1
0.353535353535354,0.606060606060606,1
0.353535353535354,0.616161616161616,1
0.353535353535354,0.626262626262626,1
0.353535353535354,0.636363636363636,1
0.353535353535354,0.646464646464647,1
0.353535353535354,0.656565656565657,1
0.353535353535354,0.666666666666667,1
0.353535353535354,0.676767676767677,1
0.353535353535354,0.686868686868687,1
0.353535353535354,0.696969696969697,1
0.353535353535354,0.707070707070707,1
0.353535353535354,0.717171717171717,1
0.353535353535354,0.727272727272727,1
0.353535353535354,0.737373737373737,1
0.353535353535354,0.747474747474748,1
0.353535353535354,0.757575757575758,1
0.353535353535354,0.767676767676768,1
0.353535353535354,0.777777777777778,1
0.353535353535354,0.787878787878788,1
0.353535353535354,0.797979797979798,1
0.353535353535354,0.808080808080808,1
0.353535353535354,0.818181818181818,1
0.353535353535354,0.828282828282828,1
0.353535353535354,0.838383838383838,1
0.353535353535354,0.848484848484849,1
0.353535353535354,0.858585858585859,1
0.353535353535354,0.868686868686869,1
0.353535353535354,0.878787878787879,1
0.353535353535354,0.888888888888889,1
0.353535353535354,0.898989898989899,1
0.353535353535354,0.909090909090909,1
0.353535353535354,0.919191919191919,1
0.353535353535354,0.929292929292929,1
0.353535353535354,0.939393939393939,1
0.353535353535354,0.94949494949495,1
0.353535353535354,0.95959595959596,1
0.353535353535354,0.96969696969697,1
0.353535353535354,0.97979797979798,1
0.353535353535354,0.98989898989899,1
0.353535353535354,1,1
0.363636363636364,0,-1
0.363636363636364,0.0101010101010101,-1
0.363636363636364,0.0202020202020202,1
0.363636363636364,0.0303030303030303,1
0.363636363636364,0.0404040404040404,1
0.363636363636364,0.0505050505050505,0
0.363636363636364,0.0606060606060606,0
0.363636363636364,0.0707070707070707,0
0.363636363636364,0.0808080808080808,0
0.363636363636364,0.0909090909090909,0
0.363636363636364,0.101010101010101,0
0.363636363636364,0.111111111111111,0
0.363636363636364,0.121212121212121,0
0.363636363636364,0.131313131313131,0
0.363636363636364,0.141414141414141,0
0.363636363636364,0.151515151515152,0
0.363636363636364,0.161616161616162,0
0.363636363636364,0.171717171717172,0
0.363636363636364,0.181818181818182,1
0.363636363636364,0.191919191919192,1
0.363636363636364,0.202020202020202,1
0.363636363636364,0.212121212121212,1
0.363636363636364,0.222222222222222,1
0.363636363636364,0.232323232323232,1
0.363636363636364,0.242424242424242,1
0.363636363636364,0.252525252525253,1
0.363636363636364,0.262626262626263,1
0.363636363636364,0.272727272727273,1
0.363636363636364,0.282828282828283,1
0.363636363636364,0.292929292929293,1
0.363636363636364,0.303030303030303,1
0.363636363636364,0.313131313131313,1
0.363636363636364,0.323232323232323,1
0.363636363636364,0.333333333333333,1
0.363636363636364,0.343434343434343,1
0.363636363636364,0.353535353535354,1
0.363636363636364,0.363636363636364,1
0.363636363636364,0.373737373737374,1
0.363636363636364,0.383838383838384,1
0.363636363636364,0.393939393939394,1
0.363636363636364,0.404040404040404,1
0.363636363636364,0.414141414141414,0
0.363636363636364,0.424242424242424,0
0.363636363636364,0.434343434343434,0
0.363636363636364,0.444444444444444,1
0.363636363636364,0.454545454545455,1
0.363636363636364,0.464646464646465,1
0.363636363636364,0.474747474747475,1
0.363636363636364,0.484848484848485,1
0.363636363636364,0.494949494949495,1
0.363636363636364,0.505050505050505,1
0.363636363636364,0.515151515151515,1
0.363636363636364,0.525252525252525,1
0.363636363636364,0.535353535353535,1
0.363636363636364,0.545454545454545,1
0.363636363636364,0.555555555555556,1
0.363636363636364,0.565656565656566,1
0.363636363636364,0.575757575757576,1
0.363636363636364,0.585858585858586,1
0.363636363636364,0.595959595959596,1
0.363636363636364,0.606060606060606,1
0.363636363636364,0.616161616161616,1
0.363636363636364,0.626262626262626,1
0.363636363636364,0.636363636363636,1
0.363636363636364,0.646464646464647,1
0.363636363636364,0.656565656565657,1
0.363636363636364,0.666666666666667,1
0.363636363636364,0.676767676767677,1
0.363636363636364,0.686868686868687,1
0.363636363636364,0.696969696969697,1
0.363636363636364,0.707070707070707,1
0.363636363636364,0.717171717171717,1
0.363636363636364,0.727272727272727,1
0.363636363636364,0.737373737373737,1
0.363636363636364,0.747474747474748,1
0.363636363636364,0.757575757575758,1
0.363636363636364,0.767676767676768,1
0.363636363636364,0.777777777777778,1
0.363636363636364,0.787878787878788,1
0.363636363636364,0.797979797979798,1
0.363636363636364,0.808080808080808,1
0.363636363636364,0.818181818181818,1
0.363636363636364,0.828282828282828,1
0.363636363636364,0.838383838383838,1
0.363636363636364,0.848484848484849,1
0.363636363636364,0.858585858585859,1
0.363636363636364,0.868686868686869,1
0.363636363636364,0.878787878787879,1
0.363636363636364,0.888888888888889,1
0.363636363636364,0.898989898989899,1
0.363636363636364,0.909090909090909,1
0.363636363636364,0.919191919191919,1
0.363636363636364,0.929292929292929,1
0.363636363636364,0.939393939393939,1
0.363636363636364,0.94949494949495,1
0.363636363636364,0.95959595959596,1
0.363636363636364,0.96969696969697,1
0.363636363636364,0.97979797979798,1
0.363636363636364,0.98989898989899,1
0.363636363636364,1,1
0.373737373737374,0,-1
0.373737373737374,0.0101010101010101,-1
0.373737373737374,0.0202020202020202,1
0.373737373737374,0.0303030303030303,1
0.373737373737374,0.0404040404040404,0
0.373737373737374,0.0505050505050505,0
0.373737373737374,0.0606060606060606,0
0.373737373737374,0.0707070707070707,0
0.373737373737374,0.0808080808080808,0
0.373737373737374,0.0909090909090909,0
0.373737373737374,0.101010101010101,0
0.373737373737374,0.111111111111111,0
0.373737373737374,0.121212121212121,0
0.373737373737374,0.131313131313131,0
0.373737373737374,0.141414141414141,0
0.373737373737374,0.151515151515152,0
0.373737373737374,0.161616161616162,0
0.373737373737374,0.171717171717172,0
0.373737373737374,0.181818181818182,1
0.373737373737374,0.191919191919192,1
0.373737373737374,0.202020202020202,1
0.373737373737374,0.212121212121212,1
0.373737373737374,0.222222222222222,1
0.373737373737374,0.232323232323232,1
0.373737373737374,0.242424242424242,1
0.373737373737374,0.252525252525253,1
0.373737373737374,0.262626262626263,1
0.373737373737374,0.272727272727273,1
0.373737373737374,0.282828282828283,1
0.373737373737374,0.292929292929293,1
0.373737373737374,0.303030303030303,1
0.373737373737374,0.313131313131313,1
0.373737373737374,0.323232323232323,1
0.373737373737374,0.333333333333333,1
0.373737373737374,0.343434343434343,1
0.373737373737374,0.353535353535354,1
0.373737373737374,0.363636363636364,1
0.373737373737374,0.373737373737374,1
0.373737373737374,0.383838383838384,1
0.373737373737374,0.393939393939394,1
0.373737373737374,0.404040404040404,0
0.373737373737374,0.414141414141414,0
0.373737373737374,0.424242424242424,0
0.373737373737374,0.434343434343434,1
0.373737373737374,0.444444444444444,1
0.373737373737374,0.454545454545455,1
0.373737373737374,0.464646464646465,1
0.373737373737374,0.474747474747475,1
0.373737373737374,0.484848484848485,1
0.373737373737374,0.494949494949495,1
0.373737373737374,0.505050505050505,1
0.373737373737374,0.515151515151515,1
0.373737373737374,0.525252525252525,1
0.373737373737374,0.535353535353535,1
0.373737373737374,0.545454545454545,1
0.373737373737374,0.555555555555556,1
0.373737373737374,0.565656565656566,1
0.373737373737374,0.575757575757576,1
0.373737373737374,0.585858585858586,1
0.373737373737374,0.595959595959596,1
0.373737373737374,0.606060606060606,1
0.373737373737374,0.616161616161616,1
0.373737373737374,0.626262626262626,1
0.373737373737374,0.636363636363636,1
0.373737373737374,0.646464646464647,1
0.373737373737374,0.656565656565657,1
0.373737373737374,0.666666666666667,1
0.373737373737374,0.676767676767677,1
0.373737373737374,0.686868686868687,1
0.373737373737374,0.696969696969697,1
0.373737373737374,0.707070707070707,1
0.373737373737374,0.717171717171717,1
0.373737373737374,0.727272727272727,1
0.373737373737374,0.737373737373737,1
0.373737373737374,0.747474747474748,1
0.373737373737374,0.757575757575758,1
0.373737373737374,0.767676767676768,1
0.373737373737374,0.777777777777778,1
0.373737373737374,0.787878787878788,1
0.373737373737374,0.797979797979798,1
0.373737373737374,0.808080808080808,1
0.373737373737374,0.818181818181818,1
0.373737373737374,0.828282828282828,1
0.373737373737374,0.838383838383838,1
0.373737373737374,0.848484848484849,1
0.373737373737374,0.858585858585859,1
0.373737373737374,0.868686868686869,1
0.373737373737374,0.878787878787879,1
0.373737373737374,0.888888888888889,1
0.373737373737374,0.898989898989899,1
0.373737373737374,0.909090909090909,1
0.373737373737374,0.919191919191919,1
0.373737373737374,0.929292929292929,1
0.373737373737374,0.939393939393939,1
0.373737373737374,0.94949494949495,1
0.373737373737374,0.95959595959596,1
0.373737373737374,0.96969696969697,1
0.373737373737374,0.97979797979798,1
0.373737373737374,0.98989898989899,1
0.373737373737374,1,1
0.383838383838384,0,-1
0.383838383838384,0.0101010101010101,-1
0.383838383838384,0.0202020202020202,1
0.383838383838384,0.0303030303030303,1
0.383838383838384,0.0404040404040404,0
0.383838383838384,0.0505050505050505,0
0.383838383838384,0.0606060606060606,0
0.383838383838384,0.0707070707070707,0
0.383838383838384,0.0808080808080808,0
0.383838383838384,0.0909090909090909,0
0.383838383838384,0.101010101010101,0
0.383838383838384,0.111111111111111,0
0.383838383838384,0.121212121212121,0
0.383838383838384,0.131313131313131,0
0.383838383838384,0.141414141414141,0
0.383838383838384,0.151515151515152,0
0.383838383838384,0.161616161616162,0
0.383838383838384,0.171717171717172,0
0.383838383838384,0.181818181818182,1
0.383838383838384,0.191919191919192,1
0.383838383838384,0.202020202020202,1
0.383838383838384,0.212121212121212,1
0.383838383838384,0.222222222222222,1
0.383838383838384,0.232323232323232,1
0.383838383838384,0.242424242424242,1
0.383838383838384,0.252525252525253,1
0.383838383838384,0.262626262626263,1
0.383838383838384,0.272727272727273,1
0.383838383838384,0.282828282828283,1
0.383838383838384,0.292929292929293,1
0.383838383838384,0.303030303030303,1
0.383838383838384,0.313131313131313,1
0.383838383838384,0.323232323232323,1
0.383838383838384,0.333333333333333,1
0.383838383838384,0.343434343434343,1
0.383838383838384,0.353535353535354,1
0.383838383838384,0.363636363636364,1
0.383838383838384,0.373737373737374,1
0.383838383838384,0.383838383838384,0
0.383838383838384,0.393939393939394,0
0.383838383838384,0.404040404040404,0
0.383838383838384,0.414141414141414,0
0.383838383838384,0.424242424242424,0
0.383838383838384,0.434343434343434,1
0.383838383838384,0.444444444444444,1
0.383838383838384,0.454545454545455,1
0.383838383838384,0.464646464646465,1
0.383838383838384,0.474747474747475,1
0.383838383838384,0.484848484848485,1
0.383838383838384,0.494949494949495,1
0.383838383838384,0.505050505050505,1
0.383838383838384,0.515151515151515,1
0.383838383838384,0.525252525252525,1
0.383838383838384,0.535353535353535,1
0.383838383838384,0.545454545454545,1
0.383838383838384,0.555555555555556,1
0.383838383838384,0.565656565656566,1
0.383838383838384,0.575757575757576,1
0.383838383838384,0.585858585858586,1
0.383838383838384,0.595959595959596,1
0.383838383838384,0.606060606060606,1
0.383838383838384,0.616161616161616,1
0.383838383838384,0.626262626262626,1
0.383838383838384,0.636363636363636,1
0.383838383838384,0.646464646464647,1
0.383838383838384,0.656565656565657,1
0.383838383838384,0.666666666666667,1
0.383838383838384,0.676767676767677,1
0.383838383838384,0.686868686868687,1
0.383838383838384,0.696969696969697,1
0.383838383838384,0.707070707070707,1
0.383838383838384,0.717171717171717,1
0.383838383838384,0.727272727272727,1
0.383838383838384,0.737373737373737,1
0.383838383838384,0.747474747474748,1
0.383838383838384,0.757575757575758,1
0.383838383838384,0.767676767676768,1
0.383838383838384,0.777777777777778,1
0.383838383838384,0.787878787878788,1
0.383838383838384,0.797979797979798,1
0.383838383838384,0.808080808080808,1
0.383838383838384,0.818181818181818,1
0.383838383838384,0.828282828282828,1
0.383838383838384,0.838383838383838,1
0.383838383838384,0.848484848484849,1
0.383838383838384,0.858585858585859,1
0.383838383838384,0.868686868686869,1
0.383838383838384,0.878787878787879,1
0.383838383838384,0.888888888888889,1
0.383838383838384,0.898989898989899,1
0.383838383838384,0.909090909090909,1
0.383838383838384,0.919191919191919,1
0.383838383838384,0.929292929292929,1
0.383838383838384,0.939393939393939,1
0.383838383838384,0.94949494949495,1
0.383838383838384,0.95959595959596,1
0.383838383838384,0.96969696969697,1
0.383838383838384,0.97979797979798,1
0.383838383838384,0.98989898989899,1
0.383838383838384,1,1
0.393939393939394,0,-1
0.393939393939394,0.0101010101010101,-1
0.393939393939394,0.0202020202020202,1
0.393939393939394,0.0303030303030303,1
0.393939393939394,0.0404040404040404,1
0.393939393939394,0.0505050505050505,0
0.393939393939394,0.0606060606060606,0
0.393939393939394,0.0707070707070707,0
0.393939393939394,0.0808080808080808,0
0.393939393939394,0.0909090909090909,0
0.393939393939394,0.101010101010101,0
0.393939393939394,0.111111111111111,0
0.393939393939394,0.121212121212121,0
0.393939393939394,0.131313131313131,0
0.393939393939394,0.141414141414141,0
0.393939393939394,0.151515151515152,0
0.393939393939394,0.161616161616162,0
0.393939393939394,0.171717171717172,1
0.393939393939394,0.181818181818182,1
0.393939393939394,0.191919191919192,1
0.393939393939394,0.202020202020202,1
0.393939393939394,0.212121212121212,1
0.393939393939394,0.222222222222222,1
0.393939393939394,0.232323232323232,1
0.393939393939394,0.242424242424242,1
0.393939393939394,0.252525252525253,1
0.393939393939394,0.262626262626263,1
0.393939393939394,0.272727272727273,1
0.393939393939394,0.282828282828283,1
0.393939393939394,0.292929292929293,1
0.393939393939394,0.303030303030303,1
0.393939393939394,0.313131313131313,1
0.393939393939394,0.323232323232323,1
0.393939393939394,0.333333333333333,1
0.393939393939394,0.343434343434343,1
0.393939393939394,0.353535353535354,1
0.393939393939394,0.363636363636364,1
0.393939393939394,0.373737373737374,1
0.393939393939394,0.383838383838384,0
0.393939393939394,0.393939393939394,0
0.393939393939394,0.404040404040404,0
0.393939393939394,0.414141414141414,0
0.393939393939394,0.424242424242424,1
0.393939393939394,0.434343434343434,1
0.393939393939394,0.444444444444444,1
0.393939393939394,0.454545454545455,1
0.393939393939394,0.464646464646465,1
0.393939393939394,0.474747474747475,1
0.393939393939394,0.484848484848485,1
0.393939393939394,0.494949494949495,1
0.393939393939394,0.505050505050505,1
0.393939393939394,0.515151515151515,1
0.393939393939394,0.525252525252525,1
0.393939393939394,0.535353535353535,1
0.393939393939394,0.545454545454545,1
0.393939393939394,0.555555555555556,1
0.393939393939394,0.565656565656566,1
0.393939393939394,0.575757575757576,1
0.393939393939394,0.585858585858586,1
0.393939393939394,0.595959595959596,1
0.393939393939394,0.606060606060606,1
0.393939393939394,0.616161616161616,1
0.393939393939394,0.626262626262626,1
0.393939393939394,0.636363636363636,1
0.393939393939394,0.646464646464647,1
0.393939393939394,0.656565656565657,1
0.393939393939394,0.666666666666667,1
0.393939393939394,0.676767676767677,1
0.393939393939394,0.686868686868687,1
0.393939393939394,0.696969696969697,1
0.393939393939394,0.707070707070707,1
0.393939393939394,0.717171717171717,1
0.393939393939394,0.727272727272727,1
0.393939393939394,0.737373737373737,1
0.393939393939394,0.747474747474748,1
0.393939393939394,0.757575757575758,1
0.393939393939394,0.767676767676768,1
0.393939393939394,0.777777777777778,1
0.393939393939394,0.787878787878788,1
0.393939393939394,0.797979797979798,1
0.393939393939394,0.808080808080808,1
0.393939393939394,0.818181818181818,1
0.393939393939394,0.828282828282828,1
0.393939393939394,0.838383838383838,1
0.393939393939394,0.848484848484849,1
0.393939393939394,0.858585858585859,1
0.393939393939394,0.868686868686869,1
0.393939393939394,0.878787878787879,1
0.393939393939394,0.888888888888889,1
0.393939393939394,0.898989898989899,1
0.393939393939394,0.909090909090909,1
0.393939393939394,0.919191919191919,1
0.393939393939394,0.929292929292929,1
0.393939393939394,0.939393939393939,1
0.393939393939394,0.94949494949495,1
0.393939393939394,0.95959595959596,1
0.393939393939394,0.96969696969697,1
0.393939393939394,0.97979797979798,1
0.393939393939394,0.98989898989899,1
0.393939393939394,1,1
0.404040404040404,0,-1
0.404040404040404,0.0101010101010101,-1
0.404040404040404,0.0202020202020202,1
0.404040404040404,0.0303030303030303,1
0.404040404040404,0.0404040404040404,1
0.404040404040404,0.0505050505050505,0
0.404040404040404,0.0606060606060606,0
0.404040404040404,0.0707070707070707,0
0.404040404040404,0.0808080808080808,0
0.404040404040404,0.0909090909090909,0
0.404040404040404,0.101010101010101,0
0.404040404040404,0.111111111111111,0
0.404040404040404,0.121212121212121,0
0.404040404040404,0.131313131313131,0
0.404040404040404,0.141414141414141,0
0.404040404040404,0.151515151515152,0
0.404040404040404,0.161616161616162,0
0.404040404040404,0.171717171717172,1
0.404040404040404,0.181818181818182,1
0.404040404040404,0.191919191919192,1
0.404040404040404,0.202020202020202,1
0.404040404040404,0.212121212121212,1
0.404040404040404,0.222222222222222,1
0.404040404040404,0.232323232323232,1
0.404040404040404,0.242424242424242,1
0.404040404040404,0.252525252525253,1
0.404040404040404,0.262626262626263,1
0.404040404040404,0.272727272727273,1
0.404040404040404,0.282828282828283,1
0.404040404040404,0.292929292929293,1
0.404040404040404,0.303030303030303,1
0.404040404040404,0.313131313131313,1
0.404040404040404,0.323232323232323,1
0.404040404040404,0.333333333333333,1
0.404040404040404,0.343434343434343,1
0.404040404040404,0.353535353535354,1
0.404040404040404,0.363636363636364,1
0.404040404040404,0.373737373737374,0
0.404040404040404,0.383838383838384,0
0.404040404040404,0.393939393939394,0
0.404040404040404,0.404040404040404,0
0.404040404040404,0.414141414141414,1
0.404040404040404,0.424242424242424,1
0.404040404040404,0.434343434343434,1
0.404040404040404,0.444444444444444,1
0.404040404040404,0.454545454545455,1
0.404040404040404,0.464646464646465,1
0.404040404040404,0.474747474747475,1
0.404040404040404,0.484848484848485,1
0.404040404040404,0.494949494949495,1
0.404040404040404,0.505050505050505,1
0.404040404040404,0.515151515151515,1
0.404040404040404,0.525252525252525,1
0.404040404040404,0.535353535353535,1
0.404040404040404,0.545454545454545,1
0.404040404040404,0.555555555555556,1
0.404040404040404,0.565656565656566,1
0.404040404040404,0.575757575757576,1
0.404040404040404,0.585858585858586,1
0.404040404040404,0.595959595959596,1
0.404040404040404,0.606060606060606,1
0.404040404040404,0.616161616161616,1
0.404040404040404,0.626262626262626,1
0.404040404040404,0.636363636363636,1
0.404040404040404,0.646464646464647,1
0.404040404040404,0.656565656565657,1
0.404040404040404,0.666666666666667,1
0.404040404040404,0.676767676767677,1
0.404040404040404,0.686868686868687,1
0.404040404040404,0.696969696969697,1
0.404040404040404,0.707070707070707,1
0.404040404040404,0.717171717171717,1
0.404040404040404,0.727272727272727,1
0.404040404040404,0.737373737373737,1
0.404040404040404,0.747474747474748,1
0.404040404040404,0.757575757575758,1
0.404040404040404,0.767676767676768,1
0.404040404040404,0.777777777777778,1
0.404040404040404,0.787878787878788,1
0.404040404040404,0.797979797979798,1
0.404040404040404,0.808080808080808,1
0.404040404040404,0.818181818181818,1
0.404040404040404,0.828282828282828,1
0.404040404040404,0.838383838383838,1
0.404040404040404,0.848484848484849,1
0.404040404040404,0.858585858585859,1
0.404040404040404,0.868686868686869,1
0.404040404040404,0.878787878787879,1
0.404040404040404,0.888888888888889,1
0.404040404040404,0.898989898989899,1
0.404040404040404,0.909090909090909,1
0.404040404040404,0.919191919191919,1
0.404040404040404,0.929292929292929,1
0.404040404040404,0.939393939393939,1
0.404040404040404,0.94949494949495,1
0.404040404040404,0.95959595959596,1
0.404040404040404,0.96969696969697,1
0.404040404040404,0.97979797979798,1
0.404040404040404,0.98989898989899,1
0.404040404040404,1,1
0.414141414141414,0,-1
0.414141414141414,0.0101010101010101,-1
0.414141414141414,0.0202020202020202,1
0.414141414141414,0.0303030303030303,1
0.414141414141414,0.0404040404040404,1
0.414141414141414,0.0505050505050505,0
0.414141414141414,0.0606060606060606,0
0.414141414141414,0.0707070707070707,0
0.414141414141414,0.0808080808080808,0
0.414141414141414,0.0909090909090909,0
0.414141414141414,0.101010101010101,0
0.414141414141414,0.111111111111111,0
0.414141414141414,0.121212121212121,0
0.414141414141414,0.131313131313131,0
0.414141414141414,0.141414141414141,0
0.414141414141414,0.151515151515152,0
0.414141414141414,0.161616161616162,1
0.414141414141414,0.171717171717172,1
0.414141414141414,0.181818181818182,1
0.414141414141414,0.191919191919192,1
0.414141414141414,0.202020202020202,1
0.414141414141414,0.212121212121212,1
0.414141414141414,0.222222222222222,1
0.414141414141414,0.232323232323232,1
0.414141414141414,0.242424242424242,1
0.414141414141414,0.252525252525253,1
0.414141414141414,0.262626262626263,1
0.414141414141414,0.272727272727273,1
0.414141414141414,0.282828282828283,1
0.414141414141414,0.292929292929293,1
0.414141414141414,0.303030303030303,1
0.414141414141414,0.313131313131313,1
0.414141414141414,0.323232323232323,1
0.414141414141414,0.333333333333333,1
0.414141414141414,0.343434343434343,1
0.414141414141414,0.353535353535354,1
0.414141414141414,0.363636363636364,1
0.414141414141414,0.373737373737374,0
0.414141414141414,0.383838383838384,0
0.414141414141414,0.393939393939394,0
0.414141414141414,0.404040404040404,1
0.414141414141414,0.414141414141414,1
0.414141414141414,0.424242424242424,1
0.414141414141414,0.434343434343434,1
0.414141414141414,0.444444444444444,1
0.414141414141414,0.454545454545455,1
0.414141414141414,0.464646464646465,1
0.414141414141414,0.474747474747475,1
0.414141414141414,0.484848484848485,1
0.414141414141414,0.494949494949495,1
0.414141414141414,0.505050505050505,1
0.414141414141414,0.515151515151515,1
0.414141414141414,0.525252525252525,1
0.414141414141414,0.535353535353535,1
0.414141414141414,0.545454545454545,1
0.414141414141414,0.555555555555556,1
0.414141414141414,0.565656565656566,1
0.414141414141414,0.575757575757576,1
0.414141414141414,0.585858585858586,1
0.414141414141414,0.595959595959596,1
0.414141414141414,0.606060606060606,1
0.414141414141414,0.616161616161616,1
0.414141414141414,0.626262626262626,1
0.414141414141414,0.636363636363636,1
0.414141414141414,0.646464646464647,1
0.414141414141414,0.656565656565657,1
0.414141414141414,0.666666666666667,1
0.414141414141414,0.676767676767677,1
0.414141414141414,0.686868686868687,1
0.414141414141414,0.696969696969697,1
0.414141414141414,0.707070707070707,1
0.414141414141414,0.717171717171717,1
0.414141414141414,0.727272727272727,1
0.414141414141414,0.737373737373737,1
0.414141414141414,0.747474747474748,1
0.414141414141414,0.757575757575758,1
0.414141414141414,0.767676767676768,1
0.414141414141414,0.777777777777778,1
0.414141414141414,0.787878787878788,1
0.414141414141414,0.797979797979798,1
0.414141414141414,0.808080808080808,1
0.414141414141414,0.818181818181818,1
0.414141414141414,0.828282828282828,1
0.414141414141414,0.838383838383838,1
0.414141414141414,0.848484848484849,1
0.414141414141414,0.858585858585859,1
0.414141414141414,0.868686868686869,1
0.414141414141414,0.878787878787879,1
0.414141414141414,0.888888888888889,1
0.414141414141414,0.898989898989899,1
0.414141414141414,0.909090909090909,1
0.414141414141414,0.919191919191919,1
0.414141414141414,0.929292929292929,1
0.414141414141414,0.939393939393939,1
0.414141414141414,0.94949494949495,1
0.414141414141414,0.95959595959596,1
0.414141414141414,0.96969696969697,1
0.414141414141414,0.97979797979798,1
0.414141414141414,0.98989898989899,1
0.414141414141414,1,1
0.424242424242424,0,-1
0.424242424242424,0.0101010101010101,-1
0.424242424242424,0.0202020202020202,1
0.424242424242424,0.0303030303030303,1
0.424242424242424,0.0404040404040404,1
0.424242424242424,0.0505050505050505,0
0.424242424242424,0.0606060606060606,0
0.424242424242424,0.0707070707070707,0
0.424242424242424,0.0808080808080808,0
0.424242424242424,0.0909090909090909,0
0.424242424242424,0.101010101010101,0
0.424242424242424,0.111111111111111,0
0.424242424242424,0.121212121212121,0
0.424242424242424,0.131313131313131,0
0.424242424242424,0.141414141414141,0
0.424242424242424,0.151515151515152,0
0.424242424242424,0.161616161616162,1
0.424242424242424,0.171717171717172,1
0.424242424242424,0.181818181818182,1
0.424242424242424,0.191919191919192,1
0.424242424242424,0.202020202020202,1
0.424242424242424,0.212121212121212,1
0.424242424242424,0.222222222222222,1
0.424242424242424,0.232323232323232,1
0.424242424242424,0.242424242424242,1
0.424242424242424,0.252525252525253,1
0.424242424242424,0.262626262626263,1
0.424242424242424,0.272727272727273,1
0.424242424242424,0.282828282828283,1
0.424242424242424,0.292929292929293,1
0.424242424242424,0.303030303030303,1
0.424242424242424,0.313131313131313,1
0.424242424242424,0.323232323232323,1
0.424242424242424,0.333333333333333,1
0.424242424242424,0.343434343434343,1
0.424242424242424,0.353535353535354,1
0.424242424242424,0.363636363636364,0
0.424242424242424,0.373737373737374,0
0.424242424242424,0.383838383838384,0
0.424242424242424,0.393939393939394,1
0.424242424242424,0.404040404040404,1
0.424242424242424,0.414141414141414,1
0.424242424242424,0.424242424242424,1
0.424242424242424,0.434343434343434,1
0.424242424242424,0.444444444444444,1
0.424242424242424,0.454545454545455,1
0.424242424242424,0.464646464646465,1
0.424242424242424,0.474747474747475,1
0.424242424242424,0.484848484848485,1
0.424242424242424,0.494949494949495,1
0.424242424242424,0.505050505050505,1
0.424242424242424,0.515151515151515,1
0.424242424242424,0.525252525252525,1
0.424242424242424,0.535353535353535,1
0.424242424242424,0.545454545454545,1
0.424242424242424,0.555555555555556,1
0.424242424242424,0.565656565656566,1
0.424242424242424,0.575757575757576,1
0.424242424242424,0.585858585858586,1
0.424242424242424,0.595959595959596,1
0.424242424242424,0.606060606060606,1
0.424242424242424,0.616161616161616,1
0.424242424242424,0.626262626262626,1
0.424242424242424,0.636363636363636,1
0.424242424242424,0.646464646464647,1
0.424242424242424,0.656565656565657,1
0.424242424242424,0.666666666666667,1
0.424242424242424,0.676767676767677,1
0.424242424242424,0.686868686868687,1
0.424242424242424,0.696969696969697,1
0.424242424242424,0.707070707070707,1
0.424242424242424,0.717171717171717,1
0.424242424242424,0.727272727272727,1
0.424242424242424,0.737373737373737,1
0.424242424242424,0.747474747474748,1
0.424242424242424,0.757575757575758,1
0.424242424242424,0.767676767676768,1
0.424242424242424,0.777777777777778,1
0.424242424242424,0.787878787878788,1
0.424242424242424,0.797979797979798,1
0.424242424242424,0.808080808080808,1
0.424242424242424,0.818181818181818,1
0.424242424242424,0.828282828282828,1
0.424242424242424,0.838383838383838,1
0.424242424242424,0.848484848484849,1
0.424242424242424,0.858585858585859,1
0.424242424242424,0.868686868686869,1
0.424242424242424,0.878787878787879,1
0.424242424242424,0.888888888888889,1
0.424242424242424,0.898989898989899,1
0.424242424242424,0.909090909090909,1
0.424242424242424,0.919191919191919,1
0.424242424242424,0.929292929292929,1
0.424242424242424,0.939393939393939,1
0.424242424242424,0.94949494949495,1
0.424242424242424,0.95959595959596,1
0.424242424242424,0.96969696969697,1
0.424242424242424,0.97979797979798,1
0.424242424242424,0.98989898989899,1
0.424242424242424,1,1
0.434343434343434,0,-1
0.434343434343434,0.0101010101010101,-1
0.434343434343434,0.0202020202020202,1
0.434343434343434,0.0303030303030303,1
0.434343434343434,0.0404040404040404,1
0.434343434343434,0.0505050505050505,1
0.434343434343434,0.0606060606060606,0
0.434343434343434,0.0707070707070707,0
0.434343434343434,0.0808080808080808,0
0.434343434343434,0.0909090909090909,0
0.434343434343434,0.101010101010101,0
0.434343434343434,0.111111111111111,0
0.434343434343434,0.121212121212121,0
0.434343434343434,0.131313131313131,0
0.434343434343434,0.141414141414141,0
0.434343434343434,0.151515151515152,1
0.434343434343434,0.161616161616162,1
0.434343434343434,0.171717171717172,1
0.434343434343434,0.181818181818182,1
0.434343434343434,0.191919191919192,1
0.434343434343434,0.202020202020202,1
0.434343434343434,0.212121212121212,1
0.434343434343434,0.222222222222222,1
0.434343434343434,0.232323232323232,1
0.434343434343434,0.242424242424242,1
0.434343434343434,0.252525252525253,1
0.434343434343434,0.262626262626263,1
0.434343434343434,0.272727272727273,1
0.434343434343434,0.282828282828283,1
0.434343434343434,0.292929292929293,1
0.434343434343434,0.303030303030303,1
0.434343434343434,0.313131313131313,1
0.434343434343434,0.323232323232323,1
0.434343434343434,0.333333333333333,1
0.434343434343434,0.343434343434343,1
0.434343434343434,0.353535353535354,0
0.434343434343434,0.363636363636364,0
0.434343434343434,0.373737373737374,0
0.434343434343434,0.383838383838384,1
0.434343434343434,0.393939393939394,1
0.434343434343434,0.404040404040404,1
0.434343434343434,0.414141414141414,1
0.434343434343434,0.424242424242424,1
0.434343434343434,0.434343434343434,1
0.434343434343434,0.444444444444444,1
0.434343434343434,0.454545454545455,1
0.434343434343434,0.464646464646465,1
0.434343434343434,0.474747474747475,1
0.434343434343434,0.484848484848485,1
0.434343434343434,0.494949494949495,1
0.434343434343434,0.505050505050505,1
0.434343434343434,0.515151515151515,1
0.434343434343434,0.525252525252525,1
0.434343434343434,0.535353535353535,1
0.434343434343434,0.545454545454545,1
0.434343434343434,0.555555555555556,1
0.434343434343434,0.565656565656566,1
0.434343434343434,0.575757575757576,1
0.434343434343434,0.585858585858586,1
0.434343434343434,0.595959595959596,1
0.434343434343434,0.606060606060606,1
0.434343434343434,0.616161616161616,1
0.434343434343434,0.626262626262626,1
0.434343434343434,0.636363636363636,1
0.434343434343434,0.646464646464647,1
0.434343434343434,0.656565656565657,1
0.434343434343434,0.666666666666667,1
0.434343434343434,0.676767676767677,1
0.434343434343434,0.686868686868687,1
0.434343434343434,0.696969696969697,1
0.434343434343434,0.707070707070707,1
0.434343434343434,0.717171717171717,1
0.434343434343434,0.727272727272727,1
0.434343434343434,0.737373737373737,1
0.434343434343434,0.747474747474748,1
0.434343434343434,0.757575757575758,1
0.434343434343434,0.767676767676768,1
0.434343434343434,0.777777777777778,1
0.434343434343434,0.787878787878788,1
0.434343434343434,0.797979797979798,1
0.434343434343434,0.808080808080808,1
0.434343434343434,0.818181818181818,1
0.434343434343434,0.828282828282828,1
0.434343434343434,0.838383838383838,1
0.434343434343434,0.848484848484849,1
0.434343434343434,0.858585858585859,1
0.434343434343434,0.868686868686869,1
0.434343434343434,0.878787878787879,1
0.434343434343434,0.888888888888889,1
0.434343434343434,0.898989898989899,1
0.434343434343434,0.909090909090909,1
0.434343434343434,0.919191919191919,1
0.434343434343434,0.929292929292929,1
0.434343434343434,0.939393939393939,1
0.434343434343434,0.94949494949495,1
0.434343434343434,0.95959595959596,1
0.434343434343434,0.96969696969697,1
0.434343434343434,0.97979797979798,1
0.434343434343434,0.98989898989899,1
0.434343434343434,1,1
0.444444444444444,0,-1
0.444444444444444,0.0101010101010101,-1
0.444444444444444,0.0202020202020202,1
0.444444444444444,0.0303030303030303,1
0.444444444444444,0.0404040404040404,1
0.444444444444444,0.0505050505050505,1
0.444444444444444,0.0606060606060606,0
0.444444444444444,0.0707070707070707,0
0.444444444444444,0.0808080808080808,0
0.444444444444444,0.0909090909090909,0
0.444444444444444,0.101010101010101,0
0.444444444444444,0.111111111111111,0
0.444444444444444,0.121212121212121,0
0.444444444444444,0.131313131313131,0
0.444444444444444,0.141414141414141,1
0.444444444444444,0.151515151515152,1
0.444444444444444,0.161616161616162,1
0.444444444444444,0.171717171717172,1
0.444444444444444,0.181818181818182,1
0.444444444444444,0.191919191919192,1
0.444444444444444,0.202020202020202,1
0.444444444444444,0.212121212121212,1
0.444444444444444,0.222222222222222,1
0.444444444444444,0.232323232323232,1
0.444444444444444,0.242424242424242,1
0.444444444444444,0.252525252525253,1
0.444444444444444,0.262626262626263,1
0.444444444444444,0.272727272727273,1
0.444444444444444,0.282828282828283,1
0.444444444444444,0.292929292929293,1
0.444444444444444,0.303030303030303,1
0.444444444444444,0.313131313131313,1
0.444444444444444,0.323232323232323,1
0.444444444444444,0.333333333333333,0
0.444444444444444,0.343434343434343,1
0.444444444444444,0.353535353535354,0
0.444444444444444,0.363636363636364,1
0.444444444444444,0.373737373737374,1
0.444444444444444,0.383838383838384,1
0.444444444444444,0.393939393939394,1
0.444444444444444,0.404040404040404,1
0.444444444444444,0.414141414141414,1
0.444444444444444,0.424242424242424,1
0.444444444444444,0.434343434343434,1
0.444444444444444,0.444444444444444,1
0.444444444444444,0.454545454545455,1
0.444444444444444,0.464646464646465,1
0.444444444444444,0.474747474747475,1
0.444444444444444,0.484848484848485,1
0.444444444444444,0.494949494949495,1
0.444444444444444,0.505050505050505,1
0.444444444444444,0.515151515151515,1
0.444444444444444,0.525252525252525,1
0.444444444444444,0.535353535353535,1
0.444444444444444,0.545454545454545,1
0.444444444444444,0.555555555555556,1
0.444444444444444,0.565656565656566,1
0.444444444444444,0.575757575757576,1
0.444444444444444,0.585858585858586,1
0.444444444444444,0.595959595959596,1
0.444444444444444,0.606060606060606,1
0.444444444444444,0.616161616161616,1
0.444444444444444,0.626262626262626,1
0.444444444444444,0.636363636363636,1
0.444444444444444,0.646464646464647,1
0.444444444444444,0.656565656565657,1
0.444444444444444,0.666666666666667,1
0.444444444444444,0.676767676767677,1
0.444444444444444,0.686868686868687,1
0.444444444444444,0.696969696969697,1
0.444444444444444,0.707070707070707,1
0.444444444444444,0.717171717171717,1
0.444444444444444,0.727272727272727,1
0.444444444444444,0.737373737373737,1
0.444444444444444,0.747474747474748,1
0.444444444444444,0.757575757575758,1
0.444444444444444,0.767676767676768,1
0.444444444444444,0.777777777777778,1
0.444444444444444,0.787878787878788,1
0.444444444444444,0.797979797979798,1
0.444444444444444,0.808080808080808,1
0.444444444444444,0.818181818181818,1
0.444444444444444,0.828282828282828,1
0.444444444444444,0.838383838383838,1
0.444444444444444,0.848484848484849,1
0.444444444444444,0.858585858585859,1
0.444444444444444,0.868686868686869,1
0.444444444444444,0.878787878787879,1
0.444444444444444,0.888888888888889,1
0.444444444444444,0.898989898989899,1
0.444444444444444,0.909090909090909,1
0.444444444444444,0.919191919191919,1
0.444444444444444,0.929292929292929,1
0.444444444444444,0.939393939393939,1
0.444444444444444,0.94949494949495,1
0.444444444444444,0.95959595959596,1
0.444444444444444,0.96969696969697,1
0.444444444444444,0.97979797979798,1
0.444444444444444,0.98989898989899,1
0.444444444444444,1,1
0.454545454545455,0,-1
0.454545454545455,0.0101010101010101,-1
0.454545454545455,0.0202020202020202,1
0.454545454545455,0.0303030303030303,1
0.454545454545455,0.0404040404040404,1
0.454545454545455,0.0505050505050505,1
0.454545454545455,0.0606060606060606,0
0.454545454545455,0.0707070707070707,0
0.454545454545455,0.0808080808080808,0
0.454545454545455,0.0909090909090909,0
0.454545454545455,0.101010101010101,0
0.454545454545455,0.111111111111111,0
0.454545454545455,0.121212121212121,0
0.454545454545455,0.131313131313131,1
0.454545454545455,0.141414141414141,1
0.454545454545455,0.151515151515152,1
0.454545454545455,0.161616161616162,1
0.454545454545455,0.171717171717172,1
0.454545454545455,0.181818181818182,1
0.454545454545455,0.191919191919192,1
0.454545454545455,0.202020202020202,1
0.454545454545455,0.212121212121212,1
0.454545454545455,0.222222222222222,1
0.454545454545455,0.232323232323232,1
0.454545454545455,0.242424242424242,1
0.454545454545455,0.252525252525253,1
0.454545454545455,0.262626262626263,1
0.454545454545455,0.272727272727273,1
0.454545454545455,0.282828282828283,1
0.454545454545455,0.292929292929293,1
0.454545454545455,0.303030303030303,1
0.454545454545455,0.313131313131313,1
0.454545454545455,0.323232323232323,1
0.454545454545455,0.333333333333333,0
0.454545454545455,0.343434343434343,0
0.454545454545455,0.353535353535354,1
0.454545454545455,0.363636363636364,1
0.454545454545455,0.373737373737374,1
0.454545454545455,0.383838383838384,1
0.454545454545455,0.393939393939394,1
0.454545454545455,0.404040404040404,1
0.454545454545455,0.414141414141414,1
0.454545454545455,0.424242424242424,1
0.454545454545455,0.434343434343434,1
0.454545454545455,0.444444444444444,1
0.454545454545455,0.454545454545455,1
0.454545454545455,0.464646464646465,1
0.454545454545455,0.474747474747475,1
0.454545454545455,0.484848484848485,1
0.454545454545455,0.494949494949495,1
0.454545454545455,0.505050505050505,1
0.454545454545455,0.515151515151515,1
0.454545454545455,0.525252525252525,1
0.454545454545455,0.535353535353535,1
0.454545454545455,0.545454545454545,1
0.454545454545455,0.555555555555556,1
0.454545454545455,0.565656565656566,1
0.454545454545455,0.575757575757576,1
0.454545454545455,0.585858585858586,1
0.454545454545455,0.595959595959596,1
0.454545454545455,0.606060606060606,1
0.454545454545455,0.616161616161616,1
0.454545454545455,0.626262626262626,1
0.454545454545455,0.636363636363636,1
0.454545454545455,0.646464646464647,1
0.454545454545455,0.656565656565657,1
0.454545454545455,0.666666666666667,1
0.454545454545455,0.676767676767677,1
0.454545454545455,0.686868686868687,1
0.454545454545455,0.696969696969697,1
0.454545454545455,0.707070707070707,1
0.454545454545455,0.717171717171717,1
0.454545454545455,0.727272727272727,1
0.454545454545455,0.737373737373737,1
0.454545454545455,0.747474747474748,1
0.454545454545455,0.757575757575758,1
0.454545454545455,0.767676767676768,1
0.454545454545455,0.777777777777778,1
0.454545454545455,0.787878787878788,1
0.454545454545455,0.797979797979798,1
0.454545454545455,0.808080808080808,1
0.454545454545455,0.818181818181818,1
0.454545454545455,0.828282828282828,1
0.454545454545455,0.838383838383838,1
0.454545454545455,0.848484848484849,1
0.454545454545455,0.858585858585859,1
0.454545454545455,0.868686868686869,1
0.454545454545455,0.878787878787879,1
0.454545454545455,0.888888888888889,1
0.454545454545455,0.898989898989899,1
0.454545454545455,0.909090909090909,1
0.454545454545455,0.919191919191919,1
0.454545454545455,0.929292929292929,1
0.454545454545455,0.939393939393939,1
0.454545454545455,0.94949494949495,1
0.454545454545455,0.95959595959596,1
0.454545454545455,0.96969696969697,1
0.454545454545455,0.97979797979798,1
0.454545454545455,0.98989898989899,1
0.454545454545455,1,1
0.464646464646465,0,-1
0.464646464646465,0.0101010101010101,-1
0.464646464646465,0.0202020202020202,1
0.464646464646465,0.0303030303030303,1
0.464646464646465,0.0404040404040404,1
0.464646464646465,0.0505050505050505,1
0.464646464646465,0.0606060606060606,1
0.464646464646465,0.0707070707070707,0
0.464646464646465,0.0808080808080808,0
0.464646464646465,0.0909090909090909,0
0.464646464646465,0.101010101010101,0
0.464646464646465,0.111111111111111,0
0.464646464646465,0.121212121212121,0
0.464646464646465,0.131313131313131,1
0.464646464646465,0.141414141414141,1
0.464646464646465,0.151515151515152,1
0.464646464646465,0.161616161616162,1
0.464646464646465,0.171717171717172,1
0.464646464646465,0.181818181818182,1
0.464646464646465,0.191919191919192,1
0.464646464646465,0.202020202020202,1
0.464646464646465,0.212121212121212,1
0.464646464646465,0.222222222222222,1
0.464646464646465,0.232323232323232,1
0.464646464646465,0.242424242424242,1
0.464646464646465,0.252525252525253,1
0.464646464646465,0.262626262626263,1
0.464646464646465,0.272727272727273,1
0.464646464646465,0.282828282828283,1
0.464646464646465,0.292929292929293,1
0.464646464646465,0.303030303030303,1
0.464646464646465,0.313131313131313,1
0.464646464646465,0.323232323232323,0
0.464646464646465,0.333333333333333,0
0.464646464646465,0.343434343434343,1
0.464646464646465,0.353535353535354,1
0.464646464646465,0.363636363636364,1
0.464646464646465,0.373737373737374,1
0.464646464646465,0.383838383838384,1
0.464646464646465,0.393939393939394,1
0.464646464646465,0.404040404040404,1
0.464646464646465,0.414141414141414,1
0.464646464646465,0.424242424242424,1
0.464646464646465,0.434343434343434,1
0.464646464646465,0.444444444444444,1
0.464646464646465,0.454545454545455,1
0.464646464646465,0.464646464646465,1
0.464646464646465,0.474747474747475,1
0.464646464646465,0.484848484848485,1
0.464646464646465,0.494949494949495,1
0.464646464646465,0.505050505050505,1
0.464646464646465,0.515151515151515,1
0.464646464646465,0.525252525252525,1
0.464646464646465,0.535353535353535,1
0.464646464646465,0.545454545454545,1
0.464646464646465,0.555555555555556,1
0.464646464646465,0.565656565656566,1
0.464646464646465,0.575757575757576,1
0.464646464646465,0.585858585858586,1
0.464646464646465,0.595959595959596,1
0.464646464646465,0.606060606060606,1
0.464646464646465,0.616161616161616,1
0.464646464646465,0.626262626262626,1
0.464646464646465,0.636363636363636,1
0.464646464646465,0.646464646464647,1
0.464646464646465,0.656565656565657,1
0.464646464646465,0.666666666666667,1
0.464646464646465,0.676767676767677,1
0.464646464646465,0.686868686868687,1
0.464646464646465,0.696969696969697,1
0.464646464646465,0.707070707070707,1
0.464646464646465,0.717171717171717,1
0.464646464646465,0.727272727272727,1
0.464646464646465,0.737373737373737,1
0.464646464646465,0.747474747474748,1
0.464646464646465,0.757575757575758,1
0.464646464646465,0.767676767676768,1
0.464646464646465,0.777777777777778,1
0.464646464646465,0.787878787878788,1
0.464646464646465,0.797979797979798,1
0.464646464646465,0.808080808080808,1
0.464646464646465,0.818181818181818,1
0.464646464646465,0.828282828282828,1
0.464646464646465,0.838383838383838,1
0.464646464646465,0.848484848484849,1
0.464646464646465,0.858585858585859,1
0.464646464646465,0.868686868686869,1
0.464646464646465,0.878787878787879,1
0.464646464646465,0.888888888888889,1
0.464646464646465,0.898989898989899,1
0.464646464646465,0.909090909090909,1
0.464646464646465,0.919191919191919,1
0.464646464646465,0.929292929292929,1
0.464646464646465,0.939393939393939,1
0.464646464646465,0.94949494949495,1
0.464646464646465,0.95959595959596,1
0.464646464646465,0.96969696969697,1
0.464646464646465,0.97979797979798,1
0.464646464646465,0.98989898989899,1
0.464646464646465,1,1
0.474747474747475,0,-1
0.474747474747475,0.0101010101010101,-1
0.474747474747475,0.0202020202020202,1
0.474747474747475,0.0303030303030303,1
0.474747474747475,0.0404040404040404,1
0.474747474747475,0.0505050505050505,1
0.474747474747475,0.0606060606060606,1
0.474747474747475,0.0707070707070707,1
0.474747474747475,0.0808080808080808,0
0.474747474747475,0.0909090909090909,0
0.474747474747475,0.101010101010101,0
0.474747474747475,0.111111111111111,1
0.474747474747475,0.121212121212121,1
0.474747474747475,0.131313131313131,1
0.474747474747475,0.141414141414141,1
0.474747474747475,0.151515151515152,1
0.474747474747475,0.161616161616162,1
0.474747474747475,0.171717171717172,1
0.474747474747475,0.181818181818182,1
0.474747474747475,0.191919191919192,1
0.474747474747475,0.202020202020202,1
0.474747474747475,0.212121212121212,1
0.474747474747475,0.222222222222222,1
0.474747474747475,0.232323232323232,1
0.474747474747475,0.242424242424242,1
0.474747474747475,0.252525252525253,1
0.474747474747475,0.262626262626263,1
0.474747474747475,0.272727272727273,1
0.474747474747475,0.282828282828283,1
0.474747474747475,0.292929292929293,1
0.474747474747475,0.303030303030303,1
0.474747474747475,0.313131313131313,0
0.474747474747475,0.323232323232323,0
0.474747474747475,0.333333333333333,1
0.474747474747475,0.343434343434343,1
0.474747474747475,0.353535353535354,1
0.474747474747475,0.363636363636364,1
0.474747474747475,0.373737373737374,1
0.474747474747475,0.383838383838384,1
0.474747474747475,0.393939393939394,1
0.474747474747475,0.404040404040404,1
0.474747474747475,0.414141414141414,1
0.474747474747475,0.424242424242424,1
0.474747474747475,0.434343434343434,1
0.474747474747475,0.444444444444444,1
0.474747474747475,0.454545454545455,1
0.474747474747475,0.464646464646465,1
0.474747474747475,0.474747474747475,1
0.474747474747475,0.484848484848485,1
0.474747474747475,0.494949494949495,1
0.474747474747475,0.505050505050505,1
0.474747474747475,0.515151515151515,1
0.474747474747475,0.525252525252525,1
0.474747474747475,0.535353535353535,1
0.474747474747475,0.545454545454545,1
0.474747474747475,0.555555555555556,1
0.474747474747475,0.565656565656566,1
0.474747474747475,0.575757575757576,1
0.474747474747475,0.585858585858586,1
0.474747474747475,0.595959595959596,1
0.474747474747475,0.606060606060606,1
0.474747474747475,0.616161616161616,1
0.474747474747475,0.626262626262626,1
0.474747474747475,0.636363636363636,1
0.474747474747475,0.646464646464647,1
0.474747474747475,0.656565656565657,1
0.474747474747475,0.666666666666667,1
0.474747474747475,0.676767676767677,1
0.474747474747475,0.686868686868687,1
0.474747474747475,0.696969696969697,1
0.474747474747475,0.707070707070707,1
0.474747474747475,0.717171717171717,1
0.474747474747475,0.727272727272727,1
0.474747474747475,0.737373737373737,1
0.474747474747475,0.747474747474748,1
0.474747474747475,0.757575757575758,1
0.474747474747475,0.767676767676768,1
0.474747474747475,0.777777777777778,1
0.474747474747475,0.787878787878788,1
0.474747474747475,0.797979797979798,1
0.474747474747475,0.808080808080808,1
0.474747474747475,0.818181818181818,1
0.474747474747475,0.828282828282828,1
0.474747474747475,0.838383838383838,1
0.474747474747475,0.848484848484849,1
0.474747474747475,0.858585858585859,1
0.474747474747475,0.868686868686869,1
0.474747474747475,0.878787878787879,1
0.474747474747475,0.888888888888889,1
0.474747474747475,0.898989898989899,1
0.474747474747475,0.909090909090909,1
0.474747474747475,0.919191919191919,1
0.474747474747475,0.929292929292929,1
0.474747474747475,0.939393939393939,1
0.474747474747475,0.94949494949495,1
0.474747474747475,0.95959595959596,1
0.474747474747475,0.96969696969697,1
0.474747474747475,0.97979797979798,1
0.474747474747475,0.98989898989899,1
0.474747474747475,1,1
0.484848484848485,0,-1
0.484848484848485,0.0101010101010101,-1
0.484848484848485,0.0202020202020202,1
0.484848484848485,0.0303030303030303,1
0.484848484848485,0.0404040404040404,1
0.484848484848485,0.0505050505050505,1
0.484848484848485,0.0606060606060606,1
0.484848484848485,0.0707070707070707,1
0.484848484848485,0.0808080808080808,1
0.484848484848485,0.0909090909090909,1
0.484848484848485,0.101010101010101,1
0.484848484848485,0.111111111111111,1
0.484848484848485,0.121212121212121,1
0.484848484848485,0.131313131313131,1
0.484848484848485,0.141414141414141,1
0.484848484848485,0.151515151515152,1
0.484848484848485,0.161616161616162,1
0.484848484848485,0.171717171717172,1
0.484848484848485,0.181818181818182,1
0.484848484848485,0.191919191919192,1
0.484848484848485,0.202020202020202,1
0.484848484848485,0.212121212121212,1
0.484848484848485,0.222222222222222,1
0.484848484848485,0.232323232323232,1
0.484848484848485,0.242424242424242,1
0.484848484848485,0.252525252525253,1
0.484848484848485,0.262626262626263,1
0.484848484848485,0.272727272727273,1
0.484848484848485,0.282828282828283,1
0.484848484848485,0.292929292929293,1
0.484848484848485,0.303030303030303,0
0.484848484848485,0.313131313131313,1
0.484848484848485,0.323232323232323,1
0.484848484848485,0.333333333333333,1
0.484848484848485,0.343434343434343,1
0.484848484848485,0.353535353535354,1
0.484848484848485,0.363636363636364,1
0.484848484848485,0.373737373737374,1
0.484848484848485,0.383838383838384,1
0.484848484848485,0.393939393939394,1
0.484848484848485,0.404040404040404,1
0.484848484848485,0.414141414141414,1
0.484848484848485,0.424242424242424,1
0.484848484848485,0.434343434343434,1
0.484848484848485,0.444444444444444,1
0.484848484848485,0.454545454545455,1
0.484848484848485,0.464646464646465,1
0.484848484848485,0.474747474747475,1
0.484848484848485,0.484848484848485,1
0.484848484848485,0.494949494949495,1
0.484848484848485,0.505050505050505,1
0.484848484848485,0.515151515151515,1
0.484848484848485,0.525252525252525,1
0.484848484848485,0.535353535353535,1
0.484848484848485,0.545454545454545,1
0.484848484848485,0.555555555555556,1
0.484848484848485,0.565656565656566,1
0.484848484848485,0.575757575757576,1
0.484848484848485,0.585858585858586,1
0.484848484848485,0.595959595959596,1
0.484848484848485,0.606060606060606,1
0.484848484848485,0.616161616161616,1
0.484848484848485,0.626262626262626,1
0.484848484848485,0.636363636363636,1
0.484848484848485,0.646464646464647,1
0.484848484848485,0.656565656565657,1
0.484848484848485,0.666666666666667,1
0.484848484848485,0.676767676767677,1
0.484848484848485,0.686868686868687,1
0.484848484848485,0.696969696969697,1
0.484848484848485,0.707070707070707,1
0.484848484848485,0.717171717171717,1
0.484848484848485,0.727272727272727,1
0.484848484848485,0.737373737373737,1
0.484848484848485,0.747474747474748,1
0.484848484848485,0.757575757575758,1
0.484848484848485,0.767676767676768,1
0.484848484848485,0.777777777777778,1
0.484848484848485,0.787878787878788,1
0.484848484848485,0.797979797979798,1
0.484848484848485,0.808080808080808,1
0.484848484848485,0.818181818181818,1
0.484848484848485,0.828282828282828,1
0.484848484848485,0.838383838383838,1
0.484848484848485,0.848484848484849,1
0.484848484848485,0.858585858585859,1
0.484848484848485,0.868686868686869,1
0.484848484848485,0.878787878787879,1
0.484848484848485,0.888888888888889,1
0.484848484848485,0.898989898989899,1
0.484848484848485,0.909090909090909,1
0.484848484848485,0.919191919191919,1
0.484848484848485,0.929292929292929,1
0.484848484848485,0.939393939393939,1
0.484848484848485,0.94949494949495,1
0.484848484848485,0.95959595959596,1
0.484848484848485,0.96969696969697,1
0.484848484848485,0.97979797979798,1
0.484848484848485,0.98989898989899,1
0.484848484848485,1,1
0.494949494949495,0,-1
0.494949494949495,0.0101010101010101,-1
0.494949494949495,0.0202020202020202,1
0.494949494949495,0.0303030303030303,1
0.494949494949495,0.0404040404040404,1
0.494949494949495,0.0505050505050505,1
0.494949494949495,0.0606060606060606,1
0.494949494949495,0.0707070707070707,1
0.494949494949495,0.0808080808080808,1
0.494949494949495,0.0909090909090909,1
0.494949494949495,0.101010101010101,1
0.494949494949495,0.111111111111111,1
0.494949494949495,0.121212121212121,1
0.494949494949495,0.131313131313131,1
0.494949494949495,0.141414141414141,1
0.494949494949495,0.151515151515152,1
0.494949494949495,0.161616161616162,1
0.494949494949495,0.171717171717172,1
0.494949494949495,0.181818181818182,1
0.494949494949495,0.191919191919192,1
0.494949494949495,0.202020202020202,1
0.494949494949495,0.212121212121212,1
0.494949494949495,0.222222222222222,1
0.494949494949495,0.232323232323232,1
0.494949494949495,0.242424242424242,1
0.494949494949495,0.252525252525253,1
0.494949494949495,0.262626262626263,1
0.494949494949495,0.272727272727273,1
0.494949494949495,0.282828282828283,1
0.494949494949495,0.292929292929293,0
0.494949494949495,0.303030303030303,1
0.494949494949495,0.313131313131313,1
0.494949494949495,0.323232323232323,1
0.494949494949495,0.333333333333333,1
0.494949494949495,0.343434343434343,1
0.494949494949495,0.353535353535354,1
0.494949494949495,0.363636363636364,1
0.494949494949495,0.373737373737374,1
0.494949494949495,0.383838383838384,1
0.494949494949495,0.393939393939394,1
0.494949494949495,0.404040404040404,1
0.494949494949495,0.414141414141414,1
0.494949494949495,0.424242424242424,1
0.494949494949495,0.434343434343434,1
0.494949494949495,0.444444444444444,1
0.494949494949495,0.454545454545455,1
0.494949494949495,0.464646464646465,1
0.494949494949495,0.474747474747475,1
0.494949494949495,0.484848484848485,1
0.494949494949495,0.494949494949495,1
0.494949494949495,0.505050505050505,1
0.494949494949495,0.515151515151515,1
0.494949494949495,0.525252525252525,1
0.494949494949495,0.535353535353535,1
0.494949494949495,0.545454545454545,1
0.494949494949495,0.555555555555556,1
0.494949494949495,0.565656565656566,1
0.494949494949495,0.575757575757576,1
0.494949494949495,0.585858585858586,1
0.494949494949495,0.595959595959596,1
0.494949494949495,0.606060606060606,1
0.494949494949495,0.616161616161616,1
0.494949494949495,0.626262626262626,1
0.494949494949495,0.636363636363636,1
0.494949494949495,0.646464646464647,1
0.494949494949495,0.656565656565657,1
0.494949494949495,0.666666666666667,1
0.494949494949495,0.676767676767677,1
0.494949494949495,0.686868686868687,1
0.494949494949495,0.696969696969697,1
0.494949494949495,0.707070707070707,1
0.494949494949495,0.717171717171717,1
0.494949494949495,0.727272727272727,1
0.494949494949495,0.737373737373737,1
0.494949494949495,0.747474747474748,1
0.494949494949495,0.757575757575758,1
0.494949494949495,0.767676767676768,1
0.494949494949495,0.777777777777778,1
0.494949494949495,0.787878787878788,1
0.494949494949495,0.797979797979798,1
0.494949494949495,0.808080808080808,1
0.494949494949495,0.818181818181818,1
0.494949494949495,0.828282828282828,1
0.494949494949495,0.838383838383838,1
0.494949494949495,0.848484848484849,1
0.494949494949495,0.858585858585859,1
0.494949494949495,0.868686868686869,1
0.494949494949495,0.878787878787879,1
0.494949494949495,0.888888888888889,1
0.494949494949495,0.898989898989899,1
0.494949494949495,0.909090909090909,1
0.494949494949495,0.919191919191919,1
0.494949494949495,0.929292929292929,1
0.494949494949495,0.939393939393939,1
0.494949494949495,0.94949494949495,1
0.494949494949495,0.95959595959596,1
0.494949494949495,0.96969696969697,1
0.494949494949495,0.97979797979798,1
0.494949494949495,0.98989898989899,1
0.494949494949495,1,1
0.505050505050505,0,-1
0.505050505050505,0.0101010101010101,-1
0.505050505050505,0.0202020202020202,1
0.505050505050505,0.0303030303030303,1
0.505050505050505,0.0404040404040404,1
0.505050505050505,0.0505050505050505,1
0.505050505050505,0.0606060606060606,1
0.505050505050505,0.0707070707070707,1
0.505050505050505,0.0808080808080808,1
0.505050505050505,0.0909090909090909,1
0.505050505050505,0.101010101010101,1
0.505050505050505,0.111111111111111,1
0.505050505050505,0.121212121212121,1
0.505050505050505,0.131313131313131,1
0.505050505050505,0.141414141414141,1
0.505050505050505,0.151515151515152,1
0.505050505050505,0.161616161616162,1
0.505050505050505,0.171717171717172,1
0.505050505050505,0.181818181818182,1
0.505050505050505,0.191919191919192,1
0.505050505050505,0.202020202020202,1
0.505050505050505,0.212121212121212,1
0.505050505050505,0.222222222222222,1
0.505050505050505,0.232323232323232,1
0.505050505050505,0.242424242424242,1
0.505050505050505,0.252525252525253,1
0.505050505050505,0.262626262626263,1
0.505050505050505,0.272727272727273,0
0.505050505050505,0.282828282828283,1
0.505050505050505,0.292929292929293,1
0.505050505050505,0.303030303030303,1
0.505050505050505,0.313131313131313,1
0.505050505050505,0.323232323232323,1
0.505050505050505,0.333333333333333,1
0.505050505050505,0.343434343434343,1
0.505050505050505,0.353535353535354,1
0.505050505050505,0.363636363636364,1
0.505050505050505,0.373737373737374,1
0.505050505050505,0.383838383838384,1
0.505050505050505,0.393939393939394,1
0.505050505050505,0.404040404040404,1
0.505050505050505,0.414141414141414,1
0.505050505050505,0.424242424242424,1
0.505050505050505,0.434343434343434,1
0.505050505050505,0.444444444444444,1
0.505050505050505,0.454545454545455,1
0.505050505050505,0.464646464646465,1
0.505050505050505,0.474747474747475,1
0.505050505050505,0.484848484848485,1
0.505050505050505,0.494949494949495,1
0.505050505050505,0.505050505050505,1
0.505050505050505,0.515151515151515,1
0.505050505050505,0.525252525252525,1
0.505050505050505,0.535353535353535,1
0.505050505050505,0.545454545454545,1
0.505050505050505,0.555555555555556,1
0.505050505050505,0.565656565656566,1
0.505050505050505,0.575757575757576,1
0.505050505050505,0.585858585858586,1
0.505050505050505,0.595959595959596,1
0.505050505050505,0.606060606060606,1
0.505050505050505,0.616161616161616,1
0.505050505050505,0.626262626262626,1
0.505050505050505,0.636363636363636,1
0.505050505050505,0.646464646464647,1
0.505050505050505,0.656565656565657,1
0.505050505050505,0.666666666666667,1
0.505050505050505,0.676767676767677,1
0.505050505050505,0.686868686868687,1
0.505050505050505,0.696969696969697,1
0.505050505050505,0.707070707070707,1
0.505050505050505,0.717171717171717,1
0.505050505050505,0.727272727272727,1
0.505050505050505,0.737373737373737,1
0.505050505050505,0.747474747474748,1
0.505050505050505,0.757575757575758,1
0.505050505050505,0.767676767676768,1
0.505050505050505,0.777777777777778,1
0.505050505050505,0.787878787878788,1
0.505050505050505,0.797979797979798,1
0.505050505050505,0.808080808080808,1
0.505050505050505,0.818181818181818,1
0.505050505050505,0.828282828282828,1
0.505050505050505,0.838383838383838,1
0.505050505050505,0.848484848484849,1
0.505050505050505,0.858585858585859,1
0.505050505050505,0.868686868686869,1
0.505050505050505,0.878787878787879,1
0.505050505050505,0.888888888888889,1
0.505050505050505,0.898989898989899,1
0.505050505050505,0.909090909090909,1
0.505050505050505,0.919191919191919,1
0.505050505050505,0.929292929292929,1
0.505050505050505,0.939393939393939,1
0.505050505050505,0.94949494949495,1
0.505050505050505,0.95959595959596,1
0.505050505050505,0.96969696969697,1
0.505050505050505,0.97979797979798,1
0.505050505050505,0.98989898989899,1
0.505050505050505,1,1
0.515151515151515,0,-1
0.515151515151515,0.0101010101010101,-1
0.515151515151515,0.0202020202020202,1
0.515151515151515,0.0303030303030303,1
0.515151515151515,0.0404040404040404,1
0.515151515151515,0.0505050505050505,1
0.515151515151515,0.0606060606060606,1
0.515151515151515,0.0707070707070707,1
0.515151515151515,0.0808080808080808,1
0.515151515151515,0.0909090909090909,1
0.515151515151515,0.101010101010101,1
0.515151515151515,0.111111111111111,1
0.515151515151515,0.121212121212121,1
0.515151515151515,0.131313131313131,1
0.515151515151515,0.141414141414141,1
0.515151515151515,0.151515151515152,1
0.515151515151515,0.161616161616162,1
0.515151515151515,0.171717171717172,1
0.515151515151515,0.181818181818182,1
0.515151515151515,0.191919191919192,1
0.515151515151515,0.202020202020202,1
0.515151515151515,0.212121212121212,1
0.515151515151515,0.222222222222222,1
0.515151515151515,0.232323232323232,1
0.515151515151515,0.242424242424242,1
0.515151515151515,0.252525252525253,0
0.515151515151515,0.262626262626263,1
0.515151515151515,0.272727272727273,0
0.515151515151515,0.282828282828283,1
0.515151515151515,0.292929292929293,1
0.515151515151515,0.303030303030303,1
0.515151515151515,0.313131313131313,1
0.515151515151515,0.323232323232323,1
0.515151515151515,0.333333333333333,1
0.515151515151515,0.343434343434343,1
0.515151515151515,0.353535353535354,1
0.515151515151515,0.363636363636364,1
0.515151515151515,0.373737373737374,1
0.515151515151515,0.383838383838384,1
0.515151515151515,0.393939393939394,1
0.515151515151515,0.404040404040404,1
0.515151515151515,0.414141414141414,1
0.515151515151515,0.424242424242424,1
0.515151515151515,0.434343434343434,1
0.515151515151515,0.444444444444444,1
0.515151515151515,0.454545454545455,1
0.515151515151515,0.464646464646465,1
0.515151515151515,0.474747474747475,1
0.515151515151515,0.484848484848485,1
0.515151515151515,0.494949494949495,1
0.515151515151515,0.505050505050505,1
0.515151515151515,0.515151515151515,1
0.515151515151515,0.525252525252525,1
0.515151515151515,0.535353535353535,1
0.515151515151515,0.545454545454545,1
0.515151515151515,0.555555555555556,1
0.515151515151515,0.565656565656566,1
0.515151515151515,0.575757575757576,1
0.515151515151515,0.585858585858586,1
0.515151515151515,0.595959595959596,1
0.515151515151515,0.606060606060606,1
0.515151515151515,0.616161616161616,1
0.515151515151515,0.626262626262626,1
0.515151515151515,0.636363636363636,1
0.515151515151515,0.646464646464647,1
0.515151515151515,0.656565656565657,1
0.515151515151515,0.666666666666667,1
0.515151515151515,0.676767676767677,1
0.515151515151515,0.686868686868687,1
0.515151515151515,0.696969696969697,1
0.515151515151515,0.707070707070707,1
0.515151515151515,0.717171717171717,1
0.515151515151515,0.727272727272727,1
0.515151515151515,0.737373737373737,1
0.515151515151515,0.747474747474748,1
0.515151515151515,0.757575757575758,1
0.515151515151515,0.767676767676768,1
0.515151515151515,0.777777777777778,1
0.515151515151515,0.787878787878788,1
0.515151515151515,0.797979797979798,1
0.515151515151515,0.808080808080808,1
0.515151515151515,0.818181818181818,1
0.515151515151515,0.828282828282828,1
0.515151515151515,0.838383838383838,1
0.515151515151515,0.848484848484849,1
0.515151515151515,0.858585858585859,1
0.515151515151515,0.868686868686869,1
0.515151515151515,0.878787878787879,1
0.515151515151515,0.888888888888889,1
0.515151515151515,0.898989898989899,1
0.515151515151515,0.909090909090909,1
0.515151515151515,0.919191919191919,1
0.515151515151515,0.929292929292929,1
0.515151515151515,0.939393939393939,1
0.515151515151515,0.94949494949495,1
0.515151515151515,0.95959595959596,1
0.515151515151515,0.96969696969697,1
0.515151515151515,0.97979797979798,1
0.515151515151515,0.98989898989899,1
0.515151515151515,1,1
0.525252525252525,0,-1
0.525252525252525,0.0101010101010101,-1
0.525252525252525,0.0202020202020202,1
0.525252525252525,0.0303030303030303,1
0.525252525252525,0.0404040404040404,1
0.525252525252525,0.0505050505050505,1
0.525252525252525,0.0606060606060606,1
0.525252525252525,0.0707070707070707,1
0.525252525252525,0.0808080808080808,1
0.525252525252525,0.0909090909090909,1
0.525252525252525,0.101010101010101,1
0.525252525252525,0.111111111111111,1
0.525252525252525,0.121212121212121,1
0.525252525252525,0.131313131313131,1
0.525252525252525,0.141414141414141,1
0.525252525252525,0.151515151515152,1
0.525252525252525,0.161616161616162,1
0.525252525252525,0.171717171717172,1
0.525252525252525,0.181818181818182,1
0.525252525252525,0.191919191919192,1
0.525252525252525,0.202020202020202,1
0.525252525252525,0.212121212121212,1
0.525252525252525,0.222222222222222,1
0.525252525252525,0.232323232323232,1
0.525252525252525,0.242424242424242,0
0.525252525252525,0.252525252525253,0
0.525252525252525,0.262626262626263,1
0.525252525252525,0.272727272727273,1
0.525252525252525,0.282828282828283,1
0.525252525252525,0.292929292929293,1
0.525252525252525,0.303030303030303,1
0.525252525252525,0.313131313131313,1
0.525252525252525,0.323232323232323,1
0.525252525252525,0.333333333333333,1
0.525252525252525,0.343434343434343,1
0.525252525252525,0.353535353535354,1
0.525252525252525,0.363636363636364,1
0.525252525252525,0.373737373737374,1
0.525252525252525,0.383838383838384,1
0.525252525252525,0.393939393939394,1
0.525252525252525,0.404040404040404,1
0.525252525252525,0.414141414141414,1
0.525252525252525,0.424242424242424,1
0.525252525252525,0.434343434343434,1
0.525252525252525,0.444444444444444,1
0.525252525252525,0.454545454545455,1
0.525252525252525,0.464646464646465,1
0.525252525252525,0.474747474747475,1
0.525252525252525,0.484848484848485,1
0.525252525252525,0.494949494949495,1
0.525252525252525,0.505050505050505,1
0.525252525252525,0.515151515151515,1
0.525252525252525,0.525252525252525,1
0.525252525252525,0.535353535353535,1
0.525252525252525,0.545454545454545,1
0.525252525252525,0.555555555555556,1
0.525252525252525,0.565656565656566,1
0.525252525252525,0.575757575757576,1
0.525252525252525,0.585858585858586,1
0.525252525252525,0.595959595959596,1
0.525252525252525,0.606060606060606,1
0.525252525252525,0.616161616161616,1
0.525252525252525,0.626262626262626,1
0.525252525252525,0.636363636363636,1
0.525252525252525,0.646464646464647,1
0.525252525252525,0.656565656565657,1
0.525252525252525,0.666666666666667,1
0.525252525252525,0.676767676767677,1
0.525252525252525,0.686868686868687,1
0.525252525252525,0.696969696969697,1
0.525252525252525,0.707070707070707,1
0.525252525252525,0.717171717171717,1
0.525252525252525,0.727272727272727,1
0.525252525252525,0.737373737373737,1
0.525252525252525,0.747474747474748,1
0.525252525252525,0.757575757575758,1
0.525252525252525,0.767676767676768,1
0.525252525252525,0.777777777777778,1
0.525252525252525,0.787878787878788,1
0.525252525252525,0.797979797979798,1
0.525252525252525,0.808080808080808,1
0.525252525252525,0.818181818181818,1
0.525252525252525,0.828282828282828,1
0.525252525252525,0.838383838383838,1
0.525252525252525,0.848484848484849,1
0.525252525252525,0.858585858585859,1
0.525252525252525,0.868686868686869,1
0.525252525252525,0.878787878787879,1
0.525252525252525,0.888888888888889,1
0.525252525252525,0.898989898989899,1
0.525252525252525,0.909090909090909,1
0.525252525252525,0.919191919191919,1
0.525252525252525,0.929292929292929,1
0.525252525252525,0.939393939393939,1
0.525252525252525,0.94949494949495,1
0.525252525252525,0.95959595959596,1
0.525252525252525,0.96969696969697,1
0.525252525252525,0.97979797979798,1
0.525252525252525,0.98989898989899,1
0.525252525252525,1,1
0.535353535353535,0,-1
0.535353535353535,0.0101010101010101,-1
0.535353535353535,0.0202020202020202,1
0.535353535353535,0.0303030303030303,1
0.535353535353535,0.0404040404040404,1
0.535353535353535,0.0505050505050505,1
0.535353535353535,0.0606060606060606,1
0.535353535353535,0.0707070707070707,1
0.535353535353535,0.0808080808080808,1
0.535353535353535,0.0909090909090909,1
0.535353535353535,0.101010101010101,1
0.535353535353535,0.111111111111111,1
0.535353535353535,0.121212121212121,1
0.535353535353535,0.131313131313131,1
0.535353535353535,0.141414141414141,1
0.535353535353535,0.151515151515152,1
0.535353535353535,0.161616161616162,1
0.535353535353535,0.171717171717172,1
0.535353535353535,0.181818181818182,1
0.535353535353535,0.191919191919192,1
0.535353535353535,0.202020202020202,1
0.535353535353535,0.212121212121212,1
0.535353535353535,0.222222222222222,0
0.535353535353535,0.232323232323232,0
0.535353535353535,0.242424242424242,0
0.535353535353535,0.252525252525253,1
0.535353535353535,0.262626262626263,1
0.535353535353535,0.272727272727273,1
0.535353535353535,0.282828282828283,1
0.535353535353535,0.292929292929293,1
0.535353535353535,0.303030303030303,1
0.535353535353535,0.313131313131313,1
0.535353535353535,0.323232323232323,1
0.535353535353535,0.333333333333333,1
0.535353535353535,0.343434343434343,1
0.535353535353535,0.353535353535354,1
0.535353535353535,0.363636363636364,1
0.535353535353535,0.373737373737374,1
0.535353535353535,0.383838383838384,1
0.535353535353535,0.393939393939394,1
0.535353535353535,0.404040404040404,1
0.535353535353535,0.414141414141414,1
0.535353535353535,0.424242424242424,1
0.535353535353535,0.434343434343434,1
0.535353535353535,0.444444444444444,1
0.535353535353535,0.454545454545455,1
0.535353535353535,0.464646464646465,1
0.535353535353535,0.474747474747475,1
0.535353535353535,0.484848484848485,1
0.535353535353535,0.494949494949495,1
0.535353535353535,0.505050505050505,1
0.535353535353535,0.515151515151515,1
0.535353535353535,0.525252525252525,1
0.535353535353535,0.535353535353535,1
0.535353535353535,0.545454545454545,1
0.535353535353535,0.555555555555556,1
0.535353535353535,0.565656565656566,1
0.535353535353535,0.575757575757576,1
0.535353535353535,0.585858585858586,1
0.535353535353535,0.595959595959596,1
0.535353535353535,0.606060606060606,1
0.535353535353535,0.616161616161616,1
0.535353535353535,0.626262626262626,1
0.535353535353535,0.636363636363636,1
0.535353535353535,0.646464646464647,1
0.535353535353535,0.656565656565657,1
0.535353535353535,0.666666666666667,1
0.535353535353535,0.676767676767677,1
0.535353535353535,0.686868686868687,1
0.535353535353535,0.696969696969697,1
0.535353535353535,0.707070707070707,1
0.535353535353535,0.717171717171717,1
0.535353535353535,0.727272727272727,1
0.535353535353535,0.737373737373737,1
0.535353535353535,0.747474747474748,1
0.535353535353535,0.757575757575758,1
0.535353535353535,0.767676767676768,1
0.535353535353535,0.777777777777778,1
0.535353535353535,0.787878787878788,1
0.535353535353535,0.797979797979798,1
0.535353535353535,0.808080808080808,1
0.535353535353535,0.818181818181818,1
0.535353535353535,0.828282828282828,1
0.535353535353535,0.838383838383838,1
0.535353535353535,0.848484848484849,1
0.535353535353535,0.858585858585859,1
0.535353535353535,0.868686868686869,1
0.535353535353535,0.878787878787879,1
0.535353535353535,0.888888888888889,1
0.535353535353535,0.898989898989899,1
0.535353535353535,0.909090909090909,1
0.535353535353535,0.919191919191919,1
0.535353535353535,0.929292929292929,1
0.535353535353535,0.939393939393939,1
0.535353535353535,0.94949494949495,1
0.535353535353535,0.95959595959596,1
0.535353535353535,0.96969696969697,1
0.535353535353535,0.97979797979798,1
0.535353535353535,0.98989898989899,1
0.535353535353535,1,1
0.545454545454545,0,-1
0.545454545454545,0.0101010101010101,-1
0.545454545454545,0.0202020202020202,1
0.545454545454545,0.0303030303030303,1
0.545454545454545,0.0404040404040404,1
0.545454545454545,0.0505050505050505,1
0.545454545454545,0.0606060606060606,1
0.545454545454545,0.0707070707070707,1
0.545454545454545,0.0808080808080808,1
0.545454545454545,0.0909090909090909,1
0.545454545454545,0.101010101010101,1
0.545454545454545,0.111111111111111,1
0.545454545454545,0.121212121212121,1
0.545454545454545,0.131313131313131,1
0.545454545454545,0.141414141414141,1
0.545454545454545,0.151515151515152,1
0.545454545454545,0.161616161616162,1
0.545454545454545,0.171717171717172,1
0.545454545454545,0.181818181818182,1
0.545454545454545,0.191919191919192,1
0.545454545454545,0.202020202020202,1
0.545454545454545,0.212121212121212,0
0.545454545454545,0.222222222222222,0
0.545454545454545,0.232323232323232,1
0.545454545454545,0.242424242424242,1
0.545454545454545,0.252525252525253,1
0.545454545454545,0.262626262626263,1
0.545454545454545,0.272727272727273,1
0.545454545454545,0.282828282828283,1
0.545454545454545,0.292929292929293,1
0.545454545454545,0.303030303030303,1
0.545454545454545,0.313131313131313,1
0.545454545454545,0.323232323232323,1
0.545454545454545,0.333333333333333,1
0.545454545454545,0.343434343434343,1
0.545454545454545,0.353535353535354,1
0.545454545454545,0.363636363636364,1
0.545454545454545,0.373737373737374,1
0.545454545454545,0.383838383838384,1
0.545454545454545,0.393939393939394,1
0.545454545454545,0.404040404040404,1
0.545454545454545,0.414141414141414,1
0.545454545454545,0.424242424242424,1
0.545454545454545,0.434343434343434,1
0.545454545454545,0.444444444444444,1
0.545454545454545,0.454545454545455,1
0.545454545454545,0.464646464646465,1
0.545454545454545,0.474747474747475,1
0.545454545454545,0.484848484848485,1
0.545454545454545,0.494949494949495,1
0.545454545454545,0.505050505050505,1
0.545454545454545,0.515151515151515,1
0.545454545454545,0.525252525252525,1
0.545454545454545,0.535353535353535,1
0.545454545454545,0.545454545454545,1
0.545454545454545,0.555555555555556,1
0.545454545454545,0.565656565656566,1
0.545454545454545,0.575757575757576,1
0.545454545454545,0.585858585858586,1
0.545454545454545,0.595959595959596,1
0.545454545454545,0.606060606060606,1
0.545454545454545,0.616161616161616,1
0.545454545454545,0.626262626262626,1
0.545454545454545,0.636363636363636,1
0.545454545454545,0.646464646464647,1
0.545454545454545,0.656565656565657,1
0.545454545454545,0.666666666666667,1
0.545454545454545,0.676767676767677,1
0.545454545454545,0.686868686868687,1
0.545454545454545,0.696969696969697,1
0.545454545454545,0.707070707070707,1
0.545454545454545,0.717171717171717,1
0.545454545454545,0.727272727272727,1
0.545454545454545,0.737373737373737,1
0.545454545454545,0.747474747474748,1
0.545454545454545,0.757575757575758,1
0.545454545454545,0.767676767676768,1
0.545454545454545,0.777777777777778,1
0.545454545454545,0.787878787878788,1
0.545454545454545,0.797979797979798,1
0.545454545454545,0.808080808080808,1
0.545454545454545,0.818181818181818,1
0.545454545454545,0.828282828282828,1
0.545454545454545,0.838383838383838,1
0.545454545454545,0.848484848484849,1
0.545454545454545,0.858585858585859,1
0.545454545454545,0.868686868686869,1
0.545454545454545,0.878787878787879,1
0.545454545454545,0.888888888888889,1
0.545454545454545,0.898989898989899,1
0.545454545454545,0.909090909090909,1
0.545454545454545,0.919191919191919,1
0.545454545454545,0.929292929292929,1
0.545454545454545,0.939393939393939,1
0.545454545454545,0.94949494949495,1
0.545454545454545,0.95959595959596,1
0.545454545454545,0.96969696969697,1
0.545454545454545,0.97979797979798,1
0.545454545454545,0.98989898989899,1
0.545454545454545,1,1
0.555555555555556,0,-1
0.555555555555556,0.0101010101010101,-1
0.555555555555556,0.0202020202020202,1
0.555555555555556,0.0303030303030303,1
0.555555555555556,0.0404040404040404,1
0.555555555555556,0.0505050505050505,1
0.555555555555556,0.0606060606060606,0
0.555555555555556,0.0707070707070707,1
0.555555555555556,0.0808080808080808,1
0.555555555555556,0.0909090909090909,1
0.555555555555556,0.101010101010101,1
0.555555555555556,0.111111111111111,1
0.555555555555556,0.121212121212121,1
0.555555555555556,0.131313131313131,1
0.555555555555556,0.141414141414141,1
0.555555555555556,0.151515151515152,1
0.555555555555556,0.161616161616162,1
0.555555555555556,0.171717171717172,1
0.555555555555556,0.181818181818182,1
0.555555555555556,0.191919191919192,1
0.555555555555556,0.202020202020202,0
0.555555555555556,0.212121212121212,0
0.555555555555556,0.222222222222222,1
0.555555555555556,0.232323232323232,1
0.555555555555556,0.242424242424242,1
0.555555555555556,0.252525252525253,1
0.555555555555556,0.262626262626263,1
0.555555555555556,0.272727272727273,1
0.555555555555556,0.282828282828283,1
0.555555555555556,0.292929292929293,1
0.555555555555556,0.303030303030303,1
0.555555555555556,0.313131313131313,1
0.555555555555556,0.323232323232323,1
0.555555555555556,0.333333333333333,1
0.555555555555556,0.343434343434343,1
0.555555555555556,0.353535353535354,1
0.555555555555556,0.363636363636364,1
0.555555555555556,0.373737373737374,1
0.555555555555556,0.383838383838384,1
0.555555555555556,0.393939393939394,1
0.555555555555556,0.404040404040404,1
0.555555555555556,0.414141414141414,1
0.555555555555556,0.424242424242424,1
0.555555555555556,0.434343434343434,1
0.555555555555556,0.444444444444444,1
0.555555555555556,0.454545454545455,1
0.555555555555556,0.464646464646465,1
0.555555555555556,0.474747474747475,1
0.555555555555556,0.484848484848485,1
0.555555555555556,0.494949494949495,1
0.555555555555556,0.505050505050505,1
0.555555555555556,0.515151515151515,1
0.555555555555556,0.525252525252525,1
0.555555555555556,0.535353535353535,1
0.555555555555556,0.545454545454545,1
0.555555555555556,0.555555555555556,1
0.555555555555556,0.565656565656566,1
0.555555555555556,0.575757575757576,1
0.555555555555556,0.585858585858586,1
0.555555555555556,0.595959595959596,1
0.555555555555556,0.606060606060606,1
0.555555555555556,0.616161616161616,1
0.555555555555556,0.626262626262626,1
0.555555555555556,0.636363636363636,1
0.555555555555556,0.646464646464647,1
0.555555555555556,0.656565656565657,1
0.555555555555556,0.666666666666667,1
0.555555555555556,0.676767676767677,1
0.555555555555556,0.686868686868687,1
0.555555555555556,0.696969696969697,1
0.555555555555556,0.707070707070707,1
0.555555555555556,0.717171717171717,1
0.555555555555556,0.727272727272727,1
0.555555555555556,0.737373737373737,1
0.555555555555556,0.747474747474748,1
0.555555555555556,0.757575757575758,1
0.555555555555556,0.767676767676768,1
0.555555555555556,0.777777777777778,1
0.555555555555556,0.787878787878788,1
0.555555555555556,0.797979797979798,1
0.555555555555556,0.808080808080808,1
0.555555555555556,0.818181818181818,1
0.555555555555556,0.828282828282828,1
0.555555555555556,0.838383838383838,1
0.555555555555556,0.848484848484849,1
0.555555555555556,0.858585858585859,1
0.555555555555556,0.868686868686869,1
0.555555555555556,0.878787878787879,1
0.555555555555556,0.888888888888889,1
0.555555555555556,0.898989898989899,1
0.555555555555556,0.909090909090909,1
0.555555555555556,0.919191919191919,1
0.555555555555556,0.929292929292929,1
0.555555555555556,0.939393939393939,1
0.555555555555556,0.94949494949495,1
0.555555555555556,0.95959595959596,1
0.555555555555556,0.96969696969697,1
0.555555555555556,0.97979797979798,1
0.555555555555556,0.98989898989899,1
0.555555555555556,1,1
0.565656565656566,0,-1
0.565656565656566,0.0101010101010101,-1
0.565656565656566,0.0202020202020202,1
0.565656565656566,0.0303030303030303,1
0.565656565656566,0.0404040404040404,1
0.565656565656566,0.0505050505050505,1
0.565656565656566,0.0606060606060606,1
0.565656565656566,0.0707070707070707,1
0.565656565656566,0.0808080808080808,1
0.565656565656566,0.0909090909090909,1
0.565656565656566,0.101010101010101,1
0.565656565656566,0.111111111111111,1
0.565656565656566,0.121212121212121,1
0.565656565656566,0.131313131313131,1
0.565656565656566,0.141414141414141,1
0.565656565656566,0.151515151515152,1
0.565656565656566,0.161616161616162,1
0.565656565656566,0.171717171717172,1
0.565656565656566,0.181818181818182,0
0.565656565656566,0.191919191919192,0
0.565656565656566,0.202020202020202,1
0.565656565656566,0.212121212121212,1
0.565656565656566,0.222222222222222,1
0.565656565656566,0.232323232323232,1
0.565656565656566,0.242424242424242,1
0.565656565656566,0.252525252525253,1
0.565656565656566,0.262626262626263,1
0.565656565656566,0.272727272727273,1
0.565656565656566,0.282828282828283,1
0.565656565656566,0.292929292929293,1
0.565656565656566,0.303030303030303,1
0.565656565656566,0.313131313131313,1
0.565656565656566,0.323232323232323,1
0.565656565656566,0.333333333333333,1
0.565656565656566,0.343434343434343,1
0.565656565656566,0.353535353535354,1
0.565656565656566,0.363636363636364,1
0.565656565656566,0.373737373737374,1
0.565656565656566,0.383838383838384,1
0.565656565656566,0.393939393939394,1
0.565656565656566,0.404040404040404,1
0.565656565656566,0.414141414141414,1
0.565656565656566,0.424242424242424,1
0.565656565656566,0.434343434343434,1
0.565656565656566,0.444444444444444,1
0.565656565656566,0.454545454545455,1
0.565656565656566,0.464646464646465,1
0.565656565656566,0.474747474747475,1
0.565656565656566,0.484848484848485,1
0.565656565656566,0.494949494949495,1
0.565656565656566,0.505050505050505,1
0.565656565656566,0.515151515151515,1
0.565656565656566,0.525252525252525,1
0.565656565656566,0.535353535353535,1
0.565656565656566,0.545454545454545,1
0.565656565656566,0.555555555555556,1
0.565656565656566,0.565656565656566,1
0.565656565656566,0.575757575757576,1
0.565656565656566,0.585858585858586,1
0.565656565656566,0.595959595959596,1
0.565656565656566,0.606060606060606,1
0.565656565656566,0.616161616161616,1
0.565656565656566,0.626262626262626,1
0.565656565656566,0.636363636363636,1
0.565656565656566,0.646464646464647,1
0.565656565656566,0.656565656565657,1
0.565656565656566,0.666666666666667,1
0.565656565656566,0.676767676767677,1
0.565656565656566,0.686868686868687,1
0.565656565656566,0.696969696969697,1
0.565656565656566,0.707070707070707,1
0.565656565656566,0.717171717171717,1
0.565656565656566,0.727272727272727,1
0.565656565656566,0.737373737373737,1
0.565656565656566,0.747474747474748,1
0.565656565656566,0.757575757575758,1
0.565656565656566,0.767676767676768,1
0.565656565656566,0.777777777777778,1
0.565656565656566,0.787878787878788,1
0.565656565656566,0.797979797979798,1
0.565656565656566,0.808080808080808,1
0.565656565656566,0.818181818181818,1
0.565656565656566,0.828282828282828,1
0.565656565656566,0.838383838383838,1
0.565656565656566,0.848484848484849,1
0.565656565656566,0.858585858585859,1
0.565656565656566,0.868686868686869,1
0.565656565656566,0.878787878787879,1
0.565656565656566,0.888888888888889,1
0.565656565656566,0.898989898989899,1
0.565656565656566,0.909090909090909,1
0.565656565656566,0.919191919191919,1
0.565656565656566,0.929292929292929,1
0.565656565656566,0.939393939393939,1
0.565656565656566,0.94949494949495,1
0.565656565656566,0.95959595959596,1
0.565656565656566,0.96969696969697,1
0.565656565656566,0.97979797979798,1
0.565656565656566,0.98989898989899,1
0.565656565656566,1,1
0.575757575757576,0,-1
0.575757575757576,0.0101010101010101,-1
0.575757575757576,0.0202020202020202,1
0.575757575757576,0.0303030303030303,1
0.575757575757576,0.0404040404040404,1
0.575757575757576,0.0505050505050505,1
0.575757575757576,0.0606060606060606,1
0.575757575757576,0.0707070707070707,1
0.575757575757576,0.0808080808080808,1
0.575757575757576,0.0909090909090909,1
0.575757575757576,0.101010101010101,1
0.575757575757576,0.111111111111111,1
0.575757575757576,0.121212121212121,1
0.575757575757576,0.131313131313131,1
0.575757575757576,0.141414141414141,1
0.575757575757576,0.151515151515152,1
0.575757575757576,0.161616161616162,0
0.575757575757576,0.171717171717172,0
0.575757575757576,0.181818181818182,1
0.575757575757576,0.191919191919192,1
0.575757575757576,0.202020202020202,1
0.575757575757576,0.212121212121212,1
0.575757575757576,0.222222222222222,1
0.575757575757576,0.232323232323232,1
0.575757575757576,0.242424242424242,1
0.575757575757576,0.252525252525253,1
0.575757575757576,0.262626262626263,1
0.575757575757576,0.272727272727273,1
0.575757575757576,0.282828282828283,1
0.575757575757576,0.292929292929293,1
0.575757575757576,0.303030303030303,1
0.575757575757576,0.313131313131313,1
0.575757575757576,0.323232323232323,1
0.575757575757576,0.333333333333333,1
0.575757575757576,0.343434343434343,1
0.575757575757576,0.353535353535354,1
0.575757575757576,0.363636363636364,1
0.575757575757576,0.373737373737374,1
0.575757575757576,0.383838383838384,1
0.575757575757576,0.393939393939394,1
0.575757575757576,0.404040404040404,1
0.575757575757576,0.414141414141414,1
0.575757575757576,0.424242424242424,1
0.575757575757576,0.434343434343434,1
0.575757575757576,0.444444444444444,1
0.575757575757576,0.454545454545455,1
0.575757575757576,0.464646464646465,1
0.575757575757576,0.474747474747475,1
0.575757575757576,0.484848484848485,1
0.575757575757576,0.494949494949495,1
0.575757575757576,0.505050505050505,1
0.575757575757576,0.515151515151515,1
0.575757575757576,0.525252525252525,1
0.575757575757576,0.535353535353535,1
0.575757575757576,0.545454545454545,1
0.575757575757576,0.555555555555556,1
0.575757575757576,0.565656565656566,1
0.575757575757576,0.575757575757576,1
0.575757575757576,0.585858585858586,1
0.575757575757576,0.595959595959596,1
0.575757575757576,0.606060606060606,1
0.575757575757576,0.616161616161616,1
0.575757575757576,0.626262626262626,1
0.575757575757576,0.636363636363636,1
0.575757575757576,0.646464646464647,1
0.575757575757576,0.656565656565657,1
0.575757575757576,0.666666666666667,1
0.575757575757576,0.676767676767677,1
0.575757575757576,0.686868686868687,1
0.575757575757576,0.696969696969697,1
0.575757575757576,0.707070707070707,1
0.575757575757576,0.717171717171717,1
0.575757575757576,0.727272727272727,1
0.575757575757576,0.737373737373737,1
0.575757575757576,0.747474747474748,1
0.575757575757576,0.757575757575758,1
0.575757575757576,0.767676767676768,1
0.575757575757576,0.777777777777778,1
0.575757575757576,0.787878787878788,1
0.575757575757576,0.797979797979798,1
0.575757575757576,0.808080808080808,1
0.575757575757576,0.818181818181818,1
0.575757575757576,0.828282828282828,1
0.575757575757576,0.838383838383838,1
0.575757575757576,0.848484848484849,1
0.575757575757576,0.858585858585859,1
0.575757575757576,0.868686868686869,1
0.575757575757576,0.878787878787879,1
0.575757575757576,0.888888888888889,1
0.575757575757576,0.898989898989899,1
0.575757575757576,0.909090909090909,1
0.575757575757576,0.919191919191919,1
0.575757575757576,0.929292929292929,1
0.575757575757576,0.939393939393939,1
0.575757575757576,0.94949494949495,1
0.575757575757576,0.95959595959596,1
0.575757575757576,0.96969696969697,1
0.575757575757576,0.97979797979798,1
0.575757575757576,0.98989898989899,1
0.575757575757576,1,1
0.585858585858586,0,-1
0.585858585858586,0.0101010101010101,-1
0.585858585858586,0.0202020202020202,1
0.585858585858586,0.0303030303030303,1
0.585858585858586,0.0404040404040404,1
0.585858585858586,0.0505050505050505,1
0.585858585858586,0.0606060606060606,1
0.585858585858586,0.0707070707070707,1
0.585858585858586,0.0808080808080808,1
0.585858585858586,0.0909090909090909,0
0.585858585858586,0.101010101010101,1
0.585858585858586,0.111111111111111,1
0.585858585858586,0.121212121212121,0
0.585858585858586,0.131313131313131,0
0.585858585858586,0.141414141414141,1
0.585858585858586,0.151515151515152,0
0.585858585858586,0.161616161616162,1
0.585858585858586,0.171717171717172,1
0.585858585858586,0.181818181818182,1
0.585858585858586,0.191919191919192,1
0.585858585858586,0.202020202020202,1
0.585858585858586,0.212121212121212,1
0.585858585858586,0.222222222222222,1
0.585858585858586,0.232323232323232,1
0.585858585858586,0.242424242424242,1
0.585858585858586,0.252525252525253,1
0.585858585858586,0.262626262626263,1
0.585858585858586,0.272727272727273,1
0.585858585858586,0.282828282828283,1
0.585858585858586,0.292929292929293,1
0.585858585858586,0.303030303030303,1
0.585858585858586,0.313131313131313,1
0.585858585858586,0.323232323232323,1
0.585858585858586,0.333333333333333,1
0.585858585858586,0.343434343434343,1
0.585858585858586,0.353535353535354,1
0.585858585858586,0.363636363636364,1
0.585858585858586,0.373737373737374,1
0.585858585858586,0.383838383838384,1
0.585858585858586,0.393939393939394,1
0.585858585858586,0.404040404040404,1
0.585858585858586,0.414141414141414,1
0.585858585858586,0.424242424242424,1
0.585858585858586,0.434343434343434,1
0.585858585858586,0.444444444444444,1
0.585858585858586,0.454545454545455,1
0.585858585858586,0.464646464646465,1
0.585858585858586,0.474747474747475,1
0.585858585858586,0.484848484848485,1
0.585858585858586,0.494949494949495,1
0.585858585858586,0.505050505050505,1
0.585858585858586,0.515151515151515,1
0.585858585858586,0.525252525252525,1
0.585858585858586,0.535353535353535,1
0.585858585858586,0.545454545454545,1
0.585858585858586,0.555555555555556,1
0.585858585858586,0.565656565656566,1
0.585858585858586,0.575757575757576,1
0.585858585858586,0.585858585858586,1
0.585858585858586,0.595959595959596,1
0.585858585858586,0.606060606060606,1
0.585858585858586,0.616161616161616,1
0.585858585858586,0.626262626262626,1
0.585858585858586,0.636363636363636,1
0.585858585858586,0.646464646464647,1
0.585858585858586,0.656565656565657,1
0.585858585858586,0.666666666666667,1
0.585858585858586,0.676767676767677,1
0.585858585858586,0.686868686868687,1
0.585858585858586,0.696969696969697,1
0.585858585858586,0.707070707070707,1
0.585858585858586,0.717171717171717,1
0.585858585858586,0.727272727272727,1
0.585858585858586,0.737373737373737,1
0.585858585858586,0.747474747474748,1
0.585858585858586,0.757575757575758,1
0.585858585858586,0.767676767676768,1
0.585858585858586,0.777777777777778,1
0.585858585858586,0.787878787878788,1
0.585858585858586,0.797979797979798,1
0.585858585858586,0.808080808080808,1
0.585858585858586,0.818181818181818,1
0.585858585858586,0.828282828282828,1
0.585858585858586,0.838383838383838,1
0.585858585858586,0.848484848484849,1
0.585858585858586,0.858585858585859,1
0.585858585858586,0.868686868686869,1
0.585858585858586,0.878787878787879,1
0.585858585858586,0.888888888888889,1
0.585858585858586,0.898989898989899,1
0.585858585858586,0.909090909090909,1
0.585858585858586,0.919191919191919,1
0.585858585858586,0.929292929292929,1
0.585858585858586,0.939393939393939,1
0.585858585858586,0.94949494949495,1
0.585858585858586,0.95959595959596,1
0.585858585858586,0.96969696969697,1
0.585858585858586,0.97979797979798,1
0.585858585858586,0.98989898989899,1
0.585858585858586,1,1
0.595959595959596,0,-1
0.595959595959596,0.0101010101010101,-1
0.595959595959596,0.0202020202020202,-1
0.595959595959596,0.0303030303030303,1
0.595959595959596,0.0404040404040404,1
0.595959595959596,0.0505050505050505,1
0.595959595959596,0.0606060606060606,1
0.595959595959596,0.0707070707070707,1
0.595959595959596,0.0808080808080808,1
0.595959595959596,0.0909090909090909,1
0.595959595959596,0.101010101010101,1
0.595959595959596,0.111111111111111,0
0.595959595959596,0.121212121212121,1
0.595959595959596,0.131313131313131,1
0.595959595959596,0.141414141414141,1
0.595959595959596,0.151515151515152,1
0.595959595959596,0.161616161616162,1
0.595959595959596,0.171717171717172,1
0.595959595959596,0.181818181818182,1
0.595959595959596,0.191919191919192,1
0.595959595959596,0.202020202020202,1
0.595959595959596,0.212121212121212,1
0.595959595959596,0.222222222222222,1
0.595959595959596,0.232323232323232,1
0.595959595959596,0.242424242424242,1
0.595959595959596,0.252525252525253,1
0.595959595959596,0.262626262626263,1
0.595959595959596,0.272727272727273,1
0.595959595959596,0.282828282828283,1
0.595959595959596,0.292929292929293,1
0.595959595959596,0.303030303030303,1
0.595959595959596,0.313131313131313,1
0.595959595959596,0.323232323232323,1
0.595959595959596,0.333333333333333,1
0.595959595959596,0.343434343434343,1
0.595959595959596,0.353535353535354,1
0.595959595959596,0.363636363636364,1
0.595959595959596,0.373737373737374,1
0.595959595959596,0.383838383838384,1
0.595959595959596,0.393939393939394,1
0.595959595959596,0.404040404040404,1
0.595959595959596,0.414141414141414,1
0.595959595959596,0.424242424242424,1
0.595959595959596,0.434343434343434,1
0.595959595959596,0.444444444444444,1
0.595959595959596,0.454545454545455,1
0.595959595959596,0.464646464646465,1
0.595959595959596,0.474747474747475,1
0.595959595959596,0.484848484848485,1
0.595959595959596,0.494949494949495,1
0.595959595959596,0.505050505050505,1
0.595959595959596,0.515151515151515,1
0.595959595959596,0.525252525252525,1
0.595959595959596,0.535353535353535,1
0.595959595959596,0.545454545454545,1
0.595959595959596,0.555555555555556,1
0.595959595959596,0.565656565656566,1
0.595959595959596,0.575757575757576,1
0.595959595959596,0.585858585858586,1
0.595959595959596,0.595959595959596,1
0.595959595959596,0.606060606060606,1
0.595959595959596,0.616161616161616,1
0.595959595959596,0.626262626262626,1
0.595959595959596,0.636363636363636,1
0.595959595959596,0.646464646464647,1
0.595959595959596,0.656565656565657,1
0.595959595959596,0.666666666666667,1
0.595959595959596,0.676767676767677,1
0.595959595959596,0.686868686868687,1
0.595959595959596,0.696969696969697,1
0.595959595959596,0.707070707070707,1
0.595959595959596,0.717171717171717,1
0.595959595959596,0.727272727272727,1
0.595959595959596,0.737373737373737,1
0.595959595959596,0.747474747474748,1
0.595959595959596,0.757575757575758,1
0.595959595959596,0.767676767676768,1
0.595959595959596,0.777777777777778,1
0.595959595959596,0.787878787878788,1
0.595959595959596,0.797979797979798,1
0.595959595959596,0.808080808080808,1
0.595959595959596,0.818181818181818,1
0.595959595959596,0.828282828282828,1
0.595959595959596,0.838383838383838,1
0.595959595959596,0.848484848484849,1
0.595959595959596,0.858585858585859,1
0.595959595959596,0.868686868686869,1
0.595959595959596,0.878787878787879,1
0.595959595959596,0.888888888888889,1
0.595959595959596,0.898989898989899,1
0.595959595959596,0.909090909090909,1
0.595959595959596,0.919191919191919,1
0.595959595959596,0.929292929292929,1
0.595959595959596,0.939393939393939,1
0.595959595959596,0.94949494949495,1
0.595959595959596,0.95959595959596,1
0.595959595959596,0.96969696969697,1
0.595959595959596,0.97979797979798,1
0.595959595959596,0.98989898989899,1
0.595959595959596,1,1
0.606060606060606,0,-1
0.606060606060606,0.0101010101010101,-1
0.606060606060606,0.0202020202020202,-1
0.606060606060606,0.0303030303030303,1
0.606060606060606,0.0404040404040404,1
0.606060606060606,0.0505050505050505,1
0.606060606060606,0.0606060606060606,1
0.606060606060606,0.0707070707070707,1
0.606060606060606,0.0808080808080808,1
0.606060606060606,0.0909090909090909,1
0.606060606060606,0.101010101010101,1
0.606060606060606,0.111111111111111,1
0.606060606060606,0.121212121212121,1
0.606060606060606,0.131313131313131,1
0.606060606060606,0.141414141414141,1
0.606060606060606,0.151515151515152,1
0.606060606060606,0.161616161616162,1
0.606060606060606,0.171717171717172,1
0.606060606060606,0.181818181818182,1
0.606060606060606,0.191919191919192,1
0.606060606060606,0.202020202020202,1
0.606060606060606,0.212121212121212,1
0.606060606060606,0.222222222222222,1
0.606060606060606,0.232323232323232,1
0.606060606060606,0.242424242424242,1
0.606060606060606,0.252525252525253,1
0.606060606060606,0.262626262626263,1
0.606060606060606,0.272727272727273,1
0.606060606060606,0.282828282828283,1
0.606060606060606,0.292929292929293,1
0.606060606060606,0.303030303030303,1
0.606060606060606,0.313131313131313,1
0.606060606060606,0.323232323232323,1
0.606060606060606,0.333333333333333,1
0.606060606060606,0.343434343434343,1
0.606060606060606,0.353535353535354,1
0.606060606060606,0.363636363636364,1
0.606060606060606,0.373737373737374,1
0.606060606060606,0.383838383838384,1
0.606060606060606,0.393939393939394,1
0.606060606060606,0.404040404040404,1
0.606060606060606,0.414141414141414,1
0.606060606060606,0.424242424242424,1
0.606060606060606,0.434343434343434,1
0.606060606060606,0.444444444444444,1
0.606060606060606,0.454545454545455,1
0.606060606060606,0.464646464646465,1
0.606060606060606,0.474747474747475,1
0.606060606060606,0.484848484848485,1
0.606060606060606,0.494949494949495,1
0.606060606060606,0.505050505050505,1
0.606060606060606,0.515151515151515,1
0.606060606060606,0.525252525252525,1
0.606060606060606,0.535353535353535,1
0.606060606060606,0.545454545454545,1
0.606060606060606,0.555555555555556,1
0.606060606060606,0.565656565656566,1
0.606060606060606,0.575757575757576,1
0.606060606060606,0.585858585858586,1
0.606060606060606,0.595959595959596,1
0.606060606060606,0.606060606060606,1
0.606060606060606,0.616161616161616,1
0.606060606060606,0.626262626262626,1
0.606060606060606,0.636363636363636,1
0.606060606060606,0.646464646464647,1
0.606060606060606,0.656565656565657,1
0.606060606060606,0.666666666666667,1
0.606060606060606,0.676767676767677,1
0.606060606060606,0.686868686868687,1
0.606060606060606,0.696969696969697,1
0.606060606060606,0.707070707070707,1
0.606060606060606,0.717171717171717,1
0.606060606060606,0.727272727272727,1
0.606060606060606,0.737373737373737,1
0.606060606060606,0.747474747474748,1
0.606060606060606,0.757575757575758,1
0.606060606060606,0.767676767676768,1
0.606060606060606,0.777777777777778,1
0.606060606060606,0.787878787878788,1
0.606060606060606,0.797979797979798,1
0.606060606060606,0.808080808080808,1
0.606060606060606,0.818181818181818,1
0.606060606060606,0.828282828282828,1
0.606060606060606,0.838383838383838,1
0.606060606060606,0.848484848484849,1
0.606060606060606,0.858585858585859,1
0.606060606060606,0.868686868686869,1
0.606060606060606,0.878787878787879,1
0.606060606060606,0.888888888888889,1
0.606060606060606,0.898989898989899,1
0.606060606060606,0.909090909090909,1
0.606060606060606,0.919191919191919,1
0.606060606060606,0.929292929292929,1
0.606060606060606,0.939393939393939,1
0.606060606060606,0.94949494949495,1
0.606060606060606,0.95959595959596,1
0.606060606060606,0.96969696969697,1
0.606060606060606,0.97979797979798,1
0.606060606060606,0.98989898989899,1
0.606060606060606,1,1
0.616161616161616,0,-1
0.616161616161616,0.0101010101010101,-1
0.616161616161616,0.0202020202020202,-1
0.616161616161616,0.0303030303030303,1
0.616161616161616,0.0404040404040404,1
0.616161616161616,0.0505050505050505,1
0.616161616161616,0.0606060606060606,1
0.616161616161616,0.0707070707070707,1
0.616161616161616,0.0808080808080808,1
0.616161616161616,0.0909090909090909,1
0.616161616161616,0.101010101010101,1
0.616161616161616,0.111111111111111,1
0.616161616161616,0.121212121212121,1
0.616161616161616,0.131313131313131,1
0.616161616161616,0.141414141414141,1
0.616161616161616,0.151515151515152,1
0.616161616161616,0.161616161616162,1
0.616161616161616,0.171717171717172,1
0.616161616161616,0.181818181818182,1
0.616161616161616,0.191919191919192,1
0.616161616161616,0.202020202020202,1
0.616161616161616,0.212121212121212,1
0.616161616161616,0.222222222222222,1
0.616161616161616,0.232323232323232,1
0.616161616161616,0.242424242424242,1
0.616161616161616,0.252525252525253,1
0.616161616161616,0.262626262626263,1
0.616161616161616,0.272727272727273,1
0.616161616161616,0.282828282828283,1
0.616161616161616,0.292929292929293,1
0.616161616161616,0.303030303030303,1
0.616161616161616,0.313131313131313,1
0.616161616161616,0.323232323232323,1
0.616161616161616,0.333333333333333,1
0.616161616161616,0.343434343434343,1
0.616161616161616,0.353535353535354,1
0.616161616161616,0.363636363636364,1
0.616161616161616,0.373737373737374,1
0.616161616161616,0.383838383838384,1
0.616161616161616,0.393939393939394,1
0.616161616161616,0.404040404040404,1
0.616161616161616,0.414141414141414,1
0.616161616161616,0.424242424242424,1
0.616161616161616,0.434343434343434,1
0.616161616161616,0.444444444444444,1
0.616161616161616,0.454545454545455,1
0.616161616161616,0.464646464646465,1
0.616161616161616,0.474747474747475,1
0.616161616161616,0.484848484848485,1
0.616161616161616,0.494949494949495,1
0.616161616161616,0.505050505050505,1
0.616161616161616,0.515151515151515,1
0.616161616161616,0.525252525252525,1
0.616161616161616,0.535353535353535,1
0.616161616161616,0.545454545454545,1
0.616161616161616,0.555555555555556,1
0.616161616161616,0.565656565656566,1
0.616161616161616,0.575757575757576,1
0.616161616161616,0.585858585858586,1
0.616161616161616,0.595959595959596,1
0.616161616161616,0.606060606060606,1
0.616161616161616,0.616161616161616,1
0.616161616161616,0.626262626262626,1
0.616161616161616,0.636363636363636,1
0.616161616161616,0.646464646464647,1
0.616161616161616,0.656565656565657,1
0.616161616161616,0.666666666666667,1
0.616161616161616,0.676767676767677,1
0.616161616161616,0.686868686868687,1
0.616161616161616,0.696969696969697,1
0.616161616161616,0.707070707070707,1
0.616161616161616,0.717171717171717,1
0.616161616161616,0.727272727272727,1
0.616161616161616,0.737373737373737,1
0.616161616161616,0.747474747474748,1
0.616161616161616,0.757575757575758,1
0.616161616161616,0.767676767676768,1
0.616161616161616,0.777777777777778,1
0.616161616161616,0.787878787878788,1
0.616161616161616,0.797979797979798,1
0.616161616161616,0.808080808080808,1
0.616161616161616,0.818181818181818,1
0.616161616161616,0.828282828282828,1
0.616161616161616,0.838383838383838,1
0.616161616161616,0.848484848484849,1
0.616161616161616,0.858585858585859,1
0.616161616161616,0.868686868686869,1
0.616161616161616,0.878787878787879,1
0.616161616161616,0.888888888888889,1
0.616161616161616,0.898989898989899,1
0.616161616161616,0.909090909090909,1
0.616161616161616,0.919191919191919,1
0.616161616161616,0.929292929292929,1
0.616161616161616,0.939393939393939,1
0.616161616161616,0.94949494949495,1
0.616161616161616,0.95959595959596,1
0.616161616161616,0.96969696969697,1
0.616161616161616,0.97979797979798,1
0.616161616161616,0.98989898989899,1
0.616161616161616,1,1
0.626262626262626,0,-1
0.626262626262626,0.0101010101010101,-1
0.626262626262626,0.0202020202020202,-1
0.626262626262626,0.0303030303030303,1
0.626262626262626,0.0404040404040404,1
0.626262626262626,0.0505050505050505,1
0.626262626262626,0.0606060606060606,1
0.626262626262626,0.0707070707070707,1
0.626262626262626,0.0808080808080808,1
0.626262626262626,0.0909090909090909,1
0.626262626262626,0.101010101010101,1
0.626262626262626,0.111111111111111,1
0.626262626262626,0.121212121212121,1
0.626262626262626,0.131313131313131,1
0.626262626262626,0.141414141414141,1
0.626262626262626,0.151515151515152,1
0.626262626262626,0.161616161616162,1
0.626262626262626,0.171717171717172,1
0.626262626262626,0.181818181818182,1
0.626262626262626,0.191919191919192,1
0.626262626262626,0.202020202020202,1
0.626262626262626,0.212121212121212,1
0.626262626262626,0.222222222222222,1
0.626262626262626,0.232323232323232,1
0.626262626262626,0.242424242424242,1
0.626262626262626,0.252525252525253,1
0.626262626262626,0.262626262626263,1
0.626262626262626,0.272727272727273,1
0.626262626262626,0.282828282828283,1
0.626262626262626,0.292929292929293,1
0.626262626262626,0.303030303030303,1
0.626262626262626,0.313131313131313,1
0.626262626262626,0.323232323232323,1
0.626262626262626,0.333333333333333,1
0.626262626262626,0.343434343434343,1
0.626262626262626,0.353535353535354,1
0.626262626262626,0.363636363636364,1
0.626262626262626,0.373737373737374,1
0.626262626262626,0.383838383838384,1
0.626262626262626,0.393939393939394,1
0.626262626262626,0.404040404040404,1
0.626262626262626,0.414141414141414,1
0.626262626262626,0.424242424242424,1
0.626262626262626,0.434343434343434,1
0.626262626262626,0.444444444444444,1
0.626262626262626,0.454545454545455,1
0.626262626262626,0.464646464646465,1
0.626262626262626,0.474747474747475,1
0.626262626262626,0.484848484848485,1
0.626262626262626,0.494949494949495,1
0.626262626262626,0.505050505050505,1
0.626262626262626,0.515151515151515,1
0.626262626262626,0.525252525252525,1
0.626262626262626,0.535353535353535,1
0.626262626262626,0.545454545454545,1
0.626262626262626,0.555555555555556,1
0.626262626262626,0.565656565656566,1
0.626262626262626,0.575757575757576,1
0.626262626262626,0.585858585858586,1
0.626262626262626,0.595959595959596,1
0.626262626262626,0.606060606060606,1
0.626262626262626,0.616161616161616,1
0.626262626262626,0.626262626262626,1
0.626262626262626,0.636363636363636,1
0.626262626262626,0.646464646464647,1
0.626262626262626,0.656565656565657,1
0.626262626262626,0.666666666666667,1
0.626262626262626,0.676767676767677,1
0.626262626262626,0.686868686868687,1
0.626262626262626,0.696969696969697,1
0.626262626262626,0.707070707070707,1
0.626262626262626,0.717171717171717,1
0.626262626262626,0.727272727272727,1
0.626262626262626,0.737373737373737,1
0.626262626262626,0.747474747474748,1
0.626262626262626,0.757575757575758,1
0.626262626262626,0.767676767676768,1
0.626262626262626,0.777777777777778,1
0.626262626262626,0.787878787878788,1
0.626262626262626,0.797979797979798,1
0.626262626262626,0.808080808080808,1
0.626262626262626,0.818181818181818,1
0.626262626262626,0.828282828282828,1
0.626262626262626,0.838383838383838,1
0.626262626262626,0.848484848484849,1
0.626262626262626,0.858585858585859,1
0.626262626262626,0.868686868686869,1
0.626262626262626,0.878787878787879,1
0.626262626262626,0.888888888888889,1
0.626262626262626,0.898989898989899,1
0.626262626262626,0.909090909090909,1
0.626262626262626,0.919191919191919,1
0.626262626262626,0.929292929292929,1
0.626262626262626,0.939393939393939,1
0.626262626262626,0.94949494949495,1
0.626262626262626,0.95959595959596,1
0.626262626262626,0.96969696969697,1
0.626262626262626,0.97979797979798,1
0.626262626262626,0.98989898989899,1
0.626262626262626,1,1
0.636363636363636,0,-1
0.636363636363636,0.0101010101010101,-1
0.636363636363636,0.0202020202020202,-1
0.636363636363636,0.0303030303030303,1
0.636363636363636,0.0404040404040404,1
0.636363636363636,0.0505050505050505,1
0.636363636363636,0.0606060606060606,1
0.636363636363636,0.0707070707070707,1
0.636363636363636,0.0808080808080808,1
0.636363636363636,0.0909090909090909,1
0.636363636363636,0.101010101010101,1
0.636363636363636,0.111111111111111,1
0.636363636363636,0.121212121212121,1
0.636363636363636,0.131313131313131,1
0.636363636363636,0.141414141414141,1
0.636363636363636,0.151515151515152,1
0.636363636363636,0.161616161616162,1
0.636363636363636,0.171717171717172,1
0.636363636363636,0.181818181818182,1
0.636363636363636,0.191919191919192,1
0.636363636363636,0.202020202020202,1
0.636363636363636,0.212121212121212,1
0.636363636363636,0.222222222222222,1
0.636363636363636,0.232323232323232,1
0.636363636363636,0.242424242424242,1
0.636363636363636,0.252525252525253,1
0.636363636363636,0.262626262626263,1
0.636363636363636,0.272727272727273,1
0.636363636363636,0.282828282828283,1
0.636363636363636,0.292929292929293,1
0.636363636363636,0.303030303030303,1
0.636363636363636,0.313131313131313,1
0.636363636363636,0.323232323232323,1
0.636363636363636,0.333333333333333,1
0.636363636363636,0.343434343434343,1
0.636363636363636,0.353535353535354,1
0.636363636363636,0.363636363636364,1
0.636363636363636,0.373737373737374,1
0.636363636363636,0.383838383838384,1
0.636363636363636,0.393939393939394,1
0.636363636363636,0.404040404040404,1
0.636363636363636,0.414141414141414,1
0.636363636363636,0.424242424242424,1
0.636363636363636,0.434343434343434,1
0.636363636363636,0.444444444444444,1
0.636363636363636,0.454545454545455,1
0.636363636363636,0.464646464646465,1
0.636363636363636,0.474747474747475,1
0.636363636363636,0.484848484848485,1
0.636363636363636,0.494949494949495,1
0.636363636363636,0.505050505050505,1
0.636363636363636,0.515151515151515,1
0.636363636363636,0.525252525252525,1
0.636363636363636,0.535353535353535,1
0.636363636363636,0.545454545454545,1
0.636363636363636,0.555555555555556,1
0.636363636363636,0.565656565656566,1
0.636363636363636,0.575757575757576,1
0.636363636363636,0.585858585858586,1
0.636363636363636,0.595959595959596,1
0.636363636363636,0.606060606060606,1
0.636363636363636,0.616161616161616,1
0.636363636363636,0.626262626262626,1
0.636363636363636,0.636363636363636,1
0.636363636363636,0.646464646464647,1
0.636363636363636,0.656565656565657,1
0.636363636363636,0.666666666666667,1
0.636363636363636,0.676767676767677,1
0.636363636363636,0.686868686868687,1
0.636363636363636,0.696969696969697,1
0.636363636363636,0.707070707070707,1
0.636363636363636,0.717171717171717,1
0.636363636363636,0.727272727272727,1
0.636363636363636,0.737373737373737,1
0.636363636363636,0.747474747474748,1
0.636363636363636,0.757575757575758,1
0.636363636363636,0.767676767676768,1
0.636363636363636,0.777777777777778,1
0.636363636363636,0.787878787878788,1
0.636363636363636,0.797979797979798,1
0.636363636363636,0.808080808080808,1
0.636363636363636,0.818181818181818,1
0.636363636363636,0.828282828282828,1
0.636363636363636,0.838383838383838,1
0.636363636363636,0.848484848484849,1
0.636363636363636,0.858585858585859,1
0.636363636363636,0.868686868686869,1
0.636363636363636,0.878787878787879,1
0.636363636363636,0.888888888888889,1
0.636363636363636,0.898989898989899,1
0.636363636363636,0.909090909090909,1
0.636363636363636,0.919191919191919,1
0.636363636363636,0.929292929292929,1
0.636363636363636,0.939393939393939,1
0.636363636363636,0.94949494949495,1
0.636363636363636,0.95959595959596,1
0.636363636363636,0.96969696969697,1
0.636363636363636,0.97979797979798,1
0.636363636363636,0.98989898989899,1
0.636363636363636,1,1
0.646464646464647,0,-1
0.646464646464647,0.0101010101010101,-1
0.646464646464647,0.0202020202020202,-1
0.646464646464647,0.0303030303030303,1
0.646464646464647,0.0404040404040404,1
0.646464646464647,0.0505050505050505,1
0.646464646464647,0.0606060606060606,1
0.646464646464647,0.0707070707070707,1
0.646464646464647,0.0808080808080808,1
0.646464646464647,0.0909090909090909,1
0.646464646464647,0.101010101010101,1
0.646464646464647,0.111111111111111,1
0.646464646464647,0.121212121212121,1
0.646464646464647,0.131313131313131,1
0.646464646464647,0.141414141414141,1
0.646464646464647,0.151515151515152,1
0.646464646464647,0.161616161616162,1
0.646464646464647,0.171717171717172,1
0.646464646464647,0.181818181818182,1
0.646464646464647,0.191919191919192,1
0.646464646464647,0.202020202020202,1
0.646464646464647,0.212121212121212,1
0.646464646464647,0.222222222222222,1
0.646464646464647,0.232323232323232,1
0.646464646464647,0.242424242424242,1
0.646464646464647,0.252525252525253,1
0.646464646464647,0.262626262626263,1
0.646464646464647,0.272727272727273,1
0.646464646464647,0.282828282828283,1
0.646464646464647,0.292929292929293,1
0.646464646464647,0.303030303030303,1
0.646464646464647,0.313131313131313,1
0.646464646464647,0.323232323232323,1
0.646464646464647,0.333333333333333,1
0.646464646464647,0.343434343434343,1
0.646464646464647,0.353535353535354,1
0.646464646464647,0.363636363636364,1
0.646464646464647,0.373737373737374,1
0.646464646464647,0.383838383838384,1
0.646464646464647,0.393939393939394,1
0.646464646464647,0.404040404040404,1
0.646464646464647,0.414141414141414,1
0.646464646464647,0.424242424242424,1
0.646464646464647,0.434343434343434,1
0.646464646464647,0.444444444444444,1
0.646464646464647,0.454545454545455,1
0.646464646464647,0.464646464646465,1
0.646464646464647,0.474747474747475,1
0.646464646464647,0.484848484848485,1
0.646464646464647,0.494949494949495,1
0.646464646464647,0.505050505050505,1
0.646464646464647,0.515151515151515,1
0.646464646464647,0.525252525252525,1
0.646464646464647,0.535353535353535,1
0.646464646464647,0.545454545454545,1
0.646464646464647,0.555555555555556,1
0.646464646464647,0.565656565656566,1
0.646464646464647,0.575757575757576,1
0.646464646464647,0.585858585858586,1
0.646464646464647,0.595959595959596,1
0.646464646464647,0.606060606060606,1
0.646464646464647,0.616161616161616,1
0.646464646464647,0.626262626262626,1
0.646464646464647,0.636363636363636,1
0.646464646464647,0.646464646464647,1
0.646464646464647,0.656565656565657,1
0.646464646464647,0.666666666666667,1
0.646464646464647,0.676767676767677,1
0.646464646464647,0.686868686868687,1
0.646464646464647,0.696969696969697,1
0.646464646464647,0.707070707070707,1
0.646464646464647,0.717171717171717,1
0.646464646464647,0.727272727272727,1
0.646464646464647,0.737373737373737,1
0.646464646464647,0.747474747474748,1
0.646464646464647,0.757575757575758,1
0.646464646464647,0.767676767676768,1
0.646464646464647,0.777777777777778,1
0.646464646464647,0.787878787878788,1
0.646464646464647,0.797979797979798,1
0.646464646464647,0.808080808080808,1
0.646464646464647,0.818181818181818,1
0.646464646464647,0.828282828282828,1
0.646464646464647,0.838383838383838,1
0.646464646464647,0.848484848484849,1
0.646464646464647,0.858585858585859,1
0.646464646464647,0.868686868686869,1
0.646464646464647,0.878787878787879,1
0.646464646464647,0.888888888888889,1
0.646464646464647,0.898989898989899,1
0.646464646464647,0.909090909090909,1
0.646464646464647,0.919191919191919,1
0.646464646464647,0.929292929292929,1
0.646464646464647,0.939393939393939,1
0.646464646464647,0.94949494949495,1
0.646464646464647,0.95959595959596,1
0.646464646464647,0.96969696969697,1
0.646464646464647,0.97979797979798,1
0.646464646464647,0.98989898989899,1
0.646464646464647,1,1
0.656565656565657,0,-1
0.656565656565657,0.0101010101010101,-1
0.656565656565657,0.0202020202020202,-1
0.656565656565657,0.0303030303030303,1
0.656565656565657,0.0404040404040404,1
0.656565656565657,0.0505050505050505,1
0.656565656565657,0.0606060606060606,1
0.656565656565657,0.0707070707070707,1
0.656565656565657,0.0808080808080808,1
0.656565656565657,0.0909090909090909,1
0.656565656565657,0.101010101010101,1
0.656565656565657,0.111111111111111,1
0.656565656565657,0.121212121212121,1
0.656565656565657,0.131313131313131,1
0.656565656565657,0.141414141414141,1
0.656565656565657,0.151515151515152,1
0.656565656565657,0.161616161616162,1
0.656565656565657,0.171717171717172,1
0.656565656565657,0.181818181818182,1
0.656565656565657,0.191919191919192,1
0.656565656565657,0.202020202020202,1
0.656565656565657,0.212121212121212,1
0.656565656565657,0.222222222222222,1
0.656565656565657,0.232323232323232,1
0.656565656565657,0.242424242424242,1
0.656565656565657,0.252525252525253,1
0.656565656565657,0.262626262626263,1
0.656565656565657,0.272727272727273,1
0.656565656565657,0.282828282828283,1
0.656565656565657,0.292929292929293,1
0.656565656565657,0.303030303030303,1
0.656565656565657,0.313131313131313,1
0.656565656565657,0.323232323232323,1
0.656565656565657,0.333333333333333,1
0.656565656565657,0.343434343434343,1
0.656565656565657,0.353535353535354,1
0.656565656565657,0.363636363636364,1
0.656565656565657,0.373737373737374,1
0.656565656565657,0.383838383838384,1
0.656565656565657,0.393939393939394,1
0.656565656565657,0.404040404040404,1
0.656565656565657,0.414141414141414,1
0.656565656565657,0.424242424242424,1
0.656565656565657,0.434343434343434,1
0.656565656565657,0.444444444444444,1
0.656565656565657,0.454545454545455,1
0.656565656565657,0.464646464646465,1
0.656565656565657,0.474747474747475,1
0.656565656565657,0.484848484848485,1
0.656565656565657,0.494949494949495,1
0.656565656565657,0.505050505050505,1
0.656565656565657,0.515151515151515,1
0.656565656565657,0.525252525252525,1
0.656565656565657,0.535353535353535,1
0.656565656565657,0.545454545454545,1
0.656565656565657,0.555555555555556,1
0.656565656565657,0.565656565656566,1
0.656565656565657,0.575757575757576,1
0.656565656565657,0.585858585858586,1
0.656565656565657,0.595959595959596,1
0.656565656565657,0.606060606060606,1
0.656565656565657,0.616161616161616,1
0.656565656565657,0.626262626262626,1
0.656565656565657,0.636363636363636,1
0.656565656565657,0.646464646464647,1
0.656565656565657,0.656565656565657,1
0.656565656565657,0.666666666666667,1
0.656565656565657,0.676767676767677,1
0.656565656565657,0.686868686868687,1
0.656565656565657,0.696969696969697,1
0.656565656565657,0.707070707070707,1
0.656565656565657,0.717171717171717,1
0.656565656565657,0.727272727272727,1
0.656565656565657,0.737373737373737,1
0.656565656565657,0.747474747474748,1
0.656565656565657,0.757575757575758,1
0.656565656565657,0.767676767676768,1
0.656565656565657,0.777777777777778,1
0.656565656565657,0.787878787878788,1
0.656565656565657,0.797979797979798,1
0.656565656565657,0.808080808080808,1
0.656565656565657,0.818181818181818,1
0.656565656565657,0.828282828282828,1
0.656565656565657,0.838383838383838,1
0.656565656565657,0.848484848484849,1
0.656565656565657,0.858585858585859,1
0.656565656565657,0.868686868686869,1
0.656565656565657,0.878787878787879,1
0.656565656565657,0.888888888888889,1
0.656565656565657,0.898989898989899,1
0.656565656565657,0.909090909090909,1
0.656565656565657,0.919191919191919,1
0.656565656565657,0.929292929292929,1
0.656565656565657,0.939393939393939,1
0.656565656565657,0.94949494949495,1
0.656565656565657,0.95959595959596,1
0.656565656565657,0.96969696969697,1
0.656565656565657,0.97979797979798,1
0.656565656565657,0.98989898989899,1
0.656565656565657,1,1
0.666666666666667,0,-1
0.666666666666667,0.0101010101010101,-1
0.666666666666667,0.0202020202020202,-1
0.666666666666667,0.0303030303030303,1
0.666666666666667,0.0404040404040404,1
0.666666666666667,0.0505050505050505,1
0.666666666666667,0.0606060606060606,1
0.666666666666667,0.0707070707070707,1
0.666666666666667,0.0808080808080808,1
0.666666666666667,0.0909090909090909,1
0.666666666666667,0.101010101010101,1
0.666666666666667,0.111111111111111,1
0.666666666666667,0.121212121212121,1
0.666666666666667,0.131313131313131,1
0.666666666666667,0.141414141414141,1
0.666666666666667,0.151515151515152,1
0.666666666666667,0.161616161616162,1
0.666666666666667,0.171717171717172,1
0.666666666666667,0.181818181818182,1
0.666666666666667,0.191919191919192,1
0.666666666666667,0.202020202020202,1
0.666666666666667,0.212121212121212,1
0.666666666666667,0.222222222222222,1
0.666666666666667,0.232323232323232,1
0.666666666666667,0.242424242424242,1
0.666666666666667,0.252525252525253,1
0.666666666666667,0.262626262626263,1
0.666666666666667,0.272727272727273,1
0.666666666666667,0.282828282828283,1
0.666666666666667,0.292929292929293,1
0.666666666666667,0.303030303030303,1
0.666666666666667,0.313131313131313,1
0.666666666666667,0.323232323232323,1
0.666666666666667,0.333333333333333,1
0.666666666666667,0.343434343434343,1
0.666666666666667,0.353535353535354,1
0.666666666666667,0.363636363636364,1
0.666666666666667,0.373737373737374,1
0.666666666666667,0.383838383838384,1
0.666666666666667,0.393939393939394,1
0.666666666666667,0.404040404040404,1
0.666666666666667,0.414141414141414,1
0.666666666666667,0.424242424242424,1
0.666666666666667,0.434343434343434,1
0.666666666666667,0.444444444444444,1
0.666666666666667,0.454545454545455,1
0.666666666666667,0.464646464646465,1
0.666666666666667,0.474747474747475,1
0.666666666666667,0.484848484848485,1
0.666666666666667,0.494949494949495,1
0.666666666666667,0.505050505050505,1
0.666666666666667,0.515151515151515,1
0.666666666666667,0.525252525252525,1
0.666666666666667,0.535353535353535,1
0.666666666666667,0.545454545454545,1
0.666666666666667,0.555555555555556,1
0.666666666666667,0.565656565656566,1
0.666666666666667,0.575757575757576,1
0.666666666666667,0.585858585858586,1
0.666666666666667,0.595959595959596,1
0.666666666666667,0.606060606060606,1
0.666666666666667,0.616161616161616,1
0.666666666666667,0.626262626262626,1
0.666666666666667,0.636363636363636,1
0.666666666666667,0.646464646464647,1
0.666666666666667,0.656565656565657,1
0.666666666666667,0.666666666666667,1
0.666666666666667,0.676767676767677,1
0.666666666666667,0.686868686868687,1
0.666666666666667,0.696969696969697,1
0.666666666666667,0.707070707070707,1
0.666666666666667,0.717171717171717,1
0.666666666666667,0.727272727272727,1
0.666666666666667,0.737373737373737,1
0.666666666666667,0.747474747474748,1
0.666666666666667,0.757575757575758,1
0.666666666666667,0.767676767676768,1
0.666666666666667,0.777777777777778,1
0.666666666666667,0.787878787878788,1
0.666666666666667,0.797979797979798,1
0.666666666666667,0.808080808080808,1
0.666666666666667,0.818181818181818,1
0.666666666666667,0.828282828282828,1
0.666666666666667,0.838383838383838,1
0.666666666666667,0.848484848484849,1
0.666666666666667,0.858585858585859,1
0.666666666666667,0.868686868686869,1
0.666666666666667,0.878787878787879,1
0.666666666666667,0.888888888888889,1
0.666666666666667,0.898989898989899,1
0.666666666666667,0.909090909090909,1
0.666666666666667,0.919191919191919,1
0.666666666666667,0.929292929292929,1
0.666666666666667,0.939393939393939,1
0.666666666666667,0.94949494949495,1
0.666666666666667,0.95959595959596,1
0.666666666666667,0.96969696969697,1
0.666666666666667,0.97979797979798,1
0.666666666666667,0.98989898989899,1
0.666666666666667,1,1
0.676767676767677,0,-1
0.676767676767677,0.0101010101010101,-1
0.676767676767677,0.0202020202020202,-1
0.676767676767677,0.0303030303030303,1
0.676767676767677,0.0404040404040404,1
0.676767676767677,0.0505050505050505,1
0.676767676767677,0.0606060606060606,1
0.676767676767677,0.0707070707070707,1
0.676767676767677,0.0808080808080808,1
0.676767676767677,0.0909090909090909,1
0.676767676767677,0.101010101010101,1
0.676767676767677,0.111111111111111,1
0.676767676767677,0.121212121212121,1
0.676767676767677,0.131313131313131,1
0.676767676767677,0.141414141414141,1
0.676767676767677,0.151515151515152,1
0.676767676767677,0.161616161616162,1
0.676767676767677,0.171717171717172,1
0.676767676767677,0.181818181818182,1
0.676767676767677,0.191919191919192,1
0.676767676767677,0.202020202020202,1
0.676767676767677,0.212121212121212,1
0.676767676767677,0.222222222222222,1
0.676767676767677,0.232323232323232,1
0.676767676767677,0.242424242424242,1
0.676767676767677,0.252525252525253,1
0.676767676767677,0.262626262626263,1
0.676767676767677,0.272727272727273,1
0.676767676767677,0.282828282828283,1
0.676767676767677,0.292929292929293,1
0.676767676767677,0.303030303030303,1
0.676767676767677,0.313131313131313,1
0.676767676767677,0.323232323232323,1
0.676767676767677,0.333333333333333,1
0.676767676767677,0.343434343434343,1
0.676767676767677,0.353535353535354,1
0.676767676767677,0.363636363636364,1
0.676767676767677,0.373737373737374,1
0.676767676767677,0.383838383838384,1
0.676767676767677,0.393939393939394,1
0.676767676767677,0.404040404040404,1
0.676767676767677,0.414141414141414,1
0.676767676767677,0.424242424242424,1
0.676767676767677,0.434343434343434,1
0.676767676767677,0.444444444444444,1
0.676767676767677,0.454545454545455,1
0.676767676767677,0.464646464646465,1
0.676767676767677,0.474747474747475,1
0.676767676767677,0.484848484848485,1
0.676767676767677,0.494949494949495,1
0.676767676767677,0.505050505050505,1
0.676767676767677,0.515151515151515,1
0.676767676767677,0.525252525252525,1
0.676767676767677,0.535353535353535,1
0.676767676767677,0.545454545454545,1
0.676767676767677,0.555555555555556,1
0.676767676767677,0.565656565656566,1
0.676767676767677,0.575757575757576,1
0.676767676767677,0.585858585858586,1
0.676767676767677,0.595959595959596,1
0.676767676767677,0.606060606060606,1
0.676767676767677,0.616161616161616,1
0.676767676767677,0.626262626262626,1
0.676767676767677,0.636363636363636,1
0.676767676767677,0.646464646464647,1
0.676767676767677,0.656565656565657,1
0.676767676767677,0.666666666666667,1
0.676767676767677,0.676767676767677,1
0.676767676767677,0.686868686868687,1
0.676767676767677,0.696969696969697,1
0.676767676767677,0.707070707070707,1
0.676767676767677,0.717171717171717,1
0.676767676767677,0.727272727272727,1
0.676767676767677,0.737373737373737,1
0.676767676767677,0.747474747474748,1
0.676767676767677,0.757575757575758,1
0.676767676767677,0.767676767676768,1
0.676767676767677,0.777777777777778,1
0.676767676767677,0.787878787878788,1
0.676767676767677,0.797979797979798,1
0.676767676767677,0.808080808080808,1
0.676767676767677,0.818181818181818,1
0.676767676767677,0.828282828282828,1
0.676767676767677,0.838383838383838,1
0.676767676767677,0.848484848484849,1
0.676767676767677,0.858585858585859,1
0.676767676767677,0.868686868686869,1
0.676767676767677,0.878787878787879,1
0.676767676767677,0.888888888888889,1
0.676767676767677,0.898989898989899,1
0.676767676767677,0.909090909090909,1
0.676767676767677,0.919191919191919,1
0.676767676767677,0.929292929292929,1
0.676767676767677,0.939393939393939,1
0.676767676767677,0.94949494949495,1
0.676767676767677,0.95959595959596,1
0.676767676767677,0.96969696969697,1
0.676767676767677,0.97979797979798,1
0.676767676767677,0.98989898989899,1
0.676767676767677,1,1
0.686868686868687,0,-1
0.686868686868687,0.0101010101010101,-1
0.686868686868687,0.0202020202020202,-1
0.686868686868687,0.0303030303030303,1
0.686868686868687,0.0404040404040404,1
0.686868686868687,0.0505050505050505,1
0.686868686868687,0.0606060606060606,1
0.686868686868687,0.0707070707070707,1
0.686868686868687,0.0808080808080808,1
0.686868686868687,0.0909090909090909,1
0.686868686868687,0.101010101010101,1
0.686868686868687,0.111111111111111,1
0.686868686868687,0.121212121212121,1
0.686868686868687,0.131313131313131,1
0.686868686868687,0.141414141414141,1
0.686868686868687,0.151515151515152,1
0.686868686868687,0.161616161616162,1
0.686868686868687,0.171717171717172,1
0.686868686868687,0.181818181818182,1
0.686868686868687,0.191919191919192,1
0.686868686868687,0.202020202020202,1
0.686868686868687,0.212121212121212,1
0.686868686868687,0.222222222222222,1
0.686868686868687,0.232323232323232,1
0.686868686868687,0.242424242424242,1
0.686868686868687,0.252525252525253,1
0.686868686868687,0.262626262626263,1
0.686868686868687,0.272727272727273,1
0.686868686868687,0.282828282828283,1
0.686868686868687,0.292929292929293,1
0.686868686868687,0.303030303030303,1
0.686868686868687,0.313131313131313,1
0.686868686868687,0.323232323232323,1
0.686868686868687,0.333333333333333,1
0.686868686868687,0.343434343434343,1
0.686868686868687,0.353535353535354,1
0.686868686868687,0.363636363636364,1
0.686868686868687,0.373737373737374,1
0.686868686868687,0.383838383838384,1
0.686868686868687,0.393939393939394,1
0.686868686868687,0.404040404040404,1
0.686868686868687,0.414141414141414,1
0.686868686868687,0.424242424242424,1
0.686868686868687,0.434343434343434,1
0.686868686868687,0.444444444444444,1
0.686868686868687,0.454545454545455,1
0.686868686868687,0.464646464646465,1
0.686868686868687,0.474747474747475,1
0.686868686868687,0.484848484848485,1
0.686868686868687,0.494949494949495,1
0.686868686868687,0.505050505050505,1
0.686868686868687,0.515151515151515,1
0.686868686868687,0.525252525252525,1
0.686868686868687,0.535353535353535,1
0.686868686868687,0.545454545454545,1
0.686868686868687,0.555555555555556,1
0.686868686868687,0.565656565656566,1
0.686868686868687,0.575757575757576,1
0.686868686868687,0.585858585858586,1
0.686868686868687,0.595959595959596,1
0.686868686868687,0.606060606060606,1
0.686868686868687,0.616161616161616,1
0.686868686868687,0.626262626262626,1
0.686868686868687,0.636363636363636,1
0.686868686868687,0.646464646464647,1
0.686868686868687,0.656565656565657,1
0.686868686868687,0.666666666666667,1
0.686868686868687,0.676767676767677,1
0.686868686868687,0.686868686868687,1
0.686868686868687,0.696969696969697,1
0.686868686868687,0.707070707070707,1
0.686868686868687,0.717171717171717,1
0.686868686868687,0.727272727272727,1
0.686868686868687,0.737373737373737,1
0.686868686868687,0.747474747474748,1
0.686868686868687,0.757575757575758,1
0.686868686868687,0.767676767676768,1
0.686868686868687,0.777777777777778,1
0.686868686868687,0.787878787878788,1
0.686868686868687,0.797979797979798,1
0.686868686868687,0.808080808080808,1
0.686868686868687,0.818181818181818,1
0.686868686868687,0.828282828282828,1
0.686868686868687,0.838383838383838,1
0.686868686868687,0.848484848484849,1
0.686868686868687,0.858585858585859,1
0.686868686868687,0.868686868686869,1
0.686868686868687,0.878787878787879,1
0.686868686868687,0.888888888888889,1
0.686868686868687,0.898989898989899,1
0.686868686868687,0.909090909090909,1
0.686868686868687,0.919191919191919,1
0.686868686868687,0.929292929292929,1
0.686868686868687,0.939393939393939,1
0.686868686868687,0.94949494949495,1
0.686868686868687,0.95959595959596,1
0.686868686868687,0.96969696969697,1
0.686868686868687,0.97979797979798,1
0.686868686868687,0.98989898989899,1
0.686868686868687,1,1
0.696969696969697,0,-1
0.696969696969697,0.0101010101010101,-1
0.696969696969697,0.0202020202020202,-1
0.696969696969697,0.0303030303030303,1
0.696969696969697,0.0404040404040404,1
0.696969696969697,0.0505050505050505,1
0.696969696969697,0.0606060606060606,1
0.696969696969697,0.0707070707070707,1
0.696969696969697,0.0808080808080808,1
0.696969696969697,0.0909090909090909,1
0.696969696969697,0.101010101010101,1
0.696969696969697,0.111111111111111,1
0.696969696969697,0.121212121212121,1
0.696969696969697,0.131313131313131,1
0.696969696969697,0.141414141414141,1
0.696969696969697,0.151515151515152,1
0.696969696969697,0.161616161616162,1
0.696969696969697,0.171717171717172,1
0.696969696969697,0.181818181818182,1
0.696969696969697,0.191919191919192,1
0.696969696969697,0.202020202020202,1
0.696969696969697,0.212121212121212,1
0.696969696969697,0.222222222222222,1
0.696969696969697,0.232323232323232,1
0.696969696969697,0.242424242424242,1
0.696969696969697,0.252525252525253,1
0.696969696969697,0.262626262626263,1
0.696969696969697,0.272727272727273,1
0.696969696969697,0.282828282828283,1
0.696969696969697,0.292929292929293,1
0.696969696969697,0.303030303030303,1
0.696969696969697,0.313131313131313,1
0.696969696969697,0.323232323232323,1
0.696969696969697,0.333333333333333,1
0.696969696969697,0.343434343434343,1
0.696969696969697,0.353535353535354,1
0.696969696969697,0.363636363636364,1
0.696969696969697,0.373737373737374,1
0.696969696969697,0.383838383838384,1
0.696969696969697,0.393939393939394,1
0.696969696969697,0.404040404040404,1
0.696969696969697,0.414141414141414,1
0.696969696969697,0.424242424242424,1
0.696969696969697,0.434343434343434,1
0.696969696969697,0.444444444444444,1
0.696969696969697,0.454545454545455,1
0.696969696969697,0.464646464646465,1
0.696969696969697,0.474747474747475,1
0.696969696969697,0.484848484848485,1
0.696969696969697,0.494949494949495,1
0.696969696969697,0.505050505050505,1
0.696969696969697,0.515151515151515,1
0.696969696969697,0.525252525252525,1
0.696969696969697,0.535353535353535,1
0.696969696969697,0.545454545454545,1
0.696969696969697,0.555555555555556,1
0.696969696969697,0.565656565656566,1
0.696969696969697,0.575757575757576,1
0.696969696969697,0.585858585858586,1
0.696969696969697,0.595959595959596,1
0.696969696969697,0.606060606060606,1
0.696969696969697,0.616161616161616,1
0.696969696969697,0.626262626262626,1
0.696969696969697,0.636363636363636,1
0.696969696969697,0.646464646464647,1
0.696969696969697,0.656565656565657,1
0.696969696969697,0.666666666666667,1
0.696969696969697,0.676767676767677,1
0.696969696969697,0.686868686868687,1
0.696969696969697,0.696969696969697,1
0.696969696969697,0.707070707070707,1
0.696969696969697,0.717171717171717,1
0.696969696969697,0.727272727272727,1
0.696969696969697,0.737373737373737,1
0.696969696969697,0.747474747474748,1
0.696969696969697,0.757575757575758,1
0.696969696969697,0.767676767676768,1
0.696969696969697,0.777777777777778,1
0.696969696969697,0.787878787878788,1
0.696969696969697,0.797979797979798,1
0.696969696969697,0.808080808080808,1
0.696969696969697,0.818181818181818,1
0.696969696969697,0.828282828282828,1
0.696969696969697,0.838383838383838,1
0.696969696969697,0.848484848484849,1
0.696969696969697,0.858585858585859,1
0.696969696969697,0.868686868686869,1
0.696969696969697,0.878787878787879,1
0.696969696969697,0.888888888888889,1
0.696969696969697,0.898989898989899,1
0.696969696969697,0.909090909090909,1
0.696969696969697,0.919191919191919,1
0.696969696969697,0.929292929292929,1
0.696969696969697,0.939393939393939,1
0.696969696969697,0.94949494949495,1
0.696969696969697,0.95959595959596,1
0.696969696969697,0.96969696969697,1
0.696969696969697,0.97979797979798,1
0.696969696969697,0.98989898989899,1
0.696969696969697,1,1
0.707070707070707,0,-1
0.707070707070707,0.0101010101010101,-1
0.707070707070707,0.0202020202020202,-1
0.707070707070707,0.0303030303030303,1
0.707070707070707,0.0404040404040404,1
0.707070707070707,0.0505050505050505,1
0.707070707070707,0.0606060606060606,1
0.707070707070707,0.0707070707070707,1
0.707070707070707,0.0808080808080808,1
0.707070707070707,0.0909090909090909,1
0.707070707070707,0.101010101010101,1
0.707070707070707,0.111111111111111,1
0.707070707070707,0.121212121212121,1
0.707070707070707,0.131313131313131,1
0.707070707070707,0.141414141414141,1
0.707070707070707,0.151515151515152,1
0.707070707070707,0.161616161616162,1
0.707070707070707,0.171717171717172,1
0.707070707070707,0.181818181818182,1
0.707070707070707,0.191919191919192,1
0.707070707070707,0.202020202020202,1
0.707070707070707,0.212121212121212,1
0.707070707070707,0.222222222222222,1
0.707070707070707,0.232323232323232,1
0.707070707070707,0.242424242424242,1
0.707070707070707,0.252525252525253,1
0.707070707070707,0.262626262626263,1
0.707070707070707,0.272727272727273,1
0.707070707070707,0.282828282828283,1
0.707070707070707,0.292929292929293,1
0.707070707070707,0.303030303030303,1
0.707070707070707,0.313131313131313,1
0.707070707070707,0.323232323232323,1
0.707070707070707,0.333333333333333,1
0.707070707070707,0.343434343434343,1
0.707070707070707,0.353535353535354,1
0.707070707070707,0.363636363636364,1
0.707070707070707,0.373737373737374,1
0.707070707070707,0.383838383838384,1
0.707070707070707,0.393939393939394,1
0.707070707070707,0.404040404040404,1
0.707070707070707,0.414141414141414,1
0.707070707070707,0.424242424242424,1
0.707070707070707,0.434343434343434,1
0.707070707070707,0.444444444444444,1
0.707070707070707,0.454545454545455,1
0.707070707070707,0.464646464646465,1
0.707070707070707,0.474747474747475,1
0.707070707070707,0.484848484848485,1
0.707070707070707,0.494949494949495,1
0.707070707070707,0.505050505050505,1
0.707070707070707,0.515151515151515,1
0.707070707070707,0.525252525252525,1
0.707070707070707,0.535353535353535,1
0.707070707070707,0.545454545454545,1
0.707070707070707,0.555555555555556,1
0.707070707070707,0.565656565656566,1
0.707070707070707,0.575757575757576,1
0.707070707070707,0.585858585858586,1
0.707070707070707,0.595959595959596,1
0.707070707070707,0.606060606060606,1
0.707070707070707,0.616161616161616,1
0.707070707070707,0.626262626262626,1
0.707070707070707,0.636363636363636,1
0.707070707070707,0.646464646464647,1
0.707070707070707,0.656565656565657,1
0.707070707070707,0.666666666666667,1
0.707070707070707,0.676767676767677,1
0.707070707070707,0.686868686868687,1
0.707070707070707,0.696969696969697,1
0.707070707070707,0.707070707070707,1
0.707070707070707,0.717171717171717,1
0.707070707070707,0.727272727272727,1
0.707070707070707,0.737373737373737,1
0.707070707070707,0.747474747474748,1
0.707070707070707,0.757575757575758,1
0.707070707070707,0.767676767676768,1
0.707070707070707,0.777777777777778,1
0.707070707070707,0.787878787878788,1
0.707070707070707,0.797979797979798,1
0.707070707070707,0.808080808080808,1
0.707070707070707,0.818181818181818,1
0.707070707070707,0.828282828282828,1
0.707070707070707,0.838383838383838,1
0.707070707070707,0.848484848484849,1
0.707070707070707,0.858585858585859,1
0.707070707070707,0.868686868686869,1
0.707070707070707,0.878787878787879,1
0.707070707070707,0.888888888888889,1
0.707070707070707,0.898989898989899,1
0.707070707070707,0.909090909090909,1
0.707070707070707,0.919191919191919,1
0.707070707070707,0.929292929292929,1
0.707070707070707,0.939393939393939,1
0.707070707070707,0.94949494949495,1
0.707070707070707,0.95959595959596,1
0.707070707070707,0.96969696969697,1
0.707070707070707,0.97979797979798,1
0.707070707070707,0.98989898989899,1
0.707070707070707,1,1
0.717171717171717,0,-1
0.717171717171717,0.0101010101010101,-1
0.717171717171717,0.0202020202020202,-1
0.717171717171717,0.0303030303030303,-1
0.717171717171717,0.0404040404040404,1
0.717171717171717,0.0505050505050505,1
0.717171717171717,0.0606060606060606,1
0.717171717171717,0.0707070707070707,1
0.717171717171717,0.0808080808080808,1
0.717171717171717,0.0909090909090909,1
0.717171717171717,0.101010101010101,1
0.717171717171717,0.111111111111111,1
0.717171717171717,0.121212121212121,1
0.717171717171717,0.131313131313131,1
0.717171717171717,0.141414141414141,1
0.717171717171717,0.151515151515152,1
0.717171717171717,0.161616161616162,1
0.717171717171717,0.171717171717172,1
0.717171717171717,0.181818181818182,1
0.717171717171717,0.191919191919192,1
0.717171717171717,0.202020202020202,1
0.717171717171717,0.212121212121212,1
0.717171717171717,0.222222222222222,1
0.717171717171717,0.232323232323232,1
0.717171717171717,0.242424242424242,1
0.717171717171717,0.252525252525253,1
0.717171717171717,0.262626262626263,1
0.717171717171717,0.272727272727273,1
0.717171717171717,0.282828282828283,1
0.717171717171717,0.292929292929293,1
0.717171717171717,0.303030303030303,1
0.717171717171717,0.313131313131313,1
0.717171717171717,0.323232323232323,1
0.717171717171717,0.333333333333333,1
0.717171717171717,0.343434343434343,1
0.717171717171717,0.353535353535354,1
0.717171717171717,0.363636363636364,1
0.717171717171717,0.373737373737374,1
0.717171717171717,0.383838383838384,1
0.717171717171717,0.393939393939394,1
0.717171717171717,0.404040404040404,1
0.717171717171717,0.414141414141414,1
0.717171717171717,0.424242424242424,1
0.717171717171717,0.434343434343434,1
0.717171717171717,0.444444444444444,1
0.717171717171717,0.454545454545455,1
0.717171717171717,0.464646464646465,1
0.717171717171717,0.474747474747475,1
0.717171717171717,0.484848484848485,1
0.717171717171717,0.494949494949495,1
0.717171717171717,0.505050505050505,1
0.717171717171717,0.515151515151515,1
0.717171717171717,0.525252525252525,1
0.717171717171717,0.535353535353535,1
0.717171717171717,0.545454545454545,1
0.717171717171717,0.555555555555556,1
0.717171717171717,0.565656565656566,1
0.717171717171717,0.575757575757576,1
0.717171717171717,0.585858585858586,1
0.717171717171717,0.595959595959596,1
0.717171717171717,0.606060606060606,1
0.717171717171717,0.616161616161616,1
0.717171717171717,0.626262626262626,1
0.717171717171717,0.636363636363636,1
0.717171717171717,0.646464646464647,1
0.717171717171717,0.656565656565657,1
0.717171717171717,0.666666666666667,1
0.717171717171717,0.676767676767677,1
0.717171717171717,0.686868686868687,1
0.717171717171717,0.696969696969697,1
0.717171717171717,0.707070707070707,1
0.717171717171717,0.717171717171717,1
0.717171717171717,0.727272727272727,1
0.717171717171717,0.737373737373737,1
0.717171717171717,0.747474747474748,1
0.717171717171717,0.757575757575758,1
0.717171717171717,0.767676767676768,1
0.717171717171717,0.777777777777778,1
0.717171717171717,0.787878787878788,1
0.717171717171717,0.797979797979798,1
0.717171717171717,0.808080808080808,1
0.717171717171717,0.818181818181818,1
0.717171717171717,0.828282828282828,1
0.717171717171717,0.838383838383838,1
0.717171717171717,0.848484848484849,1
0.717171717171717,0.858585858585859,1
0.717171717171717,0.868686868686869,1
0.717171717171717,0.878787878787879,1
0.717171717171717,0.888888888888889,1
0.717171717171717,0.898989898989899,1
0.717171717171717,0.909090909090909,1
0.717171717171717,0.919191919191919,1
0.717171717171717,0.929292929292929,1
0.717171717171717,0.939393939393939,1
0.717171717171717,0.94949494949495,1
0.717171717171717,0.95959595959596,1
0.717171717171717,0.96969696969697,1
0.717171717171717,0.97979797979798,1
0.717171717171717,0.98989898989899,1
0.717171717171717,1,1
0.727272727272727,0,-1
0.727272727272727,0.0101010101010101,-1
0.727272727272727,0.0202020202020202,-1
0.727272727272727,0.0303030303030303,-1
0.727272727272727,0.0404040404040404,1
0.727272727272727,0.0505050505050505,1
0.727272727272727,0.0606060606060606,1
0.727272727272727,0.0707070707070707,1
0.727272727272727,0.0808080808080808,1
0.727272727272727,0.0909090909090909,1
0.727272727272727,0.101010101010101,1
0.727272727272727,0.111111111111111,1
0.727272727272727,0.121212121212121,1
0.727272727272727,0.131313131313131,1
0.727272727272727,0.141414141414141,1
0.727272727272727,0.151515151515152,1
0.727272727272727,0.161616161616162,1
0.727272727272727,0.171717171717172,1
0.727272727272727,0.181818181818182,1
0.727272727272727,0.191919191919192,1
0.727272727272727,0.202020202020202,1
0.727272727272727,0.212121212121212,1
0.727272727272727,0.222222222222222,1
0.727272727272727,0.232323232323232,1
0.727272727272727,0.242424242424242,1
0.727272727272727,0.252525252525253,1
0.727272727272727,0.262626262626263,1
0.727272727272727,0.272727272727273,1
0.727272727272727,0.282828282828283,1
0.727272727272727,0.292929292929293,1
0.727272727272727,0.303030303030303,1
0.727272727272727,0.313131313131313,1
0.727272727272727,0.323232323232323,1
0.727272727272727,0.333333333333333,1
0.727272727272727,0.343434343434343,1
0.727272727272727,0.353535353535354,1
0.727272727272727,0.363636363636364,1
0.727272727272727,0.373737373737374,1
0.727272727272727,0.383838383838384,1
0.727272727272727,0.393939393939394,1
0.727272727272727,0.404040404040404,1
0.727272727272727,0.414141414141414,1
0.727272727272727,0.424242424242424,1
0.727272727272727,0.434343434343434,1
0.727272727272727,0.444444444444444,1
0.727272727272727,0.454545454545455,1
0.727272727272727,0.464646464646465,1
0.727272727272727,0.474747474747475,1
0.727272727272727,0.484848484848485,1
0.727272727272727,0.494949494949495,1
0.727272727272727,0.505050505050505,1
0.727272727272727,0.515151515151515,1
0.727272727272727,0.525252525252525,1
0.727272727272727,0.535353535353535,1
0.727272727272727,0.545454545454545,1
0.727272727272727,0.555555555555556,1
0.727272727272727,0.565656565656566,1
0.727272727272727,0.575757575757576,1
0.727272727272727,0.585858585858586,1
0.727272727272727,0.595959595959596,1
0.727272727272727,0.606060606060606,1
0.727272727272727,0.616161616161616,1
0.727272727272727,0.626262626262626,1
0.727272727272727,0.636363636363636,1
0.727272727272727,0.646464646464647,1
0.727272727272727,0.656565656565657,1
0.727272727272727,0.666666666666667,1
0.727272727272727,0.676767676767677,1
0.727272727272727,0.686868686868687,1
0.727272727272727,0.696969696969697,1
0.727272727272727,0.707070707070707,1
0.727272727272727,0.717171717171717,1
0.727272727272727,0.727272727272727,1
0.727272727272727,0.737373737373737,1
0.727272727272727,0.747474747474748,1
0.727272727272727,0.757575757575758,1
0.727272727272727,0.767676767676768,1
0.727272727272727,0.777777777777778,1
0.727272727272727,0.787878787878788,1
0.727272727272727,0.797979797979798,1
0.727272727272727,0.808080808080808,1
0.727272727272727,0.818181818181818,1
0.727272727272727,0.828282828282828,1
0.727272727272727,0.838383838383838,1
0.727272727272727,0.848484848484849,1
0.727272727272727,0.858585858585859,1
0.727272727272727,0.868686868686869,1
0.727272727272727,0.878787878787879,1
0.727272727272727,0.888888888888889,1
0.727272727272727,0.898989898989899,1
0.727272727272727,0.909090909090909,1
0.727272727272727,0.919191919191919,1
0.727272727272727,0.929292929292929,1
0.727272727272727,0.939393939393939,1
0.727272727272727,0.94949494949495,1
0.727272727272727,0.95959595959596,1
0.727272727272727,0.96969696969697,1
0.727272727272727,0.97979797979798,1
0.727272727272727,0.98989898989899,1
0.727272727272727,1,1
0.737373737373737,0,-1
0.737373737373737,0.0101010101010101,-1
0.737373737373737,0.0202020202020202,-1
0.737373737373737,0.0303030303030303,-1
0.737373737373737,0.0404040404040404,1
0.737373737373737,0.0505050505050505,1
0.737373737373737,0.0606060606060606,1
0.737373737373737,0.0707070707070707,1
0.737373737373737,0.0808080808080808,1
0.737373737373737,0.0909090909090909,1
0.737373737373737,0.101010101010101,1
0.737373737373737,0.111111111111111,1
0.737373737373737,0.121212121212121,1
0.737373737373737,0.131313131313131,1
0.737373737373737,0.141414141414141,1
0.737373737373737,0.151515151515152,1
0.737373737373737,0.161616161616162,1
0.737373737373737,0.171717171717172,1
0.737373737373737,0.181818181818182,1
0.737373737373737,0.191919191919192,1
0.737373737373737,0.202020202020202,1
0.737373737373737,0.212121212121212,1
0.737373737373737,0.222222222222222,1
0.737373737373737,0.232323232323232,1
0.737373737373737,0.242424242424242,1
0.737373737373737,0.252525252525253,1
0.737373737373737,0.262626262626263,1
0.737373737373737,0.272727272727273,1
0.737373737373737,0.282828282828283,1
0.737373737373737,0.292929292929293,1
0.737373737373737,0.303030303030303,1
0.737373737373737,0.313131313131313,1
0.737373737373737,0.323232323232323,1
0.737373737373737,0.333333333333333,1
0.737373737373737,0.343434343434343,1
0.737373737373737,0.353535353535354,1
0.737373737373737,0.363636363636364,1
0.737373737373737,0.373737373737374,1
0.737373737373737,0.383838383838384,1
0.737373737373737,0.393939393939394,1
0.737373737373737,0.404040404040404,1
0.737373737373737,0.414141414141414,1
0.737373737373737,0.424242424242424,1
0.737373737373737,0.434343434343434,1
0.737373737373737,0.444444444444444,1
0.737373737373737,0.454545454545455,1
0.737373737373737,0.464646464646465,1
0.737373737373737,0.474747474747475,1
0.737373737373737,0.484848484848485,1
0.737373737373737,0.494949494949495,1
0.737373737373737,0.505050505050505,1
0.737373737373737,0.515151515151515,1
0.737373737373737,0.525252525252525,1
0.737373737373737,0.535353535353535,1
0.737373737373737,0.545454545454545,1
0.737373737373737,0.555555555555556,1
0.737373737373737,0.565656565656566,1
0.737373737373737,0.575757575757576,1
0.737373737373737,0.585858585858586,1
0.737373737373737,0.595959595959596,1
0.737373737373737,0.606060606060606,1
0.737373737373737,0.616161616161616,1
0.737373737373737,0.626262626262626,1
0.737373737373737,0.636363636363636,1
0.737373737373737,0.646464646464647,1
0.737373737373737,0.656565656565657,1
0.737373737373737,0.666666666666667,1
0.737373737373737,0.676767676767677,1
0.737373737373737,0.686868686868687,1
0.737373737373737,0.696969696969697,1
0.737373737373737,0.707070707070707,1
0.737373737373737,0.717171717171717,1
0.737373737373737,0.727272727272727,1
0.737373737373737,0.737373737373737,1
0.737373737373737,0.747474747474748,1
0.737373737373737,0.757575757575758,1
0.737373737373737,0.767676767676768,1
0.737373737373737,0.777777777777778,1
0.737373737373737,0.787878787878788,1
0.737373737373737,0.797979797979798,1
0.737373737373737,0.808080808080808,1
0.737373737373737,0.818181818181818,1
0.737373737373737,0.828282828282828,1
0.737373737373737,0.838383838383838,1
0.737373737373737,0.848484848484849,1
0.737373737373737,0.858585858585859,1
0.737373737373737,0.868686868686869,1
0.737373737373737,0.878787878787879,1
0.737373737373737,0.888888888888889,1
0.737373737373737,0.898989898989899,1
0.737373737373737,0.909090909090909,1
0.737373737373737,0.919191919191919,1
0.737373737373737,0.929292929292929,1
0.737373737373737,0.939393939393939,1
0.737373737373737,0.94949494949495,1
0.737373737373737,0.95959595959596,1
0.737373737373737,0.96969696969697,1
0.737373737373737,0.97979797979798,1
0.737373737373737,0.98989898989899,1
0.737373737373737,1,1
0.747474747474748,0,-1
0.747474747474748,0.0101010101010101,-1
0.747474747474748,0.0202020202020202,-1
0.747474747474748,0.0303030303030303,-1
0.747474747474748,0.0404040404040404,1
0.747474747474748,0.0505050505050505,1
0.747474747474748,0.0606060606060606,1
0.747474747474748,0.0707070707070707,1
0.747474747474748,0.0808080808080808,1
0.747474747474748,0.0909090909090909,1
0.747474747474748,0.101010101010101,1
0.747474747474748,0.111111111111111,1
0.747474747474748,0.121212121212121,1
0.747474747474748,0.131313131313131,1
0.747474747474748,0.141414141414141,1
0.747474747474748,0.151515151515152,1
0.747474747474748,0.161616161616162,1
0.747474747474748,0.171717171717172,1
0.747474747474748,0.181818181818182,1
0.747474747474748,0.191919191919192,1
0.747474747474748,0.202020202020202,1
0.747474747474748,0.212121212121212,1
0.747474747474748,0.222222222222222,1
0.747474747474748,0.232323232323232,1
0.747474747474748,0.242424242424242,1
0.747474747474748,0.252525252525253,1
0.747474747474748,0.262626262626263,1
0.747474747474748,0.272727272727273,1
0.747474747474748,0.282828282828283,1
0.747474747474748,0.292929292929293,1
0.747474747474748,0.303030303030303,1
0.747474747474748,0.313131313131313,1
0.747474747474748,0.323232323232323,1
0.747474747474748,0.333333333333333,1
0.747474747474748,0.343434343434343,1
0.747474747474748,0.353535353535354,1
0.747474747474748,0.363636363636364,1
0.747474747474748,0.373737373737374,1
0.747474747474748,0.383838383838384,1
0.747474747474748,0.393939393939394,1
0.747474747474748,0.404040404040404,1
0.747474747474748,0.414141414141414,1
0.747474747474748,0.424242424242424,1
0.747474747474748,0.434343434343434,1
0.747474747474748,0.444444444444444,1
0.747474747474748,0.454545454545455,1
0.747474747474748,0.464646464646465,1
0.747474747474748,0.474747474747475,1
0.747474747474748,0.484848484848485,1
0.747474747474748,0.494949494949495,1
0.747474747474748,0.505050505050505,1
0.747474747474748,0.515151515151515,1
0.747474747474748,0.525252525252525,1
0.747474747474748,0.535353535353535,1
0.747474747474748,0.545454545454545,1
0.747474747474748,0.555555555555556,1
0.747474747474748,0.565656565656566,1
0.747474747474748,0.575757575757576,1
0.747474747474748,0.585858585858586,1
0.747474747474748,0.595959595959596,1
0.747474747474748,0.606060606060606,1
0.747474747474748,0.616161616161616,1
0.747474747474748,0.626262626262626,1
0.747474747474748,0.636363636363636,1
0.747474747474748,0.646464646464647,1
0.747474747474748,0.656565656565657,1
0.747474747474748,0.666666666666667,1
0.747474747474748,0.676767676767677,1
0.747474747474748,0.686868686868687,1
0.747474747474748,0.696969696969697,1
0.747474747474748,0.707070707070707,1
0.747474747474748,0.717171717171717,1
0.747474747474748,0.727272727272727,1
0.747474747474748,0.737373737373737,1
0.747474747474748,0.747474747474748,1
0.747474747474748,0.757575757575758,1
0.747474747474748,0.767676767676768,1
0.747474747474748,0.777777777777778,1
0.747474747474748,0.787878787878788,1
0.747474747474748,0.797979797979798,1
0.747474747474748,0.808080808080808,1
0.747474747474748,0.818181818181818,1
0.747474747474748,0.828282828282828,1
0.747474747474748,0.838383838383838,1
0.747474747474748,0.848484848484849,1
0.747474747474748,0.858585858585859,1
0.747474747474748,0.868686868686869,1
0.747474747474748,0.878787878787879,1
0.747474747474748,0.888888888888889,1
0.747474747474748,0.898989898989899,1
0.747474747474748,0.909090909090909,1
0.747474747474748,0.919191919191919,1
0.747474747474748,0.929292929292929,1
0.747474747474748,0.939393939393939,1
0.747474747474748,0.94949494949495,1
0.747474747474748,0.95959595959596,1
0.747474747474748,0.96969696969697,1
0.747474747474748,0.97979797979798,1
0.747474747474748,0.98989898989899,1
0.747474747474748,1,1
0.757575757575758,0,-1
0.757575757575758,0.0101010101010101,-1
0.757575757575758,0.0202020202020202,-1
0.757575757575758,0.0303030303030303,-1
0.757575757575758,0.0404040404040404,1
0.757575757575758,0.0505050505050505,1
0.757575757575758,0.0606060606060606,1
0.757575757575758,0.0707070707070707,1
0.757575757575758,0.0808080808080808,1
0.757575757575758,0.0909090909090909,1
0.757575757575758,0.101010101010101,1
0.757575757575758,0.111111111111111,1
0.757575757575758,0.121212121212121,1
0.757575757575758,0.131313131313131,1
0.757575757575758,0.141414141414141,1
0.757575757575758,0.151515151515152,1
0.757575757575758,0.161616161616162,1
0.757575757575758,0.171717171717172,1
0.757575757575758,0.181818181818182,1
0.757575757575758,0.191919191919192,1
0.757575757575758,0.202020202020202,1
0.757575757575758,0.212121212121212,1
0.757575757575758,0.222222222222222,1
0.757575757575758,0.232323232323232,1
0.757575757575758,0.242424242424242,1
0.757575757575758,0.252525252525253,1
0.757575757575758,0.262626262626263,1
0.757575757575758,0.272727272727273,1
0.757575757575758,0.282828282828283,1
0.757575757575758,0.292929292929293,1
0.757575757575758,0.303030303030303,1
0.757575757575758,0.313131313131313,1
0.757575757575758,0.323232323232323,1
0.757575757575758,0.333333333333333,1
0.757575757575758,0.343434343434343,1
0.757575757575758,0.353535353535354,1
0.757575757575758,0.363636363636364,1
0.757575757575758,0.373737373737374,1
0.757575757575758,0.383838383838384,1
0.757575757575758,0.393939393939394,1
0.757575757575758,0.404040404040404,1
0.757575757575758,0.414141414141414,1
0.757575757575758,0.424242424242424,1
0.757575757575758,0.434343434343434,1
0.757575757575758,0.444444444444444,1
0.757575757575758,0.454545454545455,1
0.757575757575758,0.464646464646465,1
0.757575757575758,0.474747474747475,1
0.757575757575758,0.484848484848485,1
0.757575757575758,0.494949494949495,1
0.757575757575758,0.505050505050505,1
0.757575757575758,0.515151515151515,1
0.757575757575758,0.525252525252525,1
0.757575757575758,0.535353535353535,1
0.757575757575758,0.545454545454545,1
0.757575757575758,0.555555555555556,1
0.757575757575758,0.565656565656566,1
0.757575757575758,0.575757575757576,1
0.757575757575758,0.585858585858586,1
0.757575757575758,0.595959595959596,1
0.757575757575758,0.606060606060606,1
0.757575757575758,0.616161616161616,1
0.757575757575758,0.626262626262626,1
0.757575757575758,0.636363636363636,1
0.757575757575758,0.646464646464647,1
0.757575757575758,0.656565656565657,1
0.757575757575758,0.666666666666667,1
0.757575757575758,0.676767676767677,1
0.757575757575758,0.686868686868687,1
0.757575757575758,0.696969696969697,1
0.757575757575758,0.707070707070707,1
0.757575757575758,0.717171717171717,1
0.757575757575758,0.727272727272727,1
0.757575757575758,0.737373737373737,1
0.757575757575758,0.747474747474748,1
0.757575757575758,0.757575757575758,1
0.757575757575758,0.767676767676768,1
0.757575757575758,0.777777777777778,1
0.757575757575758,0.787878787878788,1
0.757575757575758,0.797979797979798,1
0.757575757575758,0.808080808080808,1
0.757575757575758,0.818181818181818,1
0.757575757575758,0.828282828282828,1
0.757575757575758,0.838383838383838,1
0.757575757575758,0.848484848484849,1
0.757575757575758,0.858585858585859,1
0.757575757575758,0.868686868686869,1
0.757575757575758,0.878787878787879,1
0.757575757575758,0.888888888888889,1
0.757575757575758,0.898989898989899,1
0.757575757575758,0.909090909090909,1
0.757575757575758,0.919191919191919,1
0.757575757575758,0.929292929292929,1
0.757575757575758,0.939393939393939,1
0.757575757575758,0.94949494949495,1
0.757575757575758,0.95959595959596,1
0.757575757575758,0.96969696969697,1
0.757575757575758,0.97979797979798,1
0.757575757575758,0.98989898989899,1
0.757575757575758,1,1
0.767676767676768,0,-1
0.767676767676768,0.0101010101010101,-1
0.767676767676768,0.0202020202020202,-1
0.767676767676768,0.0303030303030303,-1
0.767676767676768,0.0404040404040404,1
0.767676767676768,0.0505050505050505,1
0.767676767676768,0.0606060606060606,1
0.767676767676768,0.0707070707070707,1
0.767676767676768,0.0808080808080808,1
0.767676767676768,0.0909090909090909,1
0.767676767676768,0.101010101010101,1
0.767676767676768,0.111111111111111,1
0.767676767676768,0.121212121212121,1
0.767676767676768,0.131313131313131,1
0.767676767676768,0.141414141414141,1
0.767676767676768,0.151515151515152,1
0.767676767676768,0.161616161616162,1
0.767676767676768,0.171717171717172,1
0.767676767676768,0.181818181818182,1
0.767676767676768,0.191919191919192,1
0.767676767676768,0.202020202020202,1
0.767676767676768,0.212121212121212,1
0.767676767676768,0.222222222222222,1
0.767676767676768,0.232323232323232,1
0.767676767676768,0.242424242424242,1
0.767676767676768,0.252525252525253,1
0.767676767676768,0.262626262626263,1
0.767676767676768,0.272727272727273,1
0.767676767676768,0.282828282828283,1
0.767676767676768,0.292929292929293,1
0.767676767676768,0.303030303030303,1
0.767676767676768,0.313131313131313,1
0.767676767676768,0.323232323232323,1
0.767676767676768,0.333333333333333,1
0.767676767676768,0.343434343434343,1
0.767676767676768,0.353535353535354,1
0.767676767676768,0.363636363636364,1
0.767676767676768,0.373737373737374,1
0.767676767676768,0.383838383838384,1
0.767676767676768,0.393939393939394,1
0.767676767676768,0.404040404040404,1
0.767676767676768,0.414141414141414,1
0.767676767676768,0.424242424242424,1
0.767676767676768,0.434343434343434,1
0.767676767676768,0.444444444444444,1
0.767676767676768,0.454545454545455,1
0.767676767676768,0.464646464646465,1
0.767676767676768,0.474747474747475,1
0.767676767676768,0.484848484848485,1
0.767676767676768,0.494949494949495,1
0.767676767676768,0.505050505050505,1
0.767676767676768,0.515151515151515,1
0.767676767676768,0.525252525252525,1
0.767676767676768,0.535353535353535,1
0.767676767676768,0.545454545454545,1
0.767676767676768,0.555555555555556,1
0.767676767676768,0.565656565656566,1
0.767676767676768,0.575757575757576,1
0.767676767676768,0.585858585858586,1
0.767676767676768,0.595959595959596,1
0.767676767676768,0.606060606060606,1
0.767676767676768,0.616161616161616,1
0.767676767676768,0.626262626262626,1
0.767676767676768,0.636363636363636,1
0.767676767676768,0.646464646464647,1
0.767676767676768,0.656565656565657,1
0.767676767676768,0.666666666666667,1
0.767676767676768,0.676767676767677,1
0.767676767676768,0.686868686868687,1
0.767676767676768,0.696969696969697,1
0.767676767676768,0.707070707070707,1
0.767676767676768,0.717171717171717,1
0.767676767676768,0.727272727272727,1
0.767676767676768,0.737373737373737,1
0.767676767676768,0.747474747474748,1
0.767676767676768,0.757575757575758,1
0.767676767676768,0.767676767676768,1
0.767676767676768,0.777777777777778,1
0.767676767676768,0.787878787878788,1
0.767676767676768,0.797979797979798,1
0.767676767676768,0.808080808080808,1
0.767676767676768,0.818181818181818,1
0.767676767676768,0.828282828282828,1
0.767676767676768,0.838383838383838,1
0.767676767676768,0.848484848484849,1
0.767676767676768,0.858585858585859,1
0.767676767676768,0.868686868686869,1
0.767676767676768,0.878787878787879,1
0.767676767676768,0.888888888888889,1
0.767676767676768,0.898989898989899,1
0.767676767676768,0.909090909090909,1
0.767676767676768,0.919191919191919,1
0.767676767676768,0.929292929292929,1
0.767676767676768,0.939393939393939,1
0.767676767676768,0.94949494949495,1
0.767676767676768,0.95959595959596,1
0.767676767676768,0.96969696969697,1
0.767676767676768,0.97979797979798,1
0.767676767676768,0.98989898989899,1
0.767676767676768,1,1
0.777777777777778,0,-1
0.777777777777778,0.0101010101010101,-1
0.777777777777778,0.0202020202020202,-1
0.777777777777778,0.0303030303030303,-1
0.777777777777778,0.0404040404040404,1
0.777777777777778,0.0505050505050505,1
0.777777777777778,0.0606060606060606,1
0.777777777777778,0.0707070707070707,1
0.777777777777778,0.0808080808080808,1
0.777777777777778,0.0909090909090909,1
0.777777777777778,0.101010101010101,1
0.777777777777778,0.111111111111111,1
0.777777777777778,0.121212121212121,1
0.777777777777778,0.131313131313131,1
0.777777777777778,0.141414141414141,1
0.777777777777778,0.151515151515152,1
0.777777777777778,0.161616161616162,1
0.777777777777778,0.171717171717172,1
0.777777777777778,0.181818181818182,1
0.777777777777778,0.191919191919192,1
0.777777777777778,0.202020202020202,1
0.777777777777778,0.212121212121212,1
0.777777777777778,0.222222222222222,1
0.777777777777778,0.232323232323232,1
0.777777777777778,0.242424242424242,1
0.777777777777778,0.252525252525253,1
0.777777777777778,0.262626262626263,1
0.777777777777778,0.272727272727273,1
0.777777777777778,0.282828282828283,1
0.777777777777778,0.292929292929293,1
0.777777777777778,0.303030303030303,1
0.777777777777778,0.313131313131313,1
0.777777777777778,0.323232323232323,1
0.777777777777778,0.333333333333333,1
0.777777777777778,0.343434343434343,1
0.777777777777778,0.353535353535354,1
0.777777777777778,0.363636363636364,1
0.777777777777778,0.373737373737374,1
0.777777777777778,0.383838383838384,1
0.777777777777778,0.393939393939394,1
0.777777777777778,0.404040404040404,1
0.777777777777778,0.414141414141414,1
0.777777777777778,0.424242424242424,1
0.777777777777778,0.434343434343434,1
0.777777777777778,0.444444444444444,1
0.777777777777778,0.454545454545455,1
0.777777777777778,0.464646464646465,1
0.777777777777778,0.474747474747475,1
0.777777777777778,0.484848484848485,1
0.777777777777778,0.494949494949495,1
0.777777777777778,0.505050505050505,1
0.777777777777778,0.515151515151515,1
0.777777777777778,0.525252525252525,1
0.777777777777778,0.535353535353535,1
0.777777777777778,0.545454545454545,1
0.777777777777778,0.555555555555556,1
0.777777777777778,0.565656565656566,1
0.777777777777778,0.575757575757576,1
0.777777777777778,0.585858585858586,1
0.777777777777778,0.595959595959596,1
0.777777777777778,0.606060606060606,1
0.777777777777778,0.616161616161616,1
0.777777777777778,0.626262626262626,1
0.777777777777778,0.636363636363636,1
0.777777777777778,0.646464646464647,1
0.777777777777778,0.656565656565657,1
0.777777777777778,0.666666666666667,1
0.777777777777778,0.676767676767677,1
0.777777777777778,0.686868686868687,1
0.777777777777778,0.696969696969697,1
0.777777777777778,0.707070707070707,1
0.777777777777778,0.717171717171717,1
0.777777777777778,0.727272727272727,1
0.777777777777778,0.737373737373737,1
0.777777777777778,0.747474747474748,1
0.777777777777778,0.757575757575758,1
0.777777777777778,0.767676767676768,1
0.777777777777778,0.777777777777778,1
0.777777777777778,0.787878787878788,1
0.777777777777778,0.797979797979798,1
0.777777777777778,0.808080808080808,1
0.777777777777778,0.818181818181818,1
0.777777777777778,0.828282828282828,1
0.777777777777778,0.838383838383838,1
0.777777777777778,0.848484848484849,1
0.777777777777778,0.858585858585859,1
0.777777777777778,0.868686868686869,1
0.777777777777778,0.878787878787879,1
0.777777777777778,0.888888888888889,1
0.777777777777778,0.898989898989899,1
0.777777777777778,0.909090909090909,1
0.777777777777778,0.919191919191919,1
0.777777777777778,0.929292929292929,1
0.777777777777778,0.939393939393939,1
0.777777777777778,0.94949494949495,1
0.777777777777778,0.95959595959596,1
0.777777777777778,0.96969696969697,1
0.777777777777778,0.97979797979798,1
0.777777777777778,0.98989898989899,1
0.777777777777778,1,1
0.787878787878788,0,-1
0.787878787878788,0.0101010101010101,-1
0.787878787878788,0.0202020202020202,-1
0.787878787878788,0.0303030303030303,-1
0.787878787878788,0.0404040404040404,1
0.787878787878788,0.0505050505050505,1
0.787878787878788,0.0606060606060606,1
0.787878787878788,0.0707070707070707,1
0.787878787878788,0.0808080808080808,1
0.787878787878788,0.0909090909090909,1
0.787878787878788,0.101010101010101,1
0.787878787878788,0.111111111111111,1
0.787878787878788,0.121212121212121,1
0.787878787878788,0.131313131313131,1
0.787878787878788,0.141414141414141,1
0.787878787878788,0.151515151515152,1
0.787878787878788,0.161616161616162,1
0.787878787878788,0.171717171717172,1
0.787878787878788,0.181818181818182,1
0.787878787878788,0.191919191919192,1
0.787878787878788,0.202020202020202,1
0.787878787878788,0.212121212121212,1
0.787878787878788,0.222222222222222,1
0.787878787878788,0.232323232323232,1
0.787878787878788,0.242424242424242,1
0.787878787878788,0.252525252525253,1
0.787878787878788,0.262626262626263,1
0.787878787878788,0.272727272727273,1
0.787878787878788,0.282828282828283,1
0.787878787878788,0.292929292929293,1
0.787878787878788,0.303030303030303,1
0.787878787878788,0.313131313131313,1
0.787878787878788,0.323232323232323,1
0.787878787878788,0.333333333333333,1
0.787878787878788,0.343434343434343,1
0.787878787878788,0.353535353535354,1
0.787878787878788,0.363636363636364,1
0.787878787878788,0.373737373737374,1
0.787878787878788,0.383838383838384,1
0.787878787878788,0.393939393939394,1
0.787878787878788,0.404040404040404,1
0.787878787878788,0.414141414141414,1
0.787878787878788,0.424242424242424,1
0.787878787878788,0.434343434343434,1
0.787878787878788,0.444444444444444,1
0.787878787878788,0.454545454545455,1
0.787878787878788,0.464646464646465,1
0.787878787878788,0.474747474747475,1
0.787878787878788,0.484848484848485,1
0.787878787878788,0.494949494949495,1
0.787878787878788,0.505050505050505,1
0.787878787878788,0.515151515151515,1
0.787878787878788,0.525252525252525,1
0.787878787878788,0.535353535353535,1
0.787878787878788,0.545454545454545,1
0.787878787878788,0.555555555555556,1
0.787878787878788,0.565656565656566,1
0.787878787878788,0.575757575757576,1
0.787878787878788,0.585858585858586,1
0.787878787878788,0.595959595959596,1
0.787878787878788,0.606060606060606,1
0.787878787878788,0.616161616161616,1
0.787878787878788,0.626262626262626,1
0.787878787878788,0.636363636363636,1
0.787878787878788,0.646464646464647,1
0.787878787878788,0.656565656565657,1
0.787878787878788,0.666666666666667,1
0.787878787878788,0.676767676767677,1
0.787878787878788,0.686868686868687,1
0.787878787878788,0.696969696969697,1
0.787878787878788,0.707070707070707,1
0.787878787878788,0.717171717171717,1
0.787878787878788,0.727272727272727,1
0.787878787878788,0.737373737373737,1
0.787878787878788,0.747474747474748,1
0.787878787878788,0.757575757575758,1
0.787878787878788,0.767676767676768,1
0.787878787878788,0.777777777777778,1
0.787878787878788,0.787878787878788,1
0.787878787878788,0.797979797979798,1
0.787878787878788,0.808080808080808,1
0.787878787878788,0.818181818181818,1
0.787878787878788,0.828282828282828,1
0.787878787878788,0.838383838383838,1
0.787878787878788,0.848484848484849,1
0.787878787878788,0.858585858585859,1
0.787878787878788,0.868686868686869,1
0.787878787878788,0.878787878787879,1
0.787878787878788,0.888888888888889,1
0.787878787878788,0.898989898989899,1
0.787878787878788,0.909090909090909,1
0.787878787878788,0.919191919191919,1
0.787878787878788,0.929292929292929,1
0.787878787878788,0.939393939393939,1
0.787878787878788,0.94949494949495,1
0.787878787878788,0.95959595959596,1
0.787878787878788,0.96969696969697,1
0.787878787878788,0.97979797979798,1
0.787878787878788,0.98989898989899,1
0.787878787878788,1,1
0.797979797979798,0,-1
0.797979797979798,0.0101010101010101,-1
0.797979797979798,0.0202020202020202,-1
0.797979797979798,0.0303030303030303,-1
0.797979797979798,0.0404040404040404,-1
0.797979797979798,0.0505050505050505,1
0.797979797979798,0.0606060606060606,1
0.797979797979798,0.0707070707070707,1
0.797979797979798,0.0808080808080808,1
0.797979797979798,0.0909090909090909,1
0.797979797979798,0.101010101010101,1
0.797979797979798,0.111111111111111,1
0.797979797979798,0.121212121212121,1
0.797979797979798,0.131313131313131,1
0.797979797979798,0.141414141414141,1
0.797979797979798,0.151515151515152,1
0.797979797979798,0.161616161616162,1
0.797979797979798,0.171717171717172,1
0.797979797979798,0.181818181818182,1
0.797979797979798,0.191919191919192,1
0.797979797979798,0.202020202020202,1
0.797979797979798,0.212121212121212,1
0.797979797979798,0.222222222222222,1
0.797979797979798,0.232323232323232,1
0.797979797979798,0.242424242424242,1
0.797979797979798,0.252525252525253,1
0.797979797979798,0.262626262626263,1
0.797979797979798,0.272727272727273,1
0.797979797979798,0.282828282828283,1
0.797979797979798,0.292929292929293,1
0.797979797979798,0.303030303030303,1
0.797979797979798,0.313131313131313,1
0.797979797979798,0.323232323232323,1
0.797979797979798,0.333333333333333,1
0.797979797979798,0.343434343434343,1
0.797979797979798,0.353535353535354,1
0.797979797979798,0.363636363636364,1
0.797979797979798,0.373737373737374,1
0.797979797979798,0.383838383838384,1
0.797979797979798,0.393939393939394,1
0.797979797979798,0.404040404040404,1
0.797979797979798,0.414141414141414,1
0.797979797979798,0.424242424242424,1
0.797979797979798,0.434343434343434,1
0.797979797979798,0.444444444444444,1
0.797979797979798,0.454545454545455,1
0.797979797979798,0.464646464646465,1
0.797979797979798,0.474747474747475,1
0.797979797979798,0.484848484848485,1
0.797979797979798,0.494949494949495,1
0.797979797979798,0.505050505050505,1
0.797979797979798,0.515151515151515,1
0.797979797979798,0.525252525252525,1
0.797979797979798,0.535353535353535,1
0.797979797979798,0.545454545454545,1
0.797979797979798,0.555555555555556,1
0.797979797979798,0.565656565656566,1
0.797979797979798,0.575757575757576,1
0.797979797979798,0.585858585858586,1
0.797979797979798,0.595959595959596,1
0.797979797979798,0.606060606060606,1
0.797979797979798,0.616161616161616,1
0.797979797979798,0.626262626262626,1
0.797979797979798,0.636363636363636,1
0.797979797979798,0.646464646464647,1
0.797979797979798,0.656565656565657,1
0.797979797979798,0.666666666666667,1
0.797979797979798,0.676767676767677,1
0.797979797979798,0.686868686868687,1
0.797979797979798,0.696969696969697,1
0.797979797979798,0.707070707070707,1
0.797979797979798,0.717171717171717,1
0.797979797979798,0.727272727272727,1
0.797979797979798,0.737373737373737,1
0.797979797979798,0.747474747474748,1
0.797979797979798,0.757575757575758,1
0.797979797979798,0.767676767676768,1
0.797979797979798,0.777777777777778,1
0.797979797979798,0.787878787878788,1
0.797979797979798,0.797979797979798,1
0.797979797979798,0.808080808080808,1
0.797979797979798,0.818181818181818,1
0.797979797979798,0.828282828282828,1
0.797979797979798,0.838383838383838,1
0.797979797979798,0.848484848484849,1
0.797979797979798,0.858585858585859,1
0.797979797979798,0.868686868686869,1
0.797979797979798,0.878787878787879,1
0.797979797979798,0.888888888888889,1
0.797979797979798,0.898989898989899,1
0.797979797979798,0.909090909090909,1
0.797979797979798,0.919191919191919,1
0.797979797979798,0.929292929292929,1
0.797979797979798,0.939393939393939,1
0.797979797979798,0.94949494949495,1
0.797979797979798,0.95959595959596,1
0.797979797979798,0.96969696969697,1
0.797979797979798,0.97979797979798,1
0.797979797979798,0.98989898989899,1
0.797979797979798,1,1
0.808080808080808,0,-1
0.808080808080808,0.0101010101010101,-1
0.808080808080808,0.0202020202020202,-1
0.808080808080808,0.0303030303030303,-1
0.808080808080808,0.0404040404040404,-1
0.808080808080808,0.0505050505050505,1
0.808080808080808,0.0606060606060606,1
0.808080808080808,0.0707070707070707,1
0.808080808080808,0.0808080808080808,1
0.808080808080808,0.0909090909090909,1
0.808080808080808,0.101010101010101,1
0.808080808080808,0.111111111111111,1
0.808080808080808,0.121212121212121,1
0.808080808080808,0.131313131313131,1
0.808080808080808,0.141414141414141,1
0.808080808080808,0.151515151515152,1
0.808080808080808,0.161616161616162,1
0.808080808080808,0.171717171717172,1
0.808080808080808,0.181818181818182,1
0.808080808080808,0.191919191919192,1
0.808080808080808,0.202020202020202,1
0.808080808080808,0.212121212121212,1
0.808080808080808,0.222222222222222,1
0.808080808080808,0.232323232323232,1
0.808080808080808,0.242424242424242,1
0.808080808080808,0.252525252525253,1
0.808080808080808,0.262626262626263,1
0.808080808080808,0.272727272727273,1
0.808080808080808,0.282828282828283,1
0.808080808080808,0.292929292929293,1
0.808080808080808,0.303030303030303,1
0.808080808080808,0.313131313131313,1
0.808080808080808,0.323232323232323,1
0.808080808080808,0.333333333333333,1
0.808080808080808,0.343434343434343,1
0.808080808080808,0.353535353535354,1
0.808080808080808,0.363636363636364,1
0.808080808080808,0.373737373737374,1
0.808080808080808,0.383838383838384,1
0.808080808080808,0.393939393939394,1
0.808080808080808,0.404040404040404,1
0.808080808080808,0.414141414141414,1
0.808080808080808,0.424242424242424,1
0.808080808080808,0.434343434343434,1
0.808080808080808,0.444444444444444,1
0.808080808080808,0.454545454545455,1
0.808080808080808,0.464646464646465,1
0.808080808080808,0.474747474747475,1
0.808080808080808,0.484848484848485,1
0.808080808080808,0.494949494949495,1
0.808080808080808,0.505050505050505,1
0.808080808080808,0.515151515151515,1
0.808080808080808,0.525252525252525,1
0.808080808080808,0.535353535353535,1
0.808080808080808,0.545454545454545,1
0.808080808080808,0.555555555555556,1
0.808080808080808,0.565656565656566,1
0.808080808080808,0.575757575757576,1
0.808080808080808,0.585858585858586,1
0.808080808080808,0.595959595959596,1
0.808080808080808,0.606060606060606,1
0.808080808080808,0.616161616161616,1
0.808080808080808,0.626262626262626,1
0.808080808080808,0.636363636363636,1
0.808080808080808,0.646464646464647,1
0.808080808080808,0.656565656565657,1
0.808080808080808,0.666666666666667,1
0.808080808080808,0.676767676767677,1
0.808080808080808,0.686868686868687,1
0.808080808080808,0.696969696969697,1
0.808080808080808,0.707070707070707,1
0.808080808080808,0.717171717171717,1
0.808080808080808,0.727272727272727,1
0.808080808080808,0.737373737373737,1
0.808080808080808,0.747474747474748,1
0.808080808080808,0.757575757575758,1
0.808080808080808,0.767676767676768,1
0.808080808080808,0.777777777777778,1
0.808080808080808,0.787878787878788,1
0.808080808080808,0.797979797979798,1
0.808080808080808,0.808080808080808,1
0.808080808080808,0.818181818181818,1
0.808080808080808,0.828282828282828,1
0.808080808080808,0.838383838383838,1
0.808080808080808,0.848484848484849,1
0.808080808080808,0.858585858585859,1
0.808080808080808,0.868686868686869,1
0.808080808080808,0.878787878787879,1
0.808080808080808,0.888888888888889,1
0.808080808080808,0.898989898989899,1
0.808080808080808,0.909090909090909,1
0.808080808080808,0.919191919191919,1
0.808080808080808,0.929292929292929,1
0.808080808080808,0.939393939393939,1
0.808080808080808,0.94949494949495,1
0.808080808080808,0.95959595959596,1
0.808080808080808,0.96969696969697,1
0.808080808080808,0.97979797979798,1
0.808080808080808,0.98989898989899,1
0.808080808080808,1,1
0.818181818181818,0,-1
0.818181818181818,0.0101010101010101,-1
0.818181818181818,0.0202020202020202,-1
0.818181818181818,0.0303030303030303,-1
0.818181818181818,0.0404040404040404,-1
0.818181818181818,0.0505050505050505,1
0.818181818181818,0.0606060606060606,1
0.818181818181818,0.0707070707070707,1
0.818181818181818,0.0808080808080808,1
0.818181818181818,0.0909090909090909,1
0.818181818181818,0.101010101010101,1
0.818181818181818,0.111111111111111,1
0.818181818181818,0.121212121212121,1
0.818181818181818,0.131313131313131,1
0.818181818181818,0.141414141414141,1
0.818181818181818,0.151515151515152,1
0.818181818181818,0.161616161616162,1
0.818181818181818,0.171717171717172,1
0.818181818181818,0.181818181818182,1
0.818181818181818,0.191919191919192,1
0.818181818181818,0.202020202020202,1
0.818181818181818,0.212121212121212,1
0.818181818181818,0.222222222222222,1
0.818181818181818,0.232323232323232,1
0.818181818181818,0.242424242424242,1
0.818181818181818,0.252525252525253,1
0.818181818181818,0.262626262626263,1
0.818181818181818,0.272727272727273,1
0.818181818181818,0.282828282828283,1
0.818181818181818,0.292929292929293,1
0.818181818181818,0.303030303030303,1
0.818181818181818,0.313131313131313,1
0.818181818181818,0.323232323232323,1
0.818181818181818,0.333333333333333,1
0.818181818181818,0.343434343434343,1
0.818181818181818,0.353535353535354,1
0.818181818181818,0.363636363636364,1
0.818181818181818,0.373737373737374,1
0.818181818181818,0.383838383838384,1
0.818181818181818,0.393939393939394,1
0.818181818181818,0.404040404040404,1
0.818181818181818,0.414141414141414,1
0.818181818181818,0.424242424242424,1
0.818181818181818,0.434343434343434,1
0.818181818181818,0.444444444444444,1
0.818181818181818,0.454545454545455,1
0.818181818181818,0.464646464646465,1
0.818181818181818,0.474747474747475,1
0.818181818181818,0.484848484848485,1
0.818181818181818,0.494949494949495,1
0.818181818181818,0.505050505050505,1
0.818181818181818,0.515151515151515,1
0.818181818181818,0.525252525252525,1
0.818181818181818,0.535353535353535,1
0.818181818181818,0.545454545454545,1
0.818181818181818,0.555555555555556,1
0.818181818181818,0.565656565656566,1
0.818181818181818,0.575757575757576,1
0.818181818181818,0.585858585858586,1
0.818181818181818,0.595959595959596,1
0.818181818181818,0.606060606060606,1
0.818181818181818,0.616161616161616,1
0.818181818181818,0.626262626262626,1
0.818181818181818,0.636363636363636,1
0.818181818181818,0.646464646464647,1
0.818181818181818,0.656565656565657,1
0.818181818181818,0.666666666666667,1
0.818181818181818,0.676767676767677,1
0.818181818181818,0.686868686868687,1
0.818181818181818,0.696969696969697,1
0.818181818181818,0.707070707070707,1
0.818181818181818,0.717171717171717,1
0.818181818181818,0.727272727272727,1
0.818181818181818,0.737373737373737,1
0.818181818181818,0.747474747474748,1
0.818181818181818,0.757575757575758,1
0.818181818181818,0.767676767676768,1
0.818181818181818,0.777777777777778,1
0.818181818181818,0.787878787878788,1
0.818181818181818,0.797979797979798,1
0.818181818181818,0.808080808080808,1
0.818181818181818,0.818181818181818,1
0.818181818181818,0.828282828282828,1
0.818181818181818,0.838383838383838,1
0.818181818181818,0.848484848484849,1
0.818181818181818,0.858585858585859,1
0.818181818181818,0.868686868686869,1
0.818181818181818,0.878787878787879,1
0.818181818181818,0.888888888888889,1
0.818181818181818,0.898989898989899,1
0.818181818181818,0.909090909090909,1
0.818181818181818,0.919191919191919,1
0.818181818181818,0.929292929292929,1
0.818181818181818,0.939393939393939,1
0.818181818181818,0.94949494949495,1
0.818181818181818,0.95959595959596,1
0.818181818181818,0.96969696969697,1
0.818181818181818,0.97979797979798,1
0.818181818181818,0.98989898989899,1
0.818181818181818,1,1
0.828282828282828,0,-1
0.828282828282828,0.0101010101010101,-1
0.828282828282828,0.0202020202020202,-1
0.828282828282828,0.0303030303030303,-1
0.828282828282828,0.0404040404040404,-1
0.828282828282828,0.0505050505050505,1
0.828282828282828,0.0606060606060606,1
0.828282828282828,0.0707070707070707,1
0.828282828282828,0.0808080808080808,1
0.828282828282828,0.0909090909090909,1
0.828282828282828,0.101010101010101,1
0.828282828282828,0.111111111111111,1
0.828282828282828,0.121212121212121,1
0.828282828282828,0.131313131313131,1
0.828282828282828,0.141414141414141,1
0.828282828282828,0.151515151515152,1
0.828282828282828,0.161616161616162,1
0.828282828282828,0.171717171717172,1
0.828282828282828,0.181818181818182,1
0.828282828282828,0.191919191919192,1
0.828282828282828,0.202020202020202,1
0.828282828282828,0.212121212121212,1
0.828282828282828,0.222222222222222,1
0.828282828282828,0.232323232323232,1
0.828282828282828,0.242424242424242,1
0.828282828282828,0.252525252525253,1
0.828282828282828,0.262626262626263,1
0.828282828282828,0.272727272727273,1
0.828282828282828,0.282828282828283,1
0.828282828282828,0.292929292929293,1
0.828282828282828,0.303030303030303,1
0.828282828282828,0.313131313131313,1
0.828282828282828,0.323232323232323,1
0.828282828282828,0.333333333333333,1
0.828282828282828,0.343434343434343,1
0.828282828282828,0.353535353535354,1
0.828282828282828,0.363636363636364,1
0.828282828282828,0.373737373737374,1
0.828282828282828,0.383838383838384,1
0.828282828282828,0.393939393939394,1
0.828282828282828,0.404040404040404,1
0.828282828282828,0.414141414141414,1
0.828282828282828,0.424242424242424,1
0.828282828282828,0.434343434343434,1
0.828282828282828,0.444444444444444,1
0.828282828282828,0.454545454545455,1
0.828282828282828,0.464646464646465,1
0.828282828282828,0.474747474747475,1
0.828282828282828,0.484848484848485,1
0.828282828282828,0.494949494949495,1
0.828282828282828,0.505050505050505,1
0.828282828282828,0.515151515151515,1
0.828282828282828,0.525252525252525,1
0.828282828282828,0.535353535353535,1
0.828282828282828,0.545454545454545,1
0.828282828282828,0.555555555555556,1
0.828282828282828,0.565656565656566,1
0.828282828282828,0.575757575757576,1
0.828282828282828,0.585858585858586,1
0.828282828282828,0.595959595959596,1
0.828282828282828,0.606060606060606,1
0.828282828282828,0.616161616161616,1
0.828282828282828,0.626262626262626,1
0.828282828282828,0.636363636363636,1
0.828282828282828,0.646464646464647,1
0.828282828282828,0.656565656565657,1
0.828282828282828,0.666666666666667,1
0.828282828282828,0.676767676767677,1
0.828282828282828,0.686868686868687,1
0.828282828282828,0.696969696969697,1
0.828282828282828,0.707070707070707,1
0.828282828282828,0.717171717171717,1
0.828282828282828,0.727272727272727,1
0.828282828282828,0.737373737373737,1
0.828282828282828,0.747474747474748,1
0.828282828282828,0.757575757575758,1
0.828282828282828,0.767676767676768,1
0.828282828282828,0.777777777777778,1
0.828282828282828,0.787878787878788,1
0.828282828282828,0.797979797979798,1
0.828282828282828,0.808080808080808,1
0.828282828282828,0.818181818181818,1
0.828282828282828,0.828282828282828,1
0.828282828282828,0.838383838383838,1
0.828282828282828,0.848484848484849,1
0.828282828282828,0.858585858585859,1
0.828282828282828,0.868686868686869,1
0.828282828282828,0.878787878787879,1
0.828282828282828,0.888888888888889,1
0.828282828282828,0.898989898989899,1
0.828282828282828,0.909090909090909,1
0.828282828282828,0.919191919191919,1
0.828282828282828,0.929292929292929,1
0.828282828282828,0.939393939393939,1
0.828282828282828,0.94949494949495,1
0.828282828282828,0.95959595959596,1
0.828282828282828,0.96969696969697,1
0.828282828282828,0.97979797979798,1
0.828282828282828,0.98989898989899,1
0.828282828282828,1,1
0.838383838383838,0,-1
0.838383838383838,0.0101010101010101,-1
0.838383838383838,0.0202020202020202,-1
0.838383838383838,0.0303030303030303,-1
0.838383838383838,0.0404040404040404,-1
0.838383838383838,0.0505050505050505,1
0.838383838383838,0.0606060606060606,1
0.838383838383838,0.0707070707070707,1
0.838383838383838,0.0808080808080808,1
0.838383838383838,0.0909090909090909,1
0.838383838383838,0.101010101010101,1
0.838383838383838,0.111111111111111,1
0.838383838383838,0.121212121212121,1
0.838383838383838,0.131313131313131,1
0.838383838383838,0.141414141414141,1
0.838383838383838,0.151515151515152,1
0.838383838383838,0.161616161616162,1
0.838383838383838,0.171717171717172,1
0.838383838383838,0.181818181818182,1
0.838383838383838,0.191919191919192,1
0.838383838383838,0.202020202020202,1
0.838383838383838,0.212121212121212,1
0.838383838383838,0.222222222222222,1
0.838383838383838,0.232323232323232,1
0.838383838383838,0.242424242424242,1
0.838383838383838,0.252525252525253,1
0.838383838383838,0.262626262626263,1
0.838383838383838,0.272727272727273,1
0.838383838383838,0.282828282828283,1
0.838383838383838,0.292929292929293,1
0.838383838383838,0.303030303030303,1
0.838383838383838,0.313131313131313,1
0.838383838383838,0.323232323232323,1
0.838383838383838,0.333333333333333,1
0.838383838383838,0.343434343434343,1
0.838383838383838,0.353535353535354,1
0.838383838383838,0.363636363636364,1
0.838383838383838,0.373737373737374,1
0.838383838383838,0.383838383838384,1
0.838383838383838,0.393939393939394,1
0.838383838383838,0.404040404040404,1
0.838383838383838,0.414141414141414,1
0.838383838383838,0.424242424242424,1
0.838383838383838,0.434343434343434,1
0.838383838383838,0.444444444444444,1
0.838383838383838,0.454545454545455,1
0.838383838383838,0.464646464646465,1
0.838383838383838,0.474747474747475,1
0.838383838383838,0.484848484848485,1
0.838383838383838,0.494949494949495,1
0.838383838383838,0.505050505050505,1
0.838383838383838,0.515151515151515,1
0.838383838383838,0.525252525252525,1
0.838383838383838,0.535353535353535,1
0.838383838383838,0.545454545454545,1
0.838383838383838,0.555555555555556,1
0.838383838383838,0.565656565656566,1
0.838383838383838,0.575757575757576,1
0.838383838383838,0.585858585858586,1
0.838383838383838,0.595959595959596,1
0.838383838383838,0.606060606060606,1
0.838383838383838,0.616161616161616,1
0.838383838383838,0.626262626262626,1
0.838383838383838,0.636363636363636,1
0.838383838383838,0.646464646464647,1
0.838383838383838,0.656565656565657,1
0.838383838383838,0.666666666666667,1
0.838383838383838,0.676767676767677,1
0.838383838383838,0.686868686868687,1
0.838383838383838,0.696969696969697,1
0.838383838383838,0.707070707070707,1
0.838383838383838,0.717171717171717,1
0.838383838383838,0.727272727272727,1
0.838383838383838,0.737373737373737,1
0.838383838383838,0.747474747474748,1
0.838383838383838,0.757575757575758,1
0.838383838383838,0.767676767676768,1
0.838383838383838,0.777777777777778,1
0.838383838383838,0.787878787878788,1
0.838383838383838,0.797979797979798,1
0.838383838383838,0.808080808080808,1
0.838383838383838,0.818181818181818,1
0.838383838383838,0.828282828282828,1
0.838383838383838,0.838383838383838,1
0.838383838383838,0.848484848484849,1
0.838383838383838,0.858585858585859,1
0.838383838383838,0.868686868686869,1
0.838383838383838,0.878787878787879,1
0.838383838383838,0.888888888888889,1
0.838383838383838,0.898989898989899,1
0.838383838383838,0.909090909090909,1
0.838383838383838,0.919191919191919,1
0.838383838383838,0.929292929292929,1
0.838383838383838,0.939393939393939,1
0.838383838383838,0.94949494949495,1
0.838383838383838,0.95959595959596,1
0.838383838383838,0.96969696969697,1
0.838383838383838,0.97979797979798,1
0.838383838383838,0.98989898989899,1
0.838383838383838,1,1
0.848484848484849,0,-1
0.848484848484849,0.0101010101010101,-1
0.848484848484849,0.0202020202020202,-1
0.848484848484849,0.0303030303030303,-1
0.848484848484849,0.0404040404040404,-1
0.848484848484849,0.0505050505050505,-1
0.848484848484849,0.0606060606060606,1
0.848484848484849,0.0707070707070707,1
0.848484848484849,0.0808080808080808,1
0.848484848484849,0.0909090909090909,1
0.848484848484849,0.101010101010101,1
0.848484848484849,0.111111111111111,1
0.848484848484849,0.121212121212121,1
0.848484848484849,0.131313131313131,1
0.848484848484849,0.141414141414141,1
0.848484848484849,0.151515151515152,1
0.848484848484849,0.161616161616162,1
0.848484848484849,0.171717171717172,1
0.848484848484849,0.181818181818182,1
0.848484848484849,0.191919191919192,1
0.848484848484849,0.202020202020202,1
0.848484848484849,0.212121212121212,1
0.848484848484849,0.222222222222222,1
0.848484848484849,0.232323232323232,1
0.848484848484849,0.242424242424242,1
0.848484848484849,0.252525252525253,1
0.848484848484849,0.262626262626263,1
0.848484848484849,0.272727272727273,1
0.848484848484849,0.282828282828283,1
0.848484848484849,0.292929292929293,1
0.848484848484849,0.303030303030303,1
0.848484848484849,0.313131313131313,1
0.848484848484849,0.323232323232323,1
0.848484848484849,0.333333333333333,1
0.848484848484849,0.343434343434343,1
0.848484848484849,0.353535353535354,1
0.848484848484849,0.363636363636364,1
0.848484848484849,0.373737373737374,1
0.848484848484849,0.383838383838384,1
0.848484848484849,0.393939393939394,1
0.848484848484849,0.404040404040404,1
0.848484848484849,0.414141414141414,1
0.848484848484849,0.424242424242424,1
0.848484848484849,0.434343434343434,1
0.848484848484849,0.444444444444444,1
0.848484848484849,0.454545454545455,1
0.848484848484849,0.464646464646465,1
0.848484848484849,0.474747474747475,1
0.848484848484849,0.484848484848485,1
0.848484848484849,0.494949494949495,1
0.848484848484849,0.505050505050505,1
0.848484848484849,0.515151515151515,1
0.848484848484849,0.525252525252525,1
0.848484848484849,0.535353535353535,1
0.848484848484849,0.545454545454545,1
0.848484848484849,0.555555555555556,1
0.848484848484849,0.565656565656566,1
0.848484848484849,0.575757575757576,1
0.848484848484849,0.585858585858586,1
0.848484848484849,0.595959595959596,1
0.848484848484849,0.606060606060606,1
0.848484848484849,0.616161616161616,1
0.848484848484849,0.626262626262626,1
0.848484848484849,0.636363636363636,1
0.848484848484849,0.646464646464647,1
0.848484848484849,0.656565656565657,1
0.848484848484849,0.666666666666667,1
0.848484848484849,0.676767676767677,1
0.848484848484849,0.686868686868687,1
0.848484848484849,0.696969696969697,1
0.848484848484849,0.707070707070707,1
0.848484848484849,0.717171717171717,1
0.848484848484849,0.727272727272727,1
0.848484848484849,0.737373737373737,1
0.848484848484849,0.747474747474748,1
0.848484848484849,0.757575757575758,1
0.848484848484849,0.767676767676768,1
0.848484848484849,0.777777777777778,1
0.848484848484849,0.787878787878788,1
0.848484848484849,0.797979797979798,1
0.848484848484849,0.808080808080808,1
0.848484848484849,0.818181818181818,1
0.848484848484849,0.828282828282828,1
0.848484848484849,0.838383838383838,1
0.848484848484849,0.848484848484849,1
0.848484848484849,0.858585858585859,1
0.848484848484849,0.868686868686869,1
0.848484848484849,0.878787878787879,1
0.848484848484849,0.888888888888889,1
0.848484848484849,0.898989898989899,1
0.848484848484849,0.909090909090909,1
0.848484848484849,0.919191919191919,1
0.848484848484849,0.929292929292929,1
0.848484848484849,0.939393939393939,1
0.848484848484849,0.94949494949495,1
0.848484848484849,0.95959595959596,1
0.848484848484849,0.96969696969697,1
0.848484848484849,0.97979797979798,1
0.848484848484849,0.98989898989899,1
0.848484848484849,1,1
0.858585858585859,0,-1
0.858585858585859,0.0101010101010101,-1
0.858585858585859,0.0202020202020202,-1
0.858585858585859,0.0303030303030303,-1
0.858585858585859,0.0404040404040404,-1
0.858585858585859,0.0505050505050505,-1
0.858585858585859,0.0606060606060606,1
0.858585858585859,0.0707070707070707,1
0.858585858585859,0.0808080808080808,1
0.858585858585859,0.0909090909090909,1
0.858585858585859,0.101010101010101,1
0.858585858585859,0.111111111111111,1
0.858585858585859,0.121212121212121,1
0.858585858585859,0.131313131313131,1
0.858585858585859,0.141414141414141,1
0.858585858585859,0.151515151515152,1
0.858585858585859,0.161616161616162,1
0.858585858585859,0.171717171717172,1
0.858585858585859,0.181818181818182,1
0.858585858585859,0.191919191919192,1
0.858585858585859,0.202020202020202,1
0.858585858585859,0.212121212121212,1
0.858585858585859,0.222222222222222,1
0.858585858585859,0.232323232323232,1
0.858585858585859,0.242424242424242,1
0.858585858585859,0.252525252525253,1
0.858585858585859,0.262626262626263,1
0.858585858585859,0.272727272727273,1
0.858585858585859,0.282828282828283,1
0.858585858585859,0.292929292929293,1
0.858585858585859,0.303030303030303,1
0.858585858585859,0.313131313131313,1
0.858585858585859,0.323232323232323,1
0.858585858585859,0.333333333333333,1
0.858585858585859,0.343434343434343,1
0.858585858585859,0.353535353535354,1
0.858585858585859,0.363636363636364,1
0.858585858585859,0.373737373737374,1
0.858585858585859,0.383838383838384,1
0.858585858585859,0.393939393939394,1
0.858585858585859,0.404040404040404,1
0.858585858585859,0.414141414141414,1
0.858585858585859,0.424242424242424,1
0.858585858585859,0.434343434343434,1
0.858585858585859,0.444444444444444,1
0.858585858585859,0.454545454545455,1
0.858585858585859,0.464646464646465,1
0.858585858585859,0.474747474747475,1
0.858585858585859,0.484848484848485,1
0.858585858585859,0.494949494949495,1
0.858585858585859,0.505050505050505,1
0.858585858585859,0.515151515151515,1
0.858585858585859,0.525252525252525,1
0.858585858585859,0.535353535353535,1
0.858585858585859,0.545454545454545,1
0.858585858585859,0.555555555555556,1
0.858585858585859,0.565656565656566,1
0.858585858585859,0.575757575757576,1
0.858585858585859,0.585858585858586,1
0.858585858585859,0.595959595959596,1
0.858585858585859,0.606060606060606,1
0.858585858585859,0.616161616161616,1
0.858585858585859,0.626262626262626,1
0.858585858585859,0.636363636363636,1
0.858585858585859,0.646464646464647,1
0.858585858585859,0.656565656565657,1
0.858585858585859,0.666666666666667,1
0.858585858585859,0.676767676767677,1
0.858585858585859,0.686868686868687,1
0.858585858585859,0.696969696969697,1
0.858585858585859,0.707070707070707,1
0.858585858585859,0.717171717171717,1
0.858585858585859,0.727272727272727,1
0.858585858585859,0.737373737373737,1
0.858585858585859,0.747474747474748,1
0.858585858585859,0.757575757575758,1
0.858585858585859,0.767676767676768,1
0.858585858585859,0.777777777777778,1
0.858585858585859,0.787878787878788,1
0.858585858585859,0.797979797979798,1
0.858585858585859,0.808080808080808,1
0.858585858585859,0.818181818181818,1
0.858585858585859,0.828282828282828,1
0.858585858585859,0.838383838383838,1
0.858585858585859,0.848484848484849,1
0.858585858585859,0.858585858585859,1
0.858585858585859,0.868686868686869,1
0.858585858585859,0.878787878787879,1
0.858585858585859,0.888888888888889,1
0.858585858585859,0.898989898989899,1
0.858585858585859,0.909090909090909,1
0.858585858585859,0.919191919191919,1
0.858585858585859,0.929292929292929,1
0.858585858585859,0.939393939393939,1
0.858585858585859,0.94949494949495,1
0.858585858585859,0.95959595959596,1
0.858585858585859,0.96969696969697,1
0.858585858585859,0.97979797979798,1
0.858585858585859,0.98989898989899,1
0.858585858585859,1,1
0.868686868686869,0,-1
0.868686868686869,0.0101010101010101,-1
0.868686868686869,0.0202020202020202,-1
0.868686868686869,0.0303030303030303,-1
0.868686868686869,0.0404040404040404,-1
0.868686868686869,0.0505050505050505,-1
0.868686868686869,0.0606060606060606,1
0.868686868686869,0.0707070707070707,1
0.868686868686869,0.0808080808080808,1
0.868686868686869,0.0909090909090909,1
0.868686868686869,0.101010101010101,1
0.868686868686869,0.111111111111111,1
0.868686868686869,0.121212121212121,1
0.868686868686869,0.131313131313131,1
0.868686868686869,0.141414141414141,1
0.868686868686869,0.151515151515152,1
0.868686868686869,0.161616161616162,1
0.868686868686869,0.171717171717172,1
0.868686868686869,0.181818181818182,1
0.868686868686869,0.191919191919192,1
0.868686868686869,0.202020202020202,1
0.868686868686869,0.212121212121212,1
0.868686868686869,0.222222222222222,1
0.868686868686869,0.232323232323232,1
0.868686868686869,0.242424242424242,1
0.868686868686869,0.252525252525253,1
0.868686868686869,0.262626262626263,1
0.868686868686869,0.272727272727273,1
0.868686868686869,0.282828282828283,1
0.868686868686869,0.292929292929293,1
0.868686868686869,0.303030303030303,1
0.868686868686869,0.313131313131313,1
0.868686868686869,0.323232323232323,1
0.868686868686869,0.333333333333333,1
0.868686868686869,0.343434343434343,1
0.868686868686869,0.353535353535354,1
0.868686868686869,0.363636363636364,1
0.868686868686869,0.373737373737374,1
0.868686868686869,0.383838383838384,1
0.868686868686869,0.393939393939394,1
0.868686868686869,0.404040404040404,1
0.868686868686869,0.414141414141414,1
0.868686868686869,0.424242424242424,1
0.868686868686869,0.434343434343434,1
0.868686868686869,0.444444444444444,1
0.868686868686869,0.454545454545455,1
0.868686868686869,0.464646464646465,1
0.868686868686869,0.474747474747475,1
0.868686868686869,0.484848484848485,1
0.868686868686869,0.494949494949495,1
0.868686868686869,0.505050505050505,1
0.868686868686869,0.515151515151515,1
0.868686868686869,0.525252525252525,1
0.868686868686869,0.535353535353535,1
0.868686868686869,0.545454545454545,1
0.868686868686869,0.555555555555556,1
0.868686868686869,0.565656565656566,1
0.868686868686869,0.575757575757576,1
0.868686868686869,0.585858585858586,1
0.868686868686869,0.595959595959596,1
0.868686868686869,0.606060606060606,1
0.868686868686869,0.616161616161616,1
0.868686868686869,0.626262626262626,1
0.868686868686869,0.636363636363636,1
0.868686868686869,0.646464646464647,1
0.868686868686869,0.656565656565657,1
0.868686868686869,0.666666666666667,1
0.868686868686869,0.676767676767677,1
0.868686868686869,0.686868686868687,1
0.868686868686869,0.696969696969697,1
0.868686868686869,0.707070707070707,1
0.868686868686869,0.717171717171717,1
0.868686868686869,0.727272727272727,1
0.868686868686869,0.737373737373737,1
0.868686868686869,0.747474747474748,1
0.868686868686869,0.757575757575758,1
0.868686868686869,0.767676767676768,1
0.868686868686869,0.777777777777778,1
0.868686868686869,0.787878787878788,1
0.868686868686869,0.797979797979798,1
0.868686868686869,0.808080808080808,1
0.868686868686869,0.818181818181818,1
0.868686868686869,0.828282828282828,1
0.868686868686869,0.838383838383838,1
0.868686868686869,0.848484848484849,1
0.868686868686869,0.858585858585859,1
0.868686868686869,0.868686868686869,1
0.868686868686869,0.878787878787879,1
0.868686868686869,0.888888888888889,1
0.868686868686869,0.898989898989899,1
0.868686868686869,0.909090909090909,1
0.868686868686869,0.919191919191919,1
0.868686868686869,0.929292929292929,1
0.868686868686869,0.939393939393939,1
0.868686868686869,0.94949494949495,1
0.868686868686869,0.95959595959596,1
0.868686868686869,0.96969696969697,1
0.868686868686869,0.97979797979798,1
0.868686868686869,0.98989898989899,1
0.868686868686869,1,1
0.878787878787879,0,-1
0.878787878787879,0.0101010101010101,-1
0.878787878787879,0.0202020202020202,-1
0.878787878787879,0.0303030303030303,-1
0.878787878787879,0.0404040404040404,-1
0.878787878787879,0.0505050505050505,-1
0.878787878787879,0.0606060606060606,1
0.878787878787879,0.0707070707070707,1
0.878787878787879,0.0808080808080808,1
0.878787878787879,0.0909090909090909,1
0.878787878787879,0.101010101010101,1
0.878787878787879,0.111111111111111,1
0.878787878787879,0.121212121212121,1
0.878787878787879,0.131313131313131,1
0.878787878787879,0.141414141414141,1
0.878787878787879,0.151515151515152,1
0.878787878787879,0.161616161616162,1
0.878787878787879,0.171717171717172,1
0.878787878787879,0.181818181818182,1
0.878787878787879,0.191919191919192,1
0.878787878787879,0.202020202020202,1
0.878787878787879,0.212121212121212,1
0.878787878787879,0.222222222222222,1
0.878787878787879,0.232323232323232,1
0.878787878787879,0.242424242424242,1
0.878787878787879,0.252525252525253,1
0.878787878787879,0.262626262626263,1
0.878787878787879,0.272727272727273,1
0.878787878787879,0.282828282828283,1
0.878787878787879,0.292929292929293,1
0.878787878787879,0.303030303030303,1
0.878787878787879,0.313131313131313,1
0.878787878787879,0.323232323232323,1
0.878787878787879,0.333333333333333,1
0.878787878787879,0.343434343434343,1
0.878787878787879,0.353535353535354,1
0.878787878787879,0.363636363636364,1
0.878787878787879,0.373737373737374,1
0.878787878787879,0.383838383838384,1
0.878787878787879,0.393939393939394,1
0.878787878787879,0.404040404040404,1
0.878787878787879,0.414141414141414,1
0.878787878787879,0.424242424242424,1
0.878787878787879,0.434343434343434,1
0.878787878787879,0.444444444444444,1
0.878787878787879,0.454545454545455,1
0.878787878787879,0.464646464646465,1
0.878787878787879,0.474747474747475,1
0.878787878787879,0.484848484848485,1
0.878787878787879,0.494949494949495,1
0.878787878787879,0.505050505050505,1
0.878787878787879,0.515151515151515,1
0.878787878787879,0.525252525252525,1
0.878787878787879,0.535353535353535,1
0.878787878787879,0.545454545454545,1
0.878787878787879,0.555555555555556,1
0.878787878787879,0.565656565656566,1
0.878787878787879,0.575757575757576,1
0.878787878787879,0.585858585858586,1
0.878787878787879,0.595959595959596,1
0.878787878787879,0.606060606060606,1
0.878787878787879,0.616161616161616,1
0.878787878787879,0.626262626262626,1
0.878787878787879,0.636363636363636,1
0.878787878787879,0.646464646464647,1
0.878787878787879,0.656565656565657,1
0.878787878787879,0.666666666666667,1
0.878787878787879,0.676767676767677,1
0.878787878787879,0.686868686868687,1
0.878787878787879,0.696969696969697,1
0.878787878787879,0.707070707070707,1
0.878787878787879,0.717171717171717,1
0.878787878787879,0.727272727272727,1
0.878787878787879,0.737373737373737,1
0.878787878787879,0.747474747474748,1
0.878787878787879,0.757575757575758,1
0.878787878787879,0.767676767676768,1
0.878787878787879,0.777777777777778,1
0.878787878787879,0.787878787878788,1
0.878787878787879,0.797979797979798,1
0.878787878787879,0.808080808080808,1
0.878787878787879,0.818181818181818,1
0.878787878787879,0.828282828282828,1
0.878787878787879,0.838383838383838,1
0.878787878787879,0.848484848484849,1
0.878787878787879,0.858585858585859,1
0.878787878787879,0.868686868686869,1
0.878787878787879,0.878787878787879,1
0.878787878787879,0.888888888888889,1
0.878787878787879,0.898989898989899,1
0.878787878787879,0.909090909090909,1
0.878787878787879,0.919191919191919,1
0.878787878787879,0.929292929292929,1
0.878787878787879,0.939393939393939,1
0.878787878787879,0.94949494949495,1
0.878787878787879,0.95959595959596,1
0.878787878787879,0.96969696969697,1
0.878787878787879,0.97979797979798,1
0.878787878787879,0.98989898989899,1
0.878787878787879,1,1
0.888888888888889,0,-1
0.888888888888889,0.0101010101010101,-1
0.888888888888889,0.0202020202020202,-1
0.888888888888889,0.0303030303030303,-1
0.888888888888889,0.0404040404040404,-1
0.888888888888889,0.0505050505050505,-1
0.888888888888889,0.0606060606060606,-1
0.888888888888889,0.0707070707070707,1
0.888888888888889,0.0808080808080808,1
0.888888888888889,0.0909090909090909,1
0.888888888888889,0.101010101010101,1
0.888888888888889,0.111111111111111,1
0.888888888888889,0.121212121212121,1
0.888888888888889,0.131313131313131,1
0.888888888888889,0.141414141414141,1
0.888888888888889,0.151515151515152,1
0.888888888888889,0.161616161616162,1
0.888888888888889,0.171717171717172,1
0.888888888888889,0.181818181818182,1
0.888888888888889,0.191919191919192,1
0.888888888888889,0.202020202020202,1
0.888888888888889,0.212121212121212,1
0.888888888888889,0.222222222222222,1
0.888888888888889,0.232323232323232,1
0.888888888888889,0.242424242424242,1
0.888888888888889,0.252525252525253,1
0.888888888888889,0.262626262626263,1
0.888888888888889,0.272727272727273,1
0.888888888888889,0.282828282828283,1
0.888888888888889,0.292929292929293,1
0.888888888888889,0.303030303030303,1
0.888888888888889,0.313131313131313,1
0.888888888888889,0.323232323232323,1
0.888888888888889,0.333333333333333,1
0.888888888888889,0.343434343434343,1
0.888888888888889,0.353535353535354,1
0.888888888888889,0.363636363636364,1
0.888888888888889,0.373737373737374,1
0.888888888888889,0.383838383838384,1
0.888888888888889,0.393939393939394,1
0.888888888888889,0.404040404040404,1
0.888888888888889,0.414141414141414,1
0.888888888888889,0.424242424242424,1
0.888888888888889,0.434343434343434,1
0.888888888888889,0.444444444444444,1
0.888888888888889,0.454545454545455,1
0.888888888888889,0.464646464646465,1
0.888888888888889,0.474747474747475,1
0.888888888888889,0.484848484848485,1
0.888888888888889,0.494949494949495,1
0.888888888888889,0.505050505050505,1
0.888888888888889,0.515151515151515,1
0.888888888888889,0.525252525252525,1
0.888888888888889,0.535353535353535,1
0.888888888888889,0.545454545454545,1
0.888888888888889,0.555555555555556,1
0.888888888888889,0.565656565656566,1
0.888888888888889,0.575757575757576,1
0.888888888888889,0.585858585858586,1
0.888888888888889,0.595959595959596,1
0.888888888888889,0.606060606060606,1
0.888888888888889,0.616161616161616,1
0.888888888888889,0.626262626262626,1
0.888888888888889,0.636363636363636,1
0.888888888888889,0.646464646464647,1
0.888888888888889,0.656565656565657,1
0.888888888888889,0.666666666666667,1
0.888888888888889,0.676767676767677,1
0.888888888888889,0.686868686868687,1
0.888888888888889,0.696969696969697,1
0.888888888888889,0.707070707070707,1
0.888888888888889,0.717171717171717,1
0.888888888888889,0.727272727272727,1
0.888888888888889,0.737373737373737,1
0.888888888888889,0.747474747474748,1
0.888888888888889,0.757575757575758,1
0.888888888888889,0.767676767676768,1
0.888888888888889,0.777777777777778,1
0.888888888888889,0.787878787878788,1
0.888888888888889,0.797979797979798,1
0.888888888888889,0.808080808080808,1
0.888888888888889,0.818181818181818,1
0.888888888888889,0.828282828282828,1
0.888888888888889,0.838383838383838,1
0.888888888888889,0.848484848484849,1
0.888888888888889,0.858585858585859,1
0.888888888888889,0.868686868686869,1
0.888888888888889,0.878787878787879,1
0.888888888888889,0.888888888888889,1
0.888888888888889,0.898989898989899,1
0.888888888888889,0.909090909090909,1
0.888888888888889,0.919191919191919,1
0.888888888888889,0.929292929292929,1
0.888888888888889,0.939393939393939,1
0.888888888888889,0.94949494949495,1
0.888888888888889,0.95959595959596,1
0.888888888888889,0.96969696969697,1
0.888888888888889,0.97979797979798,1
0.888888888888889,0.98989898989899,1
0.888888888888889,1,1
0.898989898989899,0,-1
0.898989898989899,0.0101010101010101,-1
0.898989898989899,0.0202020202020202,-1
0.898989898989899,0.0303030303030303,-1
0.898989898989899,0.0404040404040404,-1
0.898989898989899,0.0505050505050505,-1
0.898989898989899,0.0606060606060606,-1
0.898989898989899,0.0707070707070707,1
0.898989898989899,0.0808080808080808,1
0.898989898989899,0.0909090909090909,1
0.898989898989899,0.101010101010101,1
0.898989898989899,0.111111111111111,1
0.898989898989899,0.121212121212121,1
0.898989898989899,0.131313131313131,1
0.898989898989899,0.141414141414141,1
0.898989898989899,0.151515151515152,1
0.898989898989899,0.161616161616162,1
0.898989898989899,0.171717171717172,1
0.898989898989899,0.181818181818182,1
0.898989898989899,0.191919191919192,1
0.898989898989899,0.202020202020202,1
0.898989898989899,0.212121212121212,1
0.898989898989899,0.222222222222222,1
0.898989898989899,0.232323232323232,1
0.898989898989899,0.242424242424242,1
0.898989898989899,0.252525252525253,1
0.898989898989899,0.262626262626263,1
0.898989898989899,0.272727272727273,1
0.898989898989899,0.282828282828283,1
0.898989898989899,0.292929292929293,1
0.898989898989899,0.303030303030303,1
0.898989898989899,0.313131313131313,1
0.898989898989899,0.323232323232323,1
0.898989898989899,0.333333333333333,1
0.898989898989899,0.343434343434343,1
0.898989898989899,0.353535353535354,1
0.898989898989899,0.363636363636364,1
0.898989898989899,0.373737373737374,1
0.898989898989899,0.383838383838384,1
0.898989898989899,0.393939393939394,1
0.898989898989899,0.404040404040404,1
0.898989898989899,0.414141414141414,1
0.898989898989899,0.424242424242424,1
0.898989898989899,0.434343434343434,1
0.898989898989899,0.444444444444444,1
0.898989898989899,0.454545454545455,1
0.898989898989899,0.464646464646465,1
0.898989898989899,0.474747474747475,1
0.898989898989899,0.484848484848485,1
0.898989898989899,0.494949494949495,1
0.898989898989899,0.505050505050505,1
0.898989898989899,0.515151515151515,1
0.898989898989899,0.525252525252525,1
0.898989898989899,0.535353535353535,1
0.898989898989899,0.545454545454545,1
0.898989898989899,0.555555555555556,1
0.898989898989899,0.565656565656566,1
0.898989898989899,0.575757575757576,1
0.898989898989899,0.585858585858586,1
0.898989898989899,0.595959595959596,1
0.898989898989899,0.606060606060606,1
0.898989898989899,0.616161616161616,1
0.898989898989899,0.626262626262626,1
0.898989898989899,0.636363636363636,1
0.898989898989899,0.646464646464647,1
0.898989898989899,0.656565656565657,1
0.898989898989899,0.666666666666667,1
0.898989898989899,0.676767676767677,1
0.898989898989899,0.686868686868687,1
0.898989898989899,0.696969696969697,1
0.898989898989899,0.707070707070707,1
0.898989898989899,0.717171717171717,1
0.898989898989899,0.727272727272727,1
0.898989898989899,0.737373737373737,1
0.898989898989899,0.747474747474748,1
0.898989898989899,0.757575757575758,1
0.898989898989899,0.767676767676768,1
0.898989898989899,0.777777777777778,1
0.898989898989899,0.787878787878788,1
0.898989898989899,0.797979797979798,1
0.898989898989899,0.808080808080808,1
0.898989898989899,0.818181818181818,1
0.898989898989899,0.828282828282828,1
0.898989898989899,0.838383838383838,1
0.898989898989899,0.848484848484849,1
0.898989898989899,0.858585858585859,1
0.898989898989899,0.868686868686869,1
0.898989898989899,0.878787878787879,1
0.898989898989899,0.888888888888889,1
0.898989898989899,0.898989898989899,1
0.898989898989899,0.909090909090909,1
0.898989898989899,0.919191919191919,1
0.898989898989899,0.929292929292929,1
0.898989898989899,0.939393939393939,1
0.898989898989899,0.94949494949495,1
0.898989898989899,0.95959595959596,1
0.898989898989899,0.96969696969697,1
0.898989898989899,0.97979797979798,1
0.898989898989899,0.98989898989899,1
0.898989898989899,1,1
0.909090909090909,0,-1
0.909090909090909,0.0101010101010101,-1
0.909090909090909,0.0202020202020202,-1
0.909090909090909,0.0303030303030303,-1
0.909090909090909,0.0404040404040404,-1
0.909090909090909,0.0505050505050505,-1
0.909090909090909,0.0606060606060606,-1
0.909090909090909,0.0707070707070707,1
0.909090909090909,0.0808080808080808,1
0.909090909090909,0.0909090909090909,1
0.909090909090909,0.101010101010101,1
0.909090909090909,0.111111111111111,1
0.909090909090909,0.121212121212121,1
0.909090909090909,0.131313131313131,1
0.909090909090909,0.141414141414141,1
0.909090909090909,0.151515151515152,1
0.909090909090909,0.161616161616162,1
0.909090909090909,0.171717171717172,1
0.909090909090909,0.181818181818182,1
0.909090909090909,0.191919191919192,1
0.909090909090909,0.202020202020202,1
0.909090909090909,0.212121212121212,1
0.909090909090909,0.222222222222222,1
0.909090909090909,0.232323232323232,1
0.909090909090909,0.242424242424242,1
0.909090909090909,0.252525252525253,1
0.909090909090909,0.262626262626263,1
0.909090909090909,0.272727272727273,1
0.909090909090909,0.282828282828283,1
0.909090909090909,0.292929292929293,1
0.909090909090909,0.303030303030303,1
0.909090909090909,0.313131313131313,1
0.909090909090909,0.323232323232323,1
0.909090909090909,0.333333333333333,1
0.909090909090909,0.343434343434343,1
0.909090909090909,0.353535353535354,1
0.909090909090909,0.363636363636364,1
0.909090909090909,0.373737373737374,1
0.909090909090909,0.383838383838384,1
0.909090909090909,0.393939393939394,1
0.909090909090909,0.404040404040404,1
0.909090909090909,0.414141414141414,1
0.909090909090909,0.424242424242424,1
0.909090909090909,0.434343434343434,1
0.909090909090909,0.444444444444444,1
0.909090909090909,0.454545454545455,1
0.909090909090909,0.464646464646465,1
0.909090909090909,0.474747474747475,1
0.909090909090909,0.484848484848485,1
0.909090909090909,0.494949494949495,1
0.909090909090909,0.505050505050505,1
0.909090909090909,0.515151515151515,1
0.909090909090909,0.525252525252525,1
0.909090909090909,0.535353535353535,1
0.909090909090909,0.545454545454545,1
0.909090909090909,0.555555555555556,1
0.909090909090909,0.565656565656566,1
0.909090909090909,0.575757575757576,1
0.909090909090909,0.585858585858586,1
0.909090909090909,0.595959595959596,1
0.909090909090909,0.606060606060606,1
0.909090909090909,0.616161616161616,1
0.909090909090909,0.626262626262626,1
0.909090909090909,0.636363636363636,1
0.909090909090909,0.646464646464647,1
0.909090909090909,0.656565656565657,1
0.909090909090909,0.666666666666667,1
0.909090909090909,0.676767676767677,1
0.909090909090909,0.686868686868687,1
0.909090909090909,0.696969696969697,1
0.909090909090909,0.707070707070707,1
0.909090909090909,0.717171717171717,1
0.909090909090909,0.727272727272727,1
0.909090909090909,0.737373737373737,1
0.909090909090909,0.747474747474748,1
0.909090909090909,0.757575757575758,1
0.909090909090909,0.767676767676768,1
0.909090909090909,0.777777777777778,1
0.909090909090909,0.787878787878788,1
0.909090909090909,0.797979797979798,1
0.909090909090909,0.808080808080808,1
0.909090909090909,0.818181818181818,1
0.909090909090909,0.828282828282828,1
0.909090909090909,0.838383838383838,1
0.909090909090909,0.848484848484849,1
0.909090909090909,0.858585858585859,1
0.909090909090909,0.868686868686869,1
0.909090909090909,0.878787878787879,1
0.909090909090909,0.888888888888889,1
0.909090909090909,0.898989898989899,1
0.909090909090909,0.909090909090909,1
0.909090909090909,0.919191919191919,1
0.909090909090909,0.929292929292929,1
0.909090909090909,0.939393939393939,1
0.909090909090909,0.94949494949495,1
0.909090909090909,0.95959595959596,1
0.909090909090909,0.96969696969697,1
0.909090909090909,0.97979797979798,1
0.909090909090909,0.98989898989899,1
0.909090909090909,1,1
0.919191919191919,0,-1
0.919191919191919,0.0101010101010101,-1
0.919191919191919,0.0202020202020202,-1
0.919191919191919,0.0303030303030303,-1
0.919191919191919,0.0404040404040404,-1
0.919191919191919,0.0505050505050505,-1
0.919191919191919,0.0606060606060606,-1
0.919191919191919,0.0707070707070707,1
0.919191919191919,0.0808080808080808,1
0.919191919191919,0.0909090909090909,1
0.919191919191919,0.101010101010101,1
0.919191919191919,0.111111111111111,1
0.919191919191919,0.121212121212121,1
0.919191919191919,0.131313131313131,1
0.919191919191919,0.141414141414141,1
0.919191919191919,0.151515151515152,1
0.919191919191919,0.161616161616162,1
0.919191919191919,0.171717171717172,1
0.919191919191919,0.181818181818182,1
0.919191919191919,0.191919191919192,1
0.919191919191919,0.202020202020202,1
0.919191919191919,0.212121212121212,1
0.919191919191919,0.222222222222222,1
0.919191919191919,0.232323232323232,1
0.919191919191919,0.242424242424242,1
0.919191919191919,0.252525252525253,1
0.919191919191919,0.262626262626263,1
0.919191919191919,0.272727272727273,1
0.919191919191919,0.282828282828283,1
0.919191919191919,0.292929292929293,1
0.919191919191919,0.303030303030303,1
0.919191919191919,0.313131313131313,1
0.919191919191919,0.323232323232323,1
0.919191919191919,0.333333333333333,1
0.919191919191919,0.343434343434343,1
0.919191919191919,0.353535353535354,1
0.919191919191919,0.363636363636364,1
0.919191919191919,0.373737373737374,1
0.919191919191919,0.383838383838384,1
0.919191919191919,0.393939393939394,1
0.919191919191919,0.404040404040404,1
0.919191919191919,0.414141414141414,1
0.919191919191919,0.424242424242424,1
0.919191919191919,0.434343434343434,1
0.919191919191919,0.444444444444444,1
0.919191919191919,0.454545454545455,1
0.919191919191919,0.464646464646465,1
0.919191919191919,0.474747474747475,1
0.919191919191919,0.484848484848485,1
0.919191919191919,0.494949494949495,1
0.919191919191919,0.505050505050505,1
0.919191919191919,0.515151515151515,1
0.919191919191919,0.525252525252525,1
0.919191919191919,0.535353535353535,1
0.919191919191919,0.545454545454545,1
0.919191919191919,0.555555555555556,1
0.919191919191919,0.565656565656566,1
0.919191919191919,0.575757575757576,1
0.919191919191919,0.585858585858586,1
0.919191919191919,0.595959595959596,1
0.919191919191919,0.606060606060606,1
0.919191919191919,0.616161616161616,1
0.919191919191919,0.626262626262626,1
0.919191919191919,0.636363636363636,1
0.919191919191919,0.646464646464647,1
0.919191919191919,0.656565656565657,1
0.919191919191919,0.666666666666667,1
0.919191919191919,0.676767676767677,1
0.919191919191919,0.686868686868687,1
0.919191919191919,0.696969696969697,1
0.919191919191919,0.707070707070707,1
0.919191919191919,0.717171717171717,1
0.919191919191919,0.727272727272727,1
0.919191919191919,0.737373737373737,1
0.919191919191919,0.747474747474748,1
0.919191919191919,0.757575757575758,1
0.919191919191919,0.767676767676768,1
0.919191919191919,0.777777777777778,1
0.919191919191919,0.787878787878788,1
0.919191919191919,0.797979797979798,1
0.919191919191919,0.808080808080808,1
0.919191919191919,0.818181818181818,1
0.919191919191919,0.828282828282828,1
0.919191919191919,0.838383838383838,1
0.919191919191919,0.848484848484849,1
0.919191919191919,0.858585858585859,1
0.919191919191919,0.868686868686869,1
0.919191919191919,0.878787878787879,1
0.919191919191919,0.888888888888889,1
0.919191919191919,0.898989898989899,1
0.919191919191919,0.909090909090909,1
0.919191919191919,0.919191919191919,1
0.919191919191919,0.929292929292929,1
0.919191919191919,0.939393939393939,1
0.919191919191919,0.94949494949495,1
0.919191919191919,0.95959595959596,1
0.919191919191919,0.96969696969697,1
0.919191919191919,0.97979797979798,1
0.919191919191919,0.98989898989899,1
0.919191919191919,1,1
0.929292929292929,0,-1
0.929292929292929,0.0101010101010101,-1
0.929292929292929,0.0202020202020202,-1
0.929292929292929,0.0303030303030303,-1
0.929292929292929,0.0404040404040404,-1
0.929292929292929,0.0505050505050505,-1
0.929292929292929,0.0606060606060606,-1
0.929292929292929,0.0707070707070707,-1
0.929292929292929,0.0808080808080808,1
0.929292929292929,0.0909090909090909,1
0.929292929292929,0.101010101010101,1
0.929292929292929,0.111111111111111,1
0.929292929292929,0.121212121212121,1
0.929292929292929,0.131313131313131,1
0.929292929292929,0.141414141414141,1
0.929292929292929,0.151515151515152,1
0.929292929292929,0.161616161616162,1
0.929292929292929,0.171717171717172,1
0.929292929292929,0.181818181818182,1
0.929292929292929,0.191919191919192,1
0.929292929292929,0.202020202020202,1
0.929292929292929,0.212121212121212,1
0.929292929292929,0.222222222222222,1
0.929292929292929,0.232323232323232,1
0.929292929292929,0.242424242424242,1
0.929292929292929,0.252525252525253,1
0.929292929292929,0.262626262626263,1
0.929292929292929,0.272727272727273,1
0.929292929292929,0.282828282828283,1
0.929292929292929,0.292929292929293,1
0.929292929292929,0.303030303030303,1
0.929292929292929,0.313131313131313,1
0.929292929292929,0.323232323232323,1
0.929292929292929,0.333333333333333,1
0.929292929292929,0.343434343434343,1
0.929292929292929,0.353535353535354,1
0.929292929292929,0.363636363636364,1
0.929292929292929,0.373737373737374,1
0.929292929292929,0.383838383838384,1
0.929292929292929,0.393939393939394,1
0.929292929292929,0.404040404040404,1
0.929292929292929,0.414141414141414,1
0.929292929292929,0.424242424242424,1
0.929292929292929,0.434343434343434,1
0.929292929292929,0.444444444444444,1
0.929292929292929,0.454545454545455,1
0.929292929292929,0.464646464646465,1
0.929292929292929,0.474747474747475,1
0.929292929292929,0.484848484848485,1
0.929292929292929,0.494949494949495,1
0.929292929292929,0.505050505050505,1
0.929292929292929,0.515151515151515,1
0.929292929292929,0.525252525252525,1
0.929292929292929,0.535353535353535,1
0.929292929292929,0.545454545454545,1
0.929292929292929,0.555555555555556,1
0.929292929292929,0.565656565656566,1
0.929292929292929,0.575757575757576,1
0.929292929292929,0.585858585858586,1
0.929292929292929,0.595959595959596,1
0.929292929292929,0.606060606060606,1
0.929292929292929,0.616161616161616,1
0.929292929292929,0.626262626262626,1
0.929292929292929,0.636363636363636,1
0.929292929292929,0.646464646464647,1
0.929292929292929,0.656565656565657,1
0.929292929292929,0.666666666666667,1
0.929292929292929,0.676767676767677,1
0.929292929292929,0.686868686868687,1
0.929292929292929,0.696969696969697,1
0.929292929292929,0.707070707070707,1
0.929292929292929,0.717171717171717,1
0.929292929292929,0.727272727272727,1
0.929292929292929,0.737373737373737,1
0.929292929292929,0.747474747474748,1
0.929292929292929,0.757575757575758,1
0.929292929292929,0.767676767676768,1
0.929292929292929,0.777777777777778,1
0.929292929292929,0.787878787878788,1
0.929292929292929,0.797979797979798,1
0.929292929292929,0.808080808080808,1
0.929292929292929,0.818181818181818,1
0.929292929292929,0.828282828282828,1
0.929292929292929,0.838383838383838,1
0.929292929292929,0.848484848484849,1
0.929292929292929,0.858585858585859,1
0.929292929292929,0.868686868686869,1
0.929292929292929,0.878787878787879,1
0.929292929292929,0.888888888888889,1
0.929292929292929,0.898989898989899,1
0.929292929292929,0.909090909090909,1
0.929292929292929,0.919191919191919,1
0.929292929292929,0.929292929292929,1
0.929292929292929,0.939393939393939,1
0.929292929292929,0.94949494949495,1
0.929292929292929,0.95959595959596,1
0.929292929292929,0.96969696969697,1
0.929292929292929,0.97979797979798,1
0.929292929292929,0.98989898989899,1
0.929292929292929,1,1
0.939393939393939,0,-1
0.939393939393939,0.0101010101010101,-1
0.939393939393939,0.0202020202020202,-1
0.939393939393939,0.0303030303030303,-1
0.939393939393939,0.0404040404040404,-1
0.939393939393939,0.0505050505050505,-1
0.939393939393939,0.0606060606060606,-1
0.939393939393939,0.0707070707070707,-1
0.939393939393939,0.0808080808080808,1
0.939393939393939,0.0909090909090909,1
0.939393939393939,0.101010101010101,1
0.939393939393939,0.111111111111111,1
0.939393939393939,0.121212121212121,1
0.939393939393939,0.131313131313131,1
0.939393939393939,0.141414141414141,1
0.939393939393939,0.151515151515152,1
0.939393939393939,0.161616161616162,1
0.939393939393939,0.171717171717172,1
0.939393939393939,0.181818181818182,1
0.939393939393939,0.191919191919192,1
0.939393939393939,0.202020202020202,1
0.939393939393939,0.212121212121212,1
0.939393939393939,0.222222222222222,1
0.939393939393939,0.232323232323232,1
0.939393939393939,0.242424242424242,1
0.939393939393939,0.252525252525253,1
0.939393939393939,0.262626262626263,1
0.939393939393939,0.272727272727273,1
0.939393939393939,0.282828282828283,1
0.939393939393939,0.292929292929293,1
0.939393939393939,0.303030303030303,1
0.939393939393939,0.313131313131313,1
0.939393939393939,0.323232323232323,1
0.939393939393939,0.333333333333333,1
0.939393939393939,0.343434343434343,1
0.939393939393939,0.353535353535354,1
0.939393939393939,0.363636363636364,1
0.939393939393939,0.373737373737374,1
0.939393939393939,0.383838383838384,1
0.939393939393939,0.393939393939394,1
0.939393939393939,0.404040404040404,1
0.939393939393939,0.414141414141414,1
0.939393939393939,0.424242424242424,1
0.939393939393939,0.434343434343434,1
0.939393939393939,0.444444444444444,1
0.939393939393939,0.454545454545455,1
0.939393939393939,0.464646464646465,1
0.939393939393939,0.474747474747475,1
0.939393939393939,0.484848484848485,1
0.939393939393939,0.494949494949495,1
0.939393939393939,0.505050505050505,1
0.939393939393939,0.515151515151515,1
0.939393939393939,0.525252525252525,1
0.939393939393939,0.535353535353535,1
0.939393939393939,0.545454545454545,1
0.939393939393939,0.555555555555556,1
0.939393939393939,0.565656565656566,1
0.939393939393939,0.575757575757576,1
0.939393939393939,0.585858585858586,1
0.939393939393939,0.595959595959596,1
0.939393939393939,0.606060606060606,1
0.939393939393939,0.616161616161616,1
0.939393939393939,0.626262626262626,1
0.939393939393939,0.636363636363636,1
0.939393939393939,0.646464646464647,1
0.939393939393939,0.656565656565657,1
0.939393939393939,0.666666666666667,1
0.939393939393939,0.676767676767677,1
0.939393939393939,0.686868686868687,1
0.939393939393939,0.696969696969697,1
0.939393939393939,0.707070707070707,1
0.939393939393939,0.717171717171717,1
0.939393939393939,0.727272727272727,1
0.939393939393939,0.737373737373737,1
0.939393939393939,0.747474747474748,1
0.939393939393939,0.757575757575758,1
0.939393939393939,0.767676767676768,1
0.939393939393939,0.777777777777778,1
0.939393939393939,0.787878787878788,1
0.939393939393939,0.797979797979798,1
0.939393939393939,0.808080808080808,1
0.939393939393939,0.818181818181818,1
0.939393939393939,0.828282828282828,1
0.939393939393939,0.838383838383838,1
0.939393939393939,0.848484848484849,1
0.939393939393939,0.858585858585859,1
0.939393939393939,0.868686868686869,1
0.939393939393939,0.878787878787879,1
0.939393939393939,0.888888888888889,1
0.939393939393939,0.898989898989899,1
0.939393939393939,0.909090909090909,1
0.939393939393939,0.919191919191919,1
0.939393939393939,0.929292929292929,1
0.939393939393939,0.939393939393939,1
0.939393939393939,0.94949494949495,1
0.939393939393939,0.95959595959596,1
0.939393939393939,0.96969696969697,1
0.939393939393939,0.97979797979798,1
0.939393939393939,0.98989898989899,1
0.939393939393939,1,1
0.94949494949495,0,-1
0.94949494949495,0.0101010101010101,-1
0.94949494949495,0.0202020202020202,-1
0.94949494949495,0.0303030303030303,-1
0.94949494949495,0.0404040404040404,-1
0.94949494949495,0.0505050505050505,-1
0.94949494949495,0.0606060606060606,-1
0.94949494949495,0.0707070707070707,-1
0.94949494949495,0.0808080808080808,-1
0.94949494949495,0.0909090909090909,1
0.94949494949495,0.101010101010101,1
0.94949494949495,0.111111111111111,1
0.94949494949495,0.121212121212121,1
0.94949494949495,0.131313131313131,1
0.94949494949495,0.141414141414141,1
0.94949494949495,0.151515151515152,1
0.94949494949495,0.161616161616162,1
0.94949494949495,0.171717171717172,1
0.94949494949495,0.181818181818182,1
0.94949494949495,0.191919191919192,1
0.94949494949495,0.202020202020202,1
0.94949494949495,0.212121212121212,1
0.94949494949495,0.222222222222222,1
0.94949494949495,0.232323232323232,1
0.94949494949495,0.242424242424242,1
0.94949494949495,0.252525252525253,1
0.94949494949495,0.262626262626263,1
0.94949494949495,0.272727272727273,1
0.94949494949495,0.282828282828283,1
0.94949494949495,0.292929292929293,1
0.94949494949495,0.303030303030303,1
0.94949494949495,0.313131313131313,1
0.94949494949495,0.323232323232323,1
0.94949494949495,0.333333333333333,1
0.94949494949495,0.343434343434343,1
0.94949494949495,0.353535353535354,1
0.94949494949495,0.363636363636364,1
0.94949494949495,0.373737373737374,1
0.94949494949495,0.383838383838384,1
0.94949494949495,0.393939393939394,1
0.94949494949495,0.404040404040404,1
0.94949494949495,0.414141414141414,1
0.94949494949495,0.424242424242424,1
0.94949494949495,0.434343434343434,1
0.94949494949495,0.444444444444444,1
0.94949494949495,0.454545454545455,1
0.94949494949495,0.464646464646465,1
0.94949494949495,0.474747474747475,1
0.94949494949495,0.484848484848485,1
0.94949494949495,0.494949494949495,1
0.94949494949495,0.505050505050505,1
0.94949494949495,0.515151515151515,1
0.94949494949495,0.525252525252525,1
0.94949494949495,0.535353535353535,1
0.94949494949495,0.545454545454545,1
0.94949494949495,0.555555555555556,1
0.94949494949495,0.565656565656566,1
0.94949494949495,0.575757575757576,1
0.94949494949495,0.585858585858586,1
0.94949494949495,0.595959595959596,1
0.94949494949495,0.606060606060606,1
0.94949494949495,0.616161616161616,1
0.94949494949495,0.626262626262626,1
0.94949494949495,0.636363636363636,1
0.94949494949495,0.646464646464647,1
0.94949494949495,0.656565656565657,1
0.94949494949495,0.666666666666667,1
0.94949494949495,0.676767676767677,1
0.94949494949495,0.686868686868687,1
0.94949494949495,0.696969696969697,1
0.94949494949495,0.707070707070707,1
0.94949494949495,0.717171717171717,1
0.94949494949495,0.727272727272727,1
0.94949494949495,0.737373737373737,1
0.94949494949495,0.747474747474748,1
0.94949494949495,0.757575757575758,1
0.94949494949495,0.767676767676768,1
0.94949494949495,0.777777777777778,1
0.94949494949495,0.787878787878788,1
0.94949494949495,0.797979797979798,1
0.94949494949495,0.808080808080808,1
0.94949494949495,0.818181818181818,1
0.94949494949495,0.828282828282828,1
0.94949494949495,0.838383838383838,1
0.94949494949495,0.848484848484849,1
0.94949494949495,0.858585858585859,1
0.94949494949495,0.868686868686869,1
0.94949494949495,0.878787878787879,1
0.94949494949495,0.888888888888889,1
0.94949494949495,0.898989898989899,1
0.94949494949495,0.909090909090909,1
0.94949494949495,0.919191919191919,1
0.94949494949495,0.929292929292929,1
0.94949494949495,0.939393939393939,1
0.94949494949495,0.94949494949495,1
0.94949494949495,0.95959595959596,1
0.94949494949495,0.96969696969697,1
0.94949494949495,0.97979797979798,1
0.94949494949495,0.98989898989899,1
0.94949494949495,1,1
0.95959595959596,0,-1
0.95959595959596,0.0101010101010101,-1
0.95959595959596,0.0202020202020202,-1
0.95959595959596,0.0303030303030303,-1
0.95959595959596,0.0404040404040404,-1
0.95959595959596,0.0505050505050505,-1
0.95959595959596,0.0606060606060606,-1
0.95959595959596,0.0707070707070707,-1
0.95959595959596,0.0808080808080808,-1
0.95959595959596,0.0909090909090909,1
0.95959595959596,0.101010101010101,1
0.95959595959596,0.111111111111111,1
0.95959595959596,0.121212121212121,1
0.95959595959596,0.131313131313131,1
0.95959595959596,0.141414141414141,1
0.95959595959596,0.151515151515152,1
0.95959595959596,0.161616161616162,1
0.95959595959596,0.171717171717172,1
0.95959595959596,0.181818181818182,1
0.95959595959596,0.191919191919192,1
0.95959595959596,0.202020202020202,1
0.95959595959596,0.212121212121212,1
0.95959595959596,0.222222222222222,1
0.95959595959596,0.232323232323232,1
0.95959595959596,0.242424242424242,1
0.95959595959596,0.252525252525253,1
0.95959595959596,0.262626262626263,1
0.95959595959596,0.272727272727273,1
0.95959595959596,0.282828282828283,1
0.95959595959596,0.292929292929293,1
0.95959595959596,0.303030303030303,1
0.95959595959596,0.313131313131313,1
0.95959595959596,0.323232323232323,1
0.95959595959596,0.333333333333333,1
0.95959595959596,0.343434343434343,1
0.95959595959596,0.353535353535354,1
0.95959595959596,0.363636363636364,1
0.95959595959596,0.373737373737374,1
0.95959595959596,0.383838383838384,1
0.95959595959596,0.393939393939394,1
0.95959595959596,0.404040404040404,1
0.95959595959596,0.414141414141414,1
0.95959595959596,0.424242424242424,1
0.95959595959596,0.434343434343434,1
0.95959595959596,0.444444444444444,1
0.95959595959596,0.454545454545455,1
0.95959595959596,0.464646464646465,1
0.95959595959596,0.474747474747475,1
0.95959595959596,0.484848484848485,1
0.95959595959596,0.494949494949495,1
0.95959595959596,0.505050505050505,1
0.95959595959596,0.515151515151515,1
0.95959595959596,0.525252525252525,1
0.95959595959596,0.535353535353535,1
0.95959595959596,0.545454545454545,1
0.95959595959596,0.555555555555556,1
0.95959595959596,0.565656565656566,1
0.95959595959596,0.575757575757576,1
0.95959595959596,0.585858585858586,1
0.95959595959596,0.595959595959596,1
0.95959595959596,0.606060606060606,1
0.95959595959596,0.616161616161616,1
0.95959595959596,0.626262626262626,1
0.95959595959596,0.636363636363636,1
0.95959595959596,0.646464646464647,1
0.95959595959596,0.656565656565657,1
0.95959595959596,0.666666666666667,1
0.95959595959596,0.676767676767677,1
0.95959595959596,0.686868686868687,1
0.95959595959596,0.696969696969697,1
0.95959595959596,0.707070707070707,1
0.95959595959596,0.717171717171717,1
0.95959595959596,0.727272727272727,1
0.95959595959596,0.737373737373737,1
0.95959595959596,0.747474747474748,1
0.95959595959596,0.757575757575758,1
0.95959595959596,0.767676767676768,1
0.95959595959596,0.777777777777778,1
0.95959595959596,0.787878787878788,1
0.95959595959596,0.797979797979798,1
0.95959595959596,0.808080808080808,1
0.95959595959596,0.818181818181818,1
0.95959595959596,0.828282828282828,1
0.95959595959596,0.838383838383838,1
0.95959595959596,0.848484848484849,1
0.95959595959596,0.858585858585859,1
0.95959595959596,0.868686868686869,1
0.95959595959596,0.878787878787879,1
0.95959595959596,0.888888888888889,1
0.95959595959596,0.898989898989899,1
0.95959595959596,0.909090909090909,1
0.95959595959596,0.919191919191919,1
0.95959595959596,0.929292929292929,1
0.95959595959596,0.939393939393939,1
0.95959595959596,0.94949494949495,1
0.95959595959596,0.95959595959596,1
0.95959595959596,0.96969696969697,1
0.95959595959596,0.97979797979798,1
0.95959595959596,0.98989898989899,1
0.95959595959596,1,1
0.96969696969697,0,-1
0.96969696969697,0.0101010101010101,-1
0.96969696969697,0.0202020202020202,-1
0.96969696969697,0.0303030303030303,-1
0.96969696969697,0.0404040404040404,-1
0.96969696969697,0.0505050505050505,-1
0.96969696969697,0.0606060606060606,-1
0.96969696969697,0.0707070707070707,-1
0.96969696969697,0.0808080808080808,-1
0.96969696969697,0.0909090909090909,-1
0.96969696969697,0.101010101010101,1
0.96969696969697,0.111111111111111,1
0.96969696969697,0.121212121212121,1
0.96969696969697,0.131313131313131,1
0.96969696969697,0.141414141414141,1
0.96969696969697,0.151515151515152,1
0.96969696969697,0.161616161616162,1
0.96969696969697,0.171717171717172,1
0.96969696969697,0.181818181818182,1
0.96969696969697,0.191919191919192,1
0.96969696969697,0.202020202020202,1
0.96969696969697,0.212121212121212,1
0.96969696969697,0.222222222222222,1
0.96969696969697,0.232323232323232,1
0.96969696969697,0.242424242424242,1
0.96969696969697,0.252525252525253,1
0.96969696969697,0.262626262626263,1
0.96969696969697,0.272727272727273,1
0.96969696969697,0.282828282828283,1
0.96969696969697,0.292929292929293,1
0.96969696969697,0.303030303030303,1
0.96969696969697,0.313131313131313,1
0.96969696969697,0.323232323232323,1
0.96969696969697,0.333333333333333,1
0.96969696969697,0.343434343434343,1
0.96969696969697,0.353535353535354,1
0.96969696969697,0.363636363636364,1
0.96969696969697,0.373737373737374,1
0.96969696969697,0.383838383838384,1
0.96969696969697,0.393939393939394,1
0.96969696969697,0.404040404040404,1
0.96969696969697,0.414141414141414,1
0.96969696969697,0.424242424242424,1
0.96969696969697,0.434343434343434,1
0.96969696969697,0.444444444444444,1
0.96969696969697,0.454545454545455,1
0.96969696969697,0.464646464646465,1
0.96969696969697,0.474747474747475,1
0.96969696969697,0.484848484848485,1
0.96969696969697,0.494949494949495,1
0.96969696969697,0.505050505050505,1
0.96969696969697,0.515151515151515,1
0.96969696969697,0.525252525252525,1
0.96969696969697,0.535353535353535,1
0.96969696969697,0.545454545454545,1
0.96969696969697,0.555555555555556,1
0.96969696969697,0.565656565656566,1
0.96969696969697,0.575757575757576,1
0.96969696969697,0.585858585858586,1
0.96969696969697,0.595959595959596,1
0.96969696969697,0.606060606060606,1
0.96969696969697,0.616161616161616,1
0.96969696969697,0.626262626262626,1
0.96969696969697,0.636363636363636,1
0.96969696969697,0.646464646464647,1
0.96969696969697,0.656565656565657,1
0.96969696969697,0.666666666666667,1
0.96969696969697,0.676767676767677,1
0.96969696969697,0.686868686868687,1
0.96969696969697,0.696969696969697,1
0.96969696969697,0.707070707070707,1
0.96969696969697,0.717171717171717,1
0.96969696969697,0.727272727272727,1
0.96969696969697,0.737373737373737,1
0.96969696969697,0.747474747474748,1
0.96969696969697,0.757575757575758,1
0.96969696969697,0.767676767676768,1
0.96969696969697,0.777777777777778,1
0.96969696969697,0.787878787878788,1
0.96969696969697,0.797979797979798,1
0.96969696969697,0.808080808080808,1
0.96969696969697,0.818181818181818,1
0.96969696969697,0.828282828282828,1
0.96969696969697,0.838383838383838,1
0.96969696969697,0.848484848484849,1
0.96969696969697,0.858585858585859,1
0.96969696969697,0.868686868686869,1
0.96969696969697,0.878787878787879,1
0.96969696969697,0.888888888888889,1
0.96969696969697,0.898989898989899,1
0.96969696969697,0.909090909090909,1
0.96969696969697,0.919191919191919,1
0.96969696969697,0.929292929292929,1
0.96969696969697,0.939393939393939,1
0.96969696969697,0.94949494949495,1
0.96969696969697,0.95959595959596,1
0.96969696969697,0.96969696969697,1
0.96969696969697,0.97979797979798,1
0.96969696969697,0.98989898989899,1
0.96969696969697,1,1
0.97979797979798,0,-1
0.97979797979798,0.0101010101010101,-1
0.97979797979798,0.0202020202020202,-1
0.97979797979798,0.0303030303030303,-1
0.97979797979798,0.0404040404040404,-1
0.97979797979798,0.0505050505050505,-1
0.97979797979798,0.0606060606060606,-1
0.97979797979798,0.0707070707070707,-1
0.97979797979798,0.0808080808080808,-1
0.97979797979798,0.0909090909090909,-1
0.97979797979798,0.101010101010101,1
0.97979797979798,0.111111111111111,1
0.97979797979798,0.121212121212121,1
0.97979797979798,0.131313131313131,1
0.97979797979798,0.141414141414141,1
0.97979797979798,0.151515151515152,1
0.97979797979798,0.161616161616162,1
0.97979797979798,0.171717171717172,1
0.97979797979798,0.181818181818182,1
0.97979797979798,0.191919191919192,1
0.97979797979798,0.202020202020202,1
0.97979797979798,0.212121212121212,1
0.97979797979798,0.222222222222222,1
0.97979797979798,0.232323232323232,1
0.97979797979798,0.242424242424242,1
0.97979797979798,0.252525252525253,1
0.97979797979798,0.262626262626263,1
0.97979797979798,0.272727272727273,1
0.97979797979798,0.282828282828283,1
0.97979797979798,0.292929292929293,1
0.97979797979798,0.303030303030303,1
0.97979797979798,0.313131313131313,1
0.97979797979798,0.323232323232323,1
0.97979797979798,0.333333333333333,1
0.97979797979798,0.343434343434343,1
0.97979797979798,0.353535353535354,1
0.97979797979798,0.363636363636364,1
0.97979797979798,0.373737373737374,1
0.97979797979798,0.383838383838384,1
0.97979797979798,0.393939393939394,1
0.97979797979798,0.404040404040404,1
0.97979797979798,0.414141414141414,1
0.97979797979798,0.424242424242424,1
0.97979797979798,0.434343434343434,1
0.97979797979798,0.444444444444444,1
0.97979797979798,0.454545454545455,1
0.97979797979798,0.464646464646465,1
0.97979797979798,0.474747474747475,1
0.97979797979798,0.484848484848485,1
0.97979797979798,0.494949494949495,1
0.97979797979798,0.505050505050505,1
0.97979797979798,0.515151515151515,1
0.97979797979798,0.525252525252525,1
0.97979797979798,0.535353535353535,1
0.97979797979798,0.545454545454545,1
0.97979797979798,0.555555555555556,1
0.97979797979798,0.565656565656566,1
0.97979797979798,0.575757575757576,1
0.97979797979798,0.585858585858586,1
0.97979797979798,0.595959595959596,1
0.97979797979798,0.606060606060606,1
0.97979797979798,0.616161616161616,1
0.97979797979798,0.626262626262626,1
0.97979797979798,0.636363636363636,1
0.97979797979798,0.646464646464647,1
0.97979797979798,0.656565656565657,1
0.97979797979798,0.666666666666667,1
0.97979797979798,0.676767676767677,1
0.97979797979798,0.686868686868687,1
0.97979797979798,0.696969696969697,1
0.97979797979798,0.707070707070707,1
0.97979797979798,0.717171717171717,1
0.97979797979798,0.727272727272727,1
0.97979797979798,0.737373737373737,1
0.97979797979798,0.747474747474748,1
0.97979797979798,0.757575757575758,1
0.97979797979798,0.767676767676768,1
0.97979797979798,0.777777777777778,1
0.97979797979798,0.787878787878788,1
0.97979797979798,0.797979797979798,1
0.97979797979798,0.808080808080808,1
0.97979797979798,0.818181818181818,1
0.97979797979798,0.828282828282828,1
0.97979797979798,0.838383838383838,1
0.97979797979798,0.848484848484849,1
0.97979797979798,0.858585858585859,1
0.97979797979798,0.868686868686869,1
0.97979797979798,0.878787878787879,1
0.97979797979798,0.888888888888889,1
0.97979797979798,0.898989898989899,1
0.97979797979798,0.909090909090909,1
0.97979797979798,0.919191919191919,1
0.97979797979798,0.929292929292929,1
0.97979797979798,0.939393939393939,1
0.97979797979798,0.94949494949495,1
0.97979797979798,0.95959595959596,1
0.97979797979798,0.96969696969697,1
0.97979797979798,0.97979797979798,1
0.97979797979798,0.98989898989899,1
0.97979797979798,1,1
0.98989898989899,0,-1
0.98989898989899,0.0101010101010101,-1
0.98989898989899,0.0202020202020202,-1
0.98989898989899,0.0303030303030303,-1
0.98989898989899,0.0404040404040404,-1
0.98989898989899,0.0505050505050505,-1
0.98989898989899,0.0606060606060606,-1
0.98989898989899,0.0707070707070707,-1
0.98989898989899,0.0808080808080808,-1
0.98989898989899,0.0909090909090909,-1
0.98989898989899,0.101010101010101,-1
0.98989898989899,0.111111111111111,1
0.98989898989899,0.121212121212121,1
0.98989898989899,0.131313131313131,1
0.98989898989899,0.141414141414141,1
0.98989898989899,0.151515151515152,1
0.98989898989899,0.161616161616162,1
0.98989898989899,0.171717171717172,1
0.98989898989899,0.181818181818182,1
0.98989898989899,0.191919191919192,1
0.98989898989899,0.202020202020202,1
0.98989898989899,0.212121212121212,1
0.98989898989899,0.222222222222222,1
0.98989898989899,0.232323232323232,1
0.98989898989899,0.242424242424242,1
0.98989898989899,0.252525252525253,1
0.98989898989899,0.262626262626263,1
0.98989898989899,0.272727272727273,1
0.98989898989899,0.282828282828283,1
0.98989898989899,0.292929292929293,1
0.98989898989899,0.303030303030303,1
0.98989898989899,0.313131313131313,1
0.98989898989899,0.323232323232323,1
0.98989898989899,0.333333333333333,1
0.98989898989899,0.343434343434343,1
0.98989898989899,0.353535353535354,1
0.98989898989899,0.363636363636364,1
0.98989898989899,0.373737373737374,1
0.98989898989899,0.383838383838384,1
0.98989898989899,0.393939393939394,1
0.98989898989899,0.404040404040404,1
0.98989898989899,0.414141414141414,1
0.98989898989899,0.424242424242424,1
0.98989898989899,0.434343434343434,1
0.98989898989899,0.444444444444444,1
0.98989898989899,0.454545454545455,1
0.98989898989899,0.464646464646465,1
0.98989898989899,0.474747474747475,1
0.98989898989899,0.484848484848485,1
0.98989898989899,0.494949494949495,1
0.98989898989899,0.505050505050505,1
0.98989898989899,0.515151515151515,1
0.98989898989899,0.525252525252525,1
0.98989898989899,0.535353535353535,1
0.98989898989899,0.545454545454545,1
0.98989898989899,0.555555555555556,1
0.98989898989899,0.565656565656566,1
0.98989898989899,0.575757575757576,1
0.98989898989899,0.585858585858586,1
0.98989898989899,0.595959595959596,1
0.98989898989899,0.606060606060606,1
0.98989898989899,0.616161616161616,1
0.98989898989899,0.626262626262626,1
0.98989898989899,0.636363636363636,1
0.98989898989899,0.646464646464647,1
0.98989898989899,0.656565656565657,1
0.98989898989899,0.666666666666667,1
0.98989898989899,0.676767676767677,1
0.98989898989899,0.686868686868687,1
0.98989898989899,0.696969696969697,1
0.98989898989899,0.707070707070707,1
0.98989898989899,0.717171717171717,1
0.98989898989899,0.727272727272727,1
0.98989898989899,0.737373737373737,1
0.98989898989899,0.747474747474748,1
0.98989898989899,0.757575757575758,1
0.98989898989899,0.767676767676768,1
0.98989898989899,0.777777777777778,1
0.98989898989899,0.787878787878788,1
0.98989898989899,0.797979797979798,1
0.98989898989899,0.808080808080808,1
0.98989898989899,0.818181818181818,1
0.98989898989899,0.828282828282828,1
0.98989898989899,0.838383838383838,1
0.98989898989899,0.848484848484849,1
0.98989898989899,0.858585858585859,1
0.98989898989899,0.868686868686869,1
0.98989898989899,0.878787878787879,1
0.98989898989899,0.888888888888889,1
0.98989898989899,0.898989898989899,1
0.98989898989899,0.909090909090909,1
0.98989898989899,0.919191919191919,1
0.98989898989899,0.929292929292929,1
0.98989898989899,0.939393939393939,1
0.98989898989899,0.94949494949495,1
0.98989898989899,0.95959595959596,1
0.98989898989899,0.96969696969697,1
0.98989898989899,0.97979797979798,1
0.98989898989899,0.98989898989899,1
0.98989898989899,1,1
1,0,-1
1,0.0101010101010101,-1
1,0.0202020202020202,-1
1,0.0303030303030303,-1
1,0.0404040404040404,-1
1,0.0505050505050505,-1
1,0.0606060606060606,-1
1,0.0707070707070707,-1
1,0.0808080808080808,-1
1,0.0909090909090909,-1
1,0.101010101010101,-1
1,0.111111111111111,-1
1,0.121212121212121,1
1,0.131313131313131,1
1,0.141414141414141,1
1,0.151515151515152,1
1,0.161616161616162,1
1,0.171717171717172,1
1,0.181818181818182,1
1,0.191919191919192,1
1,0.202020202020202,1
1,0.212121212121212,1
1,0.222222222222222,1
1,0.232323232323232,1
1,0.242424242424242,1
1,0.252525252525253,1
1,0.262626262626263,1
1,0.272727272727273,1
1,0.282828282828283,1
1,0.292929292929293,1
1,0.303030303030303,1
1,0.313131313131313,1
1,0.323232323232323,1
1,0.333333333333333,1
1,0.343434343434343,1
1,0.353535353535354,1
1,0.363636363636364,1
1,0.373737373737374,1
1,0.383838383838384,1
1,0.393939393939394,1
1,0.404040404040404,1
1,0.414141414141414,1
1,0.424242424242424,1
1,0.434343434343434,1
1,0.444444444444444,1
1,0.454545454545455,1
1,0.464646464646465,1
1,0.474747474747475,1
1,0.484848484848485,1
1,0.494949494949495,1
1,0.505050505050505,1
1,0.515151515151515,1
1,0.525252525252525,1
1,0.535353535353535,1
1,0.545454545454545,1
1,0.555555555555556,1
1,0.565656565656566,1
1,0.575757575757576,1
1,0.585858585858586,1
1,0.595959595959596,1
1,0.606060606060606,1
1,0.616161616161616,1
1,0.626262626262626,1
1,0.636363636363636,1
1,0.646464646464647,1
1,0.656565656565657,1
1,0.666666666666667,1
1,0.676767676767677,1
1,0.686868686868687,1
1,0.696969696969697,1
1,0.707070707070707,1
1,0.717171717171717,1
1,0.727272727272727,1
1,0.737373737373737,1
1,0.747474747474748,1
1,0.757575757575758,1
1,0.767676767676768,1
1,0.777777777777778,1
1,0.787878787878788,1
1,0.797979797979798,1
1,0.808080808080808,1
1,0.818181818181818,1
1,0.828282828282828,1
1,0.838383838383838,1
1,0.848484848484849,1
1,0.858585858585859,1
1,0.868686868686869,1
1,0.878787878787879,1
1,0.888888888888889,1
1,0.898989898989899,1
1,0.909090909090909,1
1,0.919191919191919,1
1,0.929292929292929,1
1,0.939393939393939,1
1,0.94949494949495,1
1,0.95959595959596,1
1,0.96969696969697,1
1,0.97979797979798,1
1,0.98989898989899,1
1,1,1
