Column1,Column2,Column3,Column4,Column5,Column6,Column7,Column8,Column9,Column10,Column11,Column12,Column13,Column14,Column15,Column16,Column17,Column18,Column19,Column20,Column21,Column22,Column23,Column24,Column25,Column26,Column27,Column28,Column29,Column30,Column31,Column32,Column33,Column34,Column35,Column36,Column37,Column38,Column39,Column40,Column41,Column42,Column43,Column44,Column45,Column46,Column47,Column48,Column49,Column50,Column51,Column52,Column53,Column54,Column55,Column56,Column57,Column58,Column59,Column60,Column61,Column62,Column63,Column64,Column65,Column66,Column67,Column68,Column69,Column70,Column71,Column72,Column73,Column74,Column75,Column76,Column77,Column78,Column79,Column80,Column81,Column82,Column83,Column84,Column85,Column86,Column87,Column88,Column89,Column90,Column91,Column92,Column93,Column94,Column95,Column96,Column97,Column98,Column99,Column100
0.2578077248127164,0.5668141605735205,0.5873160148136246,0.5691750532725228,0.5497271122292307,0.5194314672998374,0.49113152194530996,0.4542588054057912,0.41323609773628633,0.36779448442096174,0.32214839738013445,0.27299580670347384,0.22527555969817836,0.17613151152833345,0.12622120531711817,0.07998402034675058,0.03502122222445667,0.0,0.0,0.0,0.0,0.0,0.0,0.0,0.0,0.0,0.0,0.0,0.0,0.0,0.0,0.01396698128876858,0.037126853392176064,0.05393349518587104,0.06376731331007789,0.06602905234403346,0.06072314304900311,0.04823450091868999,0.03138285191086029,0.012532766484540086,0.0,0.0,0.0,0.0,0.0,0.0,0.0029780645180138864,0.007736287881237228,0.007199930997808323,0.002891764383827271,0.0,0.0,0.0,0.000733069119914353,0.00033151464063616915,0.0,5.73209475587646e-6,4.119681653264706e-6,2.9571450937964986e-6,0.0,3.433292239242292e-6,0.0,3.720694178309714e-6,0.0,3.924637616376004e-6,0.0,4.142323048682784e-6,0.0,4.40057552571318e-6,0.0,4.714823620815878e-6,0.0,5.100098920127039e-6,0.0,5.574677047684418e-6,0.0,6.162449400221703e-6,0.0,6.8954513259427585e-6,0.0,7.816997393365455e-6,0.0,8.98528704309456e-6,0.0,1.0475726743089809e-5,0.0,1.2374086613317559e-5,0.0,1.4727979553515526e-5,0.0,1.731527094589396e-5,0.0,1.852408048294052e-5,0.0,8.89034561808444e-6,1.4005706554688403e-5,0.0,0.0003213181789413639,0.0,0.01876574637020365
1.875783965983868,4.291720634602149,5.26444576216111,6.177053659447439,7.137388885336373,8.121811405014657,9.168835179981004,10.051334379081382,10.787009129983455,11.298722990946114,11.635913197321704,11.730940983291612,11.660298548277666,11.391144168644216,10.913723119367337,10.294577727377865,9.558377643331978,8.764290757052926,7.886175740721104,6.99611846580649,6.109628316424833,5.244568409100572,4.426699206084629,3.678174099840771,2.991571901532053,2.38887198449894,1.8757101105906384,1.4392825181999873,1.0731289819013052,0.7722278314967009,0.5312573697844833,0.33798021998106426,0.18285518158796205,0.06485284670578689,0.0,0.0,0.0,0.0,0.0,0.0,0.0,0.015097137350798722,0.03327712966924835,0.03748099808955449,0.02954286941126666,0.014601608703397233,0.0,0.0,0.0,0.0,0.0013923869581307373,0.003614672805142618,0.0014260013513041486,0.0,0.0,0.00016246623424813153,1.7317497395561076e-5,0.0,1.6637209860346047e-5,0.0,1.628803308994975e-5,0.0,1.639992061027442e-5,0.0,1.6826761409902248e-5,0.0,1.745890332822455e-5,0.0,1.8289778527105227e-5,0.0,1.9339183360716563e-5,0.0,2.0640646139509046e-5,0.0,2.2239435467781733e-5,0.0,2.4192593618499816e-5,0.0,2.656771313340869e-5,0.0,2.943573968659621e-5,0.0,3.284585179262649e-5,0.0,3.6748398015788555e-5,0.0,4.0761808316347014e-5,0.0,4.3434325099224225e-5,0.0,3.9671250487026554e-5,0.0,1.0284577629249725e-5,3.4075351947831225e-5,0.0,0.0003614596408045145,0.0,0.002861923614108764,0.0,0.13778019309009243
1.8041011053117284,4.341559249527708,6.237869505313422,8.73380733514238,11.95231236040943,16.07120658831972,20.49369508702381,24.865173442638156,29.416013409818124,33.73914350831843,37.92997860637146,41.50442747373957,44.491863653642476,46.765094672812204,48.30911612766244,49.01115530905501,49.09981057088989,48.67870939721896,47.704999892547285,46.37975988138284,44.74203864228764,42.8095805422498,40.61695994816185,38.25954866625906,35.612149892337875,32.85687271795392,29.954079251273512,26.906254105040677,23.860920452922304,20.748710295249296,17.68604241165482,14.762361725084478,11.97784516950056,9.462748611402095,7.22220045022989,5.300578116608615,3.7197778024267816,2.495287969878968,1.5863314721977477,0.9344074023837879,0.5007496110918743,0.22429173775988331,0.05952253080613719,0.0,0.0,0.0,0.0,0.011327787230753165,0.01905586502006954,0.011672418177957753,0.0,0.0,0.0,0.0010961971145865392,0.0007864731465728256,0.0,0.0,8.717613469343633e-6,3.4985913138370964e-6,0.0,4.06757969467435e-6,0.0,4.237828415352852e-6,0.0,4.245216326671653e-6,0.0,4.258220078190789e-6,0.0,4.311844590120018e-6,0.0,4.414957773406058e-6,0.0,4.569102058303542e-6,0.0,4.7713263193145396e-6,0.0,5.0113108038203795e-6,0.0,5.2625872311182324e-6,0.0,5.462184944190085e-6,0.0,5.463218192744535e-6,0.0,4.918932003783994e-6,0.0,2.978635847102851e-6,0.0,0.0,8.400386325956788e-6,0.0,3.522976450458373e-5,0.0,0.00012254928944821587,0.0,0.00048471270333539,0.0,0.0029906683757304564,0.0,0.13225824871084144
1.0996580005955445,2.7696909010543664,4.306406588226295,6.671092667761796,9.866699744321826,13.81782620207893,18.163265654187104,22.993647804370237,28.46465843153694,33.66318768080632,38.52483909086035,42.87501174136256,46.20602271558247,48.33401499493622,49.33318395655226,49.19926518559562,48.39791607768304,47.25797534987558,45.93542463709785,44.57538114335666,43.34303198657341,42.41336720102356,41.582601629382985,41.01128136222022,40.638043153043554,40.52269426016424,40.61639906892729,40.78926084529081,40.99944904091574,41.09363444034192,40.98915111735638,40.71245271673565,39.91770172935205,38.61930097258009,36.73220349375345,34.18701534358633,30.991670604790777,27.2069014394223,22.99157598503426,18.543870673586742,14.185552663934752,10.20286348763843,6.832745129167871,4.202204227102412,2.3272462460188343,1.1275823815488344,0.4644327908785967,0.14077318064631072,0.008826889282002958,0.0,0.0,0.006715430287685013,0.0053683885122853105,0.0,0.0,0.00026157184609619435,4.125919210346183e-5,0.0,1.4902280981186778e-5,0.0,1.3699608686147259e-5,0.0,1.3218202698044479e-5,0.0,1.311808493337594e-5,0.0,1.317612293350976e-5,0.0,1.3357727008406073e-5,0.0,1.3665692292852328e-5,0.0,1.4114169863751158e-5,0.0,1.47235770651605e-5,0.0,1.5519712492823602e-5,0.0,1.6532825486501678e-5,0.0,1.779350300494116e-5,0.0,1.9318716615089216e-5,0.0,2.106935620249715e-5,0.0,2.282196542946622e-5,0.0,2.3761691292747856e-5,0.0,2.1058682500733996e-5,0.0,4.061675072443904e-6,2.0954241620347604e-5,0.0,0.00020412721761094873,0.0,0.0016059040217649453,0.0,0.07882019917918251
0.7212591546212018,1.8379011771317824,2.8947959151943947,4.57013145851813,6.906059891200354,9.726181286837507,12.96598749983385,16.737027607627763,20.656678686494683,24.76410439522625,28.33639449958627,31.088671624375845,32.867836976757836,33.604530030134576,32.92471067596939,31.013626989589163,28.867711290653943,26.691352982880268,24.676464095409404,22.589725024768736,20.392338808847835,18.577826502542425,17.02374139385959,15.787402660682632,14.971650771190014,14.47665426074063,14.243062820264086,14.236477502460406,14.602518155446289,15.352173044713817,16.390621012290918,17.79485023025423,19.402500236549624,21.273758177013217,23.42311478955439,25.699936968228844,28.059271889483103,30.313701334038274,32.13883590484407,33.37537079743031,33.57961265192771,32.53157592471322,30.06601148085358,26.299332629747155,21.5147363417029,16.145942563970873,10.834200543293482,6.357433153372936,3.181459348901871,1.2946632327816576,0.40295314449678116,0.07845204689346247,0.00036543250463910227,6.809856575528101e-5,0.0024097786510676087,0.0,0.0,0.0,4.048463625222212e-5,0.0,4.044229484861717e-5,0.0,3.960910995665472e-5,0.0,3.876905949728098e-5,0.0,3.832201290060766e-5,0.0,3.834221143333707e-5,0.0,3.8851612310099885e-5,0.0,3.987617929960834e-5,0.0,4.1462287018657665e-5,0.0,4.368509853520664e-5,0.0,4.6656630572397265e-5,0.0,5.0535669461532966e-5,0.0,5.553895737830317e-5,0.0,6.194730778079248e-5,0.0,7.008027853735257e-5,0.0,8.013626750034747e-5,0.0,9.146875496662688e-5,0.0,9.923955443955493e-5,0.0,7.589746519515756e-5,0.0,0.0,0.0008325655787153665,0.0,0.05103095243010812
0.5115015110083522,1.305618063629758,2.045798626324586,3.2228387711887447,4.845428067107023,6.879463441730093,9.201896474802139,11.943790325393117,14.790274718502337,17.619586204878264,20.249930310096868,22.311373171968125,23.625663732597786,23.8569469439631,23.031146911706415,21.36079463124769,19.455288510804987,17.447180994588294,15.835799727281305,13.812798275888124,11.681849555285925,10.106775636544638,8.555142471679018,7.1837424691670355,6.014405276112,5.161586592648303,4.663390608045869,4.346685815915411,4.219007470561768,4.180119719756539,4.2722415085269825,4.635361510047571,5.190243425056709,5.839407317968266,6.777650518985078,7.974287969499908,9.520522054575082,11.377608103156176,13.499031733573648,16.01082705424832,18.69599906483772,21.503350706893826,24.293884711700862,26.71556722112225,28.36401916405209,28.746982254878994,27.380711452424055,24.02762150759117,19.002022082394785,13.054327358262562,7.4480963987773565,3.314014721306917,1.0540875126524343,0.21037248453143986,0.01942442622610688,0.0013290611910160806,0.00014377390657609795,0.0,0.0,1.5028440798050725e-5,0.0,1.4348489679105115e-5,0.0,1.247853076638421e-5,0.0,1.0724949267751072e-5,0.0,9.216019223094919e-6,0.0,7.904605855583214e-6,0.0,6.719862473255489e-6,0.0,5.5925429449416696e-6,0.0,4.455166931074927e-6,0.0,3.2364907616283745e-6,0.0,1.854160014045192e-6,0.0,2.0629654100048356e-7,7.564420273411088e-7,0.0,3.054541215533391e-6,0.0,5.985268188669579e-6,0.0,9.633566871343647e-6,0.0,1.3555312296375632e-5,0.0,1.4599432743852959e-5,0.0,0.0,5.04337049118476e-5,0.0,0.0006379971650050721,0.0,0.03609191203291703
0.3890216298964166,0.9863429840891826,1.521896482290444,2.368193392357462,3.504409584599544,4.983238608984652,6.71801720334591,8.658256109228606,10.797704984429046,12.892807465713265,14.799626438458224,16.591937981620354,17.666591672144644,17.917664856050266,17.5178685283346,16.388649768163734,14.913842431356642,13.485383235812868,12.1065531907864,10.499948268100017,8.718262004299188,7.383226945787517,6.203947519408873,5.043745547752154,4.078024650515669,3.2847917759276433,2.7973099082920796,2.6119980234414455,2.270534226309966,2.093518045605455,1.9534144786566023,1.955357336973665,2.2184908509029473,2.363677188891072,2.6391156563693388,3.0376175137052135,3.565826444752376,4.322339429091192,5.243260085787031,6.512395027591511,8.021414914467762,9.827001553058128,11.970166902864412,14.308276817926703,16.889840994707246,19.58994616508731,22.109956497405506,23.856453642762478,24.3620776922034,23.169764573028285,19.96420146378872,14.69951541875404,8.647992615145256,3.640562888016359,0.9475922022299867,0.13122939154753258,0.008312883954655991,0.0003542129513785767,0.0,6.579688741039718e-5,0.0,4.1266911222191995e-5,0.0,2.6098112066392787e-5,0.0,1.5794275308144278e-5,0.0,8.363064302830026e-6,0.0,2.6914331858279186e-6,0.0,0.0,3.925558911578264e-6,0.0,7.664903492695885e-6,0.0,1.1192213027425168e-5,0.0,1.4727454492640391e-5,0.0,1.8475024561485043e-5,0.0,2.26486319785181e-5,0.0,2.7491195275433713e-5,0.0,3.328213701424829e-5,0.0,4.028883905339171e-5,0.0,4.846272369613871e-5,0.0,5.586903031362454e-5,0.0,4.945121944183484e-5,0.0,0.0,0.0004083875381053076,0.0,0.027345390598088853
0.30221723744297635,0.7667840080187481,1.1685160055258939,1.8025655962400853,2.635162500699973,3.7325174525629947,5.055686709768406,6.453359764203412,8.068295676595275,9.743550491943006,11.225982867290625,12.668903856659375,13.724392157544756,14.075001856003515,14.07332232007825,13.431944355757128,12.320059060192223,11.309872578450536,10.191485573344503,9.028546992086468,7.727413644914589,6.420337790656526,5.425800898781809,4.608946558509983,3.7877274586053016,3.0235563414625055,2.385585002122342,2.085186480900756,1.8133285495665616,1.6433531315406473,1.4444753697451473,1.3648159206366661,1.533389628836363,1.528868512318258,1.559583124413787,1.7906453883933413,2.1437377521538328,2.5205363396027134,3.058199651187442,3.8193175423896744,4.632007530971208,5.658278970596346,6.910631582973892,8.3383589210955,10.137284080758711,12.099288755421224,14.115195598445483,16.48743258503952,18.623458022656084,19.972091895913376,20.472824204276673,19.511839136492984,16.509952703356888,11.600727701519478,5.858524474637994,1.716518031264779,0.2422376573776688,0.01396011086598519,2.7542774216271938e-6,0.00014608928364905297,0.0,5.940862164497958e-5,0.0,2.4840219016186893e-5,0.0,8.744836918776855e-6,0.0,3.217019213479944e-7,2.4266579610412012e-6,0.0,6.317856007080991e-6,0.0,8.975302902035764e-6,0.0,1.1010866217839066e-5,0.0,1.2765267457871233e-5,0.0,1.4453045849950286e-5,0.0,1.6231827177671222e-5,0.0,1.8239241046467216e-5,0.0,2.0613567953569145e-5,0.0,2.3497779936224107e-5,0.0,2.6996108884850403e-5,0.0,3.0932818622750345e-5,0.0,3.36492601869395e-5,0.0,2.4983273118414218e-5,0.0,0.0,0.00033304917558998567,0.0,0.021195556932888576
0.24796218357053296,0.621512124760417,0.9254521534776868,1.4131866676524545,2.0295076906081966,2.8660777417833265,3.9179206021782247,4.968925590255701,6.224327380816202,7.5250112768151105,8.71679837680772,9.87253519079375,10.876642068746634,11.350814536685654,11.510701556724122,11.33204595662476,10.637201083810531,9.717716651287715,8.968874785268032,8.08792478641638,7.223788358151046,6.260679581902189,5.245138387245982,4.451015616114174,3.829174983235451,3.286501856284017,2.7309951450664105,2.249426037996288,1.9382096034230956,1.7299818623719483,1.5843914125925065,1.4711002675985856,1.4466283037652097,1.4401189317207217,1.4658053245863973,1.6260085026936477,1.8343292810599554,2.0524631926724024,2.3529619895754323,2.860079386749281,3.4487842356267575,4.150656035650593,4.9584720305909045,5.9814587214203305,7.209184816047075,8.635696192409418,10.134644770277498,11.84336799116178,13.76563508588908,15.497602865096017,16.734613223295366,17.30652451077579,16.79563842280117,14.833286018781129,11.061033319861236,5.7900517223087045,1.5760688832798198,0.1705633161131129,0.007112370261898468,0.0,0.0004397071802799474,0.0,0.00022794982257764786,0.0,0.0001328231619518192,0.0,8.516998835766571e-5,0.0,5.837276787206065e-5,0.0,4.184281063789968e-5,0.0,3.087004306107702e-5,0.0,2.3133394083561143e-5,0.0,1.7386548463764486e-5,0.0,1.2909731814579574e-5,0.0,9.258999709345517e-6,0.0,6.141045964432124e-6,0.0,3.3424094097426862e-6,0.0,6.746710098013864e-7,6.808023481426062e-7,0.0,3.691713681291731e-6,0.0,8.021141361314222e-6,0.0,1.770342019990494e-5,0.0,5.5639319274632726e-5,0.0,0.00034723233839977185,0.0,0.017542638721191908
0.2068604989173313,0.5141323798360332,0.754018357112477,1.134450131982381,1.6205645469384662,2.255957374879664,3.097934189434459,3.9255390273472957,4.89802121303906,5.961998889498247,6.955219991841584,7.903167541728029,8.763233165560884,9.374979094395679,9.586048202141521,9.686045354211135,9.364883095589084,8.690902274968703,8.021634792807623,7.395143222681119,6.712127153497383,6.024760608106649,5.280229282144197,4.570120982722341,3.889614112874615,3.4128315984442796,3.031356060004599,2.6326763241795548,2.253603662595326,1.9629724323266216,1.7602227166255116,1.6639206032805647,1.6463476112204378,1.6253820810289945,1.6568824563095954,1.7613455105235092,1.8567029152448458,1.9861575357347003,2.2574648448883265,2.6591183269976026,3.0976132193166794,3.685343745095088,4.207420237397462,4.999472345821786,5.942628930350853,6.928098523824773,8.175791546976104,9.403154679900974,10.90964812147193,12.641955688955102,13.807710779961438,14.417934880142651,14.783010870024848,13.99904870475387,12.15551889759087,8.717502177321338,3.869690244277952,0.7392048121433987,0.0422909975368013,0.0016380077049689135,0.0,0.0003056452193501173,0.0,0.00011443747050361708,0.0,5.20038894348545e-5,0.0,2.5839938498393167e-5,0.0,1.2598934154812014e-5,0.0,4.875561071457923e-6,0.0,0.0,2.116242478223285e-6,0.0,5.309161311743082e-6,0.0,7.93411747799837e-6,0.0,1.0272558125871e-5,0.0,1.2510063179797727e-5,0.0,1.4778801742431825e-5,0.0,1.7166061964235268e-5,0.0,1.9670777506689775e-5,0.0,2.1994294882460965e-5,0.0,2.2603368917043555e-5,0.0,1.3603389620038798e-5,5.60975703629083e-6,0.0,0.00024746031493559715,0.0,0.01464784786682285
0.17616059177880816,0.4352961284028752,0.6333023791790896,0.9391599337274514,1.3270392361462524,1.8190379189536492,2.4738226589652834,3.1920652847122017,3.9302981343049397,4.7878635409497585,5.604169387091217,6.4200363616026435,7.1717397714629785,7.786078123121848,8.101490335563595,8.303433628680759,8.263711296299322,7.873082512894172,7.327936775044847,6.809469763234356,6.261949117580672,5.797618700124875,5.273973797354534,4.648503032584873,4.099049687959602,3.6016124689496656,3.225942557366353,2.9419209077690733,2.6798057636389263,2.4109726887669374,2.1912854537519855,2.0110829133206733,1.9315293093748298,1.8866477294494906,1.8854506180312907,1.9133534720725847,1.9971879952712444,2.2132061305563586,2.48186079072234,2.7453581312747533,3.0434254936561835,3.492615724058493,3.9742014158402412,4.614840957958024,5.278779453149686,6.200575392604989,7.158314886065778,8.13494636715308,9.333932252678919,10.686983370544459,11.745063504125962,12.281513914517948,12.797503495675606,12.401704334335744,11.28516004924989,9.148857010974307,5.368046097135916,1.5074422886944343,0.132981711121407,0.004187546406437105,0.0,0.0009880488222552232,0.0,0.0005650507671540254,0.0,0.0003543126539894729,0.0,0.00024065093022072688,0.0,0.0001730710115094553,0.0,0.00012962644874969556,0.0,9.990747813208146e-5,0.0,7.849523217955721e-5,0.0,6.233568071802438e-5,0.0,4.95820434012785e-5,0.0,3.9038002913548554e-5,0.0,2.986768519949692e-5,0.0,2.1433890543448798e-5,0.0,1.3209871404978913e-5,0.0,4.77450983489689e-6,0.0,0.0,7.992555365126465e-6,0.0,1.072901732113678e-5,0.0,0.0,0.000186566202249378,0.0,0.012437223921455735
0.15204915699414998,0.37234515751143044,0.5325102944062834,0.790018541167021,1.1033482620690098,1.501797160477897,2.015484090538872,2.6406004962736733,3.211276781514384,3.913214246764791,4.611036533604143,5.280060922556078,5.96265763634247,6.515967463426759,6.963821985165677,7.104473288739281,7.293161442545112,7.1302624186609656,6.759648448067111,6.331045073006406,5.87525027088842,5.467184436782552,5.1206934361210585,4.721767365773395,4.228040474533602,3.8138148224398933,3.4552400538180446,3.150857331787686,2.906018818381805,2.6992107391253652,2.5279119738704185,2.394701056826072,2.3148673949724565,2.2405143946889936,2.2212738735021262,2.252241506046198,2.3286048284734875,2.4769258149849414,2.677800295880971,2.8687307095699257,3.1727036513607465,3.5380998457677046,3.9895985446325257,4.462791289399049,5.084098350177007,5.857056925359417,6.589058536291571,7.315341464867967,8.39975555939802,9.52845315890769,10.292569796529763,10.74313619657404,11.159058772269091,10.878367189715341,10.049172877694586,8.539093110416665,5.624193274727723,1.9413751056763078,0.22337923805917892,0.0058820304202909035,0.0,0.0005376359268015222,0.0,0.00042484465791967524,0.0,0.0003058082624076633,0.0,0.00022847071790165502,0.0,0.00017819273387904106,0.0,0.00014414742467415637,0.0,0.00012013067371372018,0.0,0.00010257177353450971,0.0,8.932738247222005e-5,0.0,7.904481117820979e-5,0.0,7.082082159668063e-5,0.0,6.400843460014584e-5,0.0,5.8098415126733016e-5,0.0,5.264161943487125e-5,0.0,4.721608506406483e-5,0.0,4.156515927243163e-5,0.0,3.6758616165752755e-5,0.0,4.426360612815188e-5,0.0,0.00019772899192539627,0.0,0.01074402239372721
0.1345879885194452,0.32524494199307374,0.45812966824466206,0.6677244780836206,0.9367373060617138,1.2664624129167377,1.6682954952849367,2.202016440878843,2.658356275579028,3.2311633336320127,3.8467901309289623,4.424935946425012,4.971822934896344,5.4791638521875905,5.9565598600340905,6.16822263526977,6.2901418581295845,6.403132176305349,6.224792436506995,5.909530227293854,5.583424387477755,5.165455803343006,4.848149184121802,4.608043368975023,4.337611227275718,3.940803464953081,3.59757507433461,3.334195888005615,3.092386906884708,2.8647632199197623,2.720340970534891,2.6407537482634424,2.561189589616155,2.498161130291466,2.4968766177696495,2.522922037825607,2.627356283022567,2.7421092021577675,2.8682814449398473,3.0412075823160225,3.3171660152437674,3.6543050494030136,3.9903206399243896,4.446978003617574,5.053114288117686,5.63663702199018,6.216011397294635,6.8742467485963905,7.84145624967756,8.758513539760564,9.183322436524687,9.555236463441588,9.874625067085258,9.494957743346559,8.859708671180707,7.554189580671533,5.146631776036206,1.880935162139515,0.22865718132708354,0.00648727988580813,0.0,0.0005268178821286711,0.0,0.0004345078065023699,0.0,0.0003138566309346061,0.0,0.00023239456694900583,0.0,0.0001784582613621751,0.0,0.0001414936384331668,0.0,0.00011512880224981928,0.0,9.559574182858342e-5,0.0,8.058993442427892e-5,0.0,6.863192339878879e-5,0.0,5.87136092788569e-5,0.0,5.009280946560466e-5,0.0,4.2163864940084754e-5,0.0,3.4369283512933185e-5,0.0,2.6153510774202005e-5,0.0,1.7074688964203233e-5,0.0,7.86075950927625e-6,0.0,8.703240264730994e-6,0.0,0.00014032897019787926,0.0,0.009528485396273755
0.11888265574549368,0.28595089349178965,0.40225788562627135,0.5697724824397309,0.8013929420208253,1.0792032481020482,1.3989824864575429,1.850854861806479,2.2533608744421034,2.71718546884942,3.2497539789776844,3.7492843826916458,4.206957389798119,4.672363583496335,5.114643971160639,5.441620578269551,5.519764197405452,5.663583940165902,5.703701501161983,5.5343790113422555,5.28680181843231,4.984297902201845,4.67415536844538,4.422580701726806,4.236324880111235,4.028867359116967,3.751444796045559,3.468134254953082,3.250883230407887,3.0777550032298366,2.925520878888404,2.806421851592163,2.7659149499669367,2.729332270010591,2.7440588116992903,2.7844661041360235,2.8547235396574067,2.959138314215863,3.0988218388665105,3.2832251071527616,3.505585532167401,3.76420353464603,4.108262744546579,4.533047037323671,5.0417461183567465,5.452800205816169,5.930789470555355,6.660857357606673,7.418775314588539,8.034130609468429,8.277499996627999,8.603425048443693,8.778390266912583,8.285030211280123,7.712685933171226,6.517195431037278,4.317622939904526,1.496636982253777,0.17015338782773307,0.004433693373121787,0.0,0.0005955341161221441,0.0,0.00041679517200755075,0.0,0.0002828115260323102,0.0,0.00020062098499074637,0.0,0.00014852212303194392,0.0,0.00011372242311808804,0.0,8.929994879472361e-5,0.0,7.137411040748702e-5,0.0,5.764944675865991e-5,0.0,4.6687832707721104e-5,0.0,3.7529744664425384e-5,0.0,2.9485138769450717e-5,0.0,2.2010257603324137e-5,0.0,1.463478207388107e-5,0.0,6.946744889137336e-6,0.0,0.0,5.287144096655539e-6,0.0,9.99842218370759e-6,0.0,0.0,0.00012356266750357462,0.0,0.008501936333787308
0.10732155098029471,0.255745386210781,0.3530519487610349,0.49451651542505426,0.6939394572780125,0.9201011039872942,1.2025143800010119,1.5707264758853599,1.9341877676960555,2.294669467033283,2.7630090897641524,3.195824422756574,3.597900240763024,4.00913351050261,4.4151142917133965,4.787489105013513,4.946357404821661,5.015487007557129,5.135859075929405,5.139118314584692,5.01259222858028,4.766394511341952,4.494559222348772,4.279493289470974,4.0376167986246765,3.913352109587457,3.8102009849382874,3.6177455100872367,3.441548501123681,3.272785604341796,3.127794936183971,3.01129684107453,2.9426325367410135,2.9199334011334197,2.9450251995874455,2.9878550917465887,3.045710856023642,3.139234627956582,3.2698489947193994,3.4408468789675393,3.6840152662933225,3.9476907850235747,4.273242003198651,4.6073844432811075,4.922251799691611,5.282189770262084,5.894497819780808,6.504431560299417,7.020852967599296,7.318350268728694,7.541646455409559,7.811733156954109,7.700163279544667,7.243650454299883,6.66607350720944,5.510131132244683,3.37714118049912,1.000344950613883,0.09602466889473235,0.0029814219407811836,0.0,0.000652688515086993,0.0,0.0003753618864964665,0.0,0.00023908195958138095,0.0,0.00016621422620519298,0.0,0.00012331358866649682,0.0,9.606151234111168e-5,0.0,7.771737576404121e-5,0.0,6.480969983604154e-5,0.0,5.54131022105139e-5,0.0,4.8394692912188474e-5,0.0,4.3057729964311874e-5,0.0,3.89637828560808e-5,0.0,3.5845477738621415e-5,0.0,3.35806388002311e-5,0.0,3.2249304413562645e-5,0.0,3.2428368875480375e-5,0.0,3.654027527882136e-5,0.0,5.698052290026681e-5,0.0,0.00020318553936449462,0.0,0.007875934992817201
0.09595604283724024,0.2288315930528319,0.3121746304989982,0.4340534001041524,0.6112598910047556,0.8001104013827622,1.050593426248938,1.34029543984278,1.6896438025507943,1.9838730755931568,2.35386562441597,2.7539252690170604,3.140330065118609,3.4728089498655015,3.8196402916597147,4.1745886379344315,4.441462458832341,4.497760034540984,4.573356029000503,4.692734444164663,4.6780896510015895,4.577050101995312,4.366087618000478,4.143419829918525,3.979493748745366,3.7917189238253868,3.666028133273928,3.604829671727306,3.4867708562651187,3.3813750574745085,3.295090077035809,3.209100257163855,3.1409380419358675,3.1032045455921216,3.096747576643656,3.120182399468907,3.1991484718276273,3.306792816241598,3.412739372487298,3.5709188611501816,3.806779208505477,4.053220163708838,4.263250210350096,4.457452892674132,4.796198167706256,5.321050680806852,5.828675226605435,6.23869114978359,6.55206573846591,6.7082545932064255,6.952808514513128,7.06149719466689,6.7336987108863875,6.335443421232817,5.729747553692968,4.511655234340071,2.4024480375054815,0.5531884187080439,0.03633097324856535,0.001491124210748967,0.0,0.00039632390198494254,0.0,0.00018106947018895882,0.0,9.978758429570008e-5,0.0,6.329067751321418e-5,0.0,4.462971964167082e-5,0.0,3.420521880361776e-5,0.0,2.8058612881432055e-5,0.0,2.436722803831799e-5,0.0,2.222555871048826e-5,0.0,2.1168028780812167e-5,0.0,2.0966636204138923e-5,0.0,2.154523619065003e-5,0.0,2.2955284908130125e-5,0.0,2.5403806566100686e-5,0.0,2.9370842361822726e-5,0.0,3.5985356261517156e-5,0.0,4.845974478921562e-5,0.0,7.989685639040544e-5,0.0,0.00023267188748286573,0.0,0.007144117276312318
0.08708399788024035,0.2065380194740843,0.28000034313890504,0.3863649065836238,0.541730048597591,0.6962159814604151,0.9187627429441364,1.1495476853727797,1.4721308866771747,1.7256781460767974,2.0250869260581648,2.384630797296412,2.7203835324837455,3.0448564232829387,3.3137846324417044,3.6213546909266894,3.9401019410020792,4.103629400296404,4.1192914272184415,4.229404169464145,4.315011416182031,4.287541729853664,4.228605768697235,4.077491294454616,3.878796568896476,3.7287755252784467,3.6092697593953624,3.5188379092353514,3.440900435966667,3.3717921892940943,3.315547668866505,3.26190346088256,3.210965944879569,3.1859729777895387,3.1902672378514714,3.2213259726312264,3.2642857765695616,3.3654318377147825,3.506414574034336,3.673247020695908,3.8467612145449737,3.951354271768207,4.146012304650076,4.462096230059348,4.928021363532742,5.335988430680105,5.627583707189171,5.912051241005175,6.0320485404247535,6.261309051046304,6.421910759804608,6.30597478078853,5.931938037140691,5.531582032239304,4.811321754040323,3.5046996108618953,1.4806128747454983,0.23777139834346692,0.009383743026695538,0.0,0.00017645357523342684,0.0,0.00018844564312748844,0.0,0.00014821799784876932,0.0,0.00011417214165012412,0.0,8.95028864255437e-5,0.0,7.172269347574912e-5,0.0,5.861226175329648e-5,0.0,4.8655477262946083e-5,0.0,4.0847010076686275e-5,0.0,3.450346347999584e-5,0.0,2.913447969222034e-5,0.0,2.4355698166073128e-5,0.0,1.9821287824743194e-5,0.0,1.5153364126308589e-5,0.0,9.831762520116172e-6,0.0,2.947733665860142e-6,1.625848741605296e-6,0.0,1.5685138793560327e-5,0.0,4.851680164756545e-5,0.0,0.00019643494353731514,0.0,0.0065118243003820684
0.07925985620774227,0.1878389423779605,0.255014530868988,0.3454450108665988,0.482616589404094,0.6194632039335044,0.808923848181905,1.0038943703702916,1.2853320665688341,1.522263742107492,1.7721416730838544,2.0847360118977596,2.36403168499351,2.6807903188242994,2.9254236111470777,3.17702720283426,3.4512932679529698,3.7042442705845158,3.7796583161513033,3.804219004314856,3.932584571754812,3.971325147842671,3.9536749554576556,3.923459418490446,3.8495676510741847,3.7025260853686457,3.5327433094754768,3.4214661077385826,3.3549760799288046,3.315101734037552,3.292099851373765,3.2786726287974366,3.277718898857308,3.2897511702280275,3.2975313492821043,3.3176451557437834,3.3701848647313266,3.449115878770396,3.541767044978245,3.6219033848646855,3.756841529725609,3.963191427214799,4.260754871325495,4.630189003298782,4.938745995303965,5.154482814775274,5.34346666264693,5.496441409648767,5.644862304790409,5.815446053127737,5.8090374886404605,5.528169339707974,5.186206408676306,4.759635424864516,3.9448433708250916,2.462858753815758,0.7488628774158875,0.07411998986032141,0.0022156487004628615,0.0,0.00042529061255045235,0.0,0.00024113788550421305,0.0,0.00014929587174865446,0.0,0.00010043938704147877,0.0,7.19370400714979e-5,0.0,5.398212886211695e-5,0.0,4.195090646935569e-5,0.0,3.3463696673788945e-5,0.0,2.7197075915319147e-5,0.0,2.2360576384380694e-5,0.0,1.844489936520404e-5,0.0,1.5087842593493407e-5,0.0,1.199021548163728e-5,0.0,8.843262649679673e-6,0.0,5.227119984192541e-6,0.0,3.885564787196927e-7,2.9572461211500923e-6,0.0,1.3855923194569187e-5,0.0,4.1503236184144046e-5,0.0,0.0001743551745010336,0.0,0.0059330426437903955
0.07338884414727763,0.171838660928993,0.23194789321899445,0.3096529122633434,0.430324500705,0.5521190667412581,0.7151050202539205,0.8790233189729932,1.1214085234324718,1.356391902811918,1.5525277612691435,1.8113921128895731,2.0666102571908103,2.3510903939282137,2.6075456412071625,2.8103908340915624,3.052893065009082,3.275573835151842,3.468717067380112,3.49603020765906,3.550156443733803,3.6620184967493845,3.684454286212138,3.654904769729455,3.662383205991291,3.6342882940198513,3.5611583736200876,3.4716127872870737,3.347134995010037,3.2600843904844035,3.2120287441515583,3.1820376403689536,3.194122210119205,3.212148492563203,3.2213423910663153,3.2562070397870655,3.3065684862188895,3.399178661919907,3.497742567290699,3.6462951899691416,3.888274545181454,4.133831233485736,4.360619806448723,4.5764132344729305,4.725006320510486,4.869705488109546,5.006750704651904,5.155248384329531,5.298929680216616,5.303849179961099,5.119950609029463,4.821254323535968,4.539460080947153,4.012342969840825,3.0608405531934393,1.4707294043511172,0.2906837456249086,0.015503352518871362,0.00042683759621859284,0.0,3.1849712689836453e-5,7.592705183378712e-6,0.0,3.162157095212024e-5,0.0,3.3743414568925804e-5,0.0,3.127038389775407e-5,0.0,2.8207929055861315e-5,0.0,2.5516760158643592e-5,0.0,2.3382128582670703e-5,0.0,2.1791010647211806e-5,0.0,2.0693712918728124e-5,0.0,2.0052156398924126e-5,0.0,1.985704416765657e-5,0.0,2.0140289593837226e-5,0.0,2.099603285205376e-5,0.0,2.262781843528501e-5,0.0,2.5467351363840863e-5,0.0,3.0521331583076976e-5,0.0,4.064232033197186e-5,0.0,6.715537663949363e-5,0.0,0.00019415463677469234,0.0,0.005575291208561612
0.06746231262635774,0.15931945083415885,0.2136162093212126,0.27709219338478763,0.3854441348903909,0.4965839873751785,0.637277147924074,0.7852648298318036,0.9854193280085968,1.2231431991766808,1.380771018914807,1.6066475263978075,1.861233224234934,2.075068689466006,2.326964259197602,2.5089690973663537,2.717342280140916,2.932766111760415,3.124212916275409,3.273592894536787,3.251558786019689,3.312664785137798,3.4496881289254397,3.478269369022141,3.4285367242790485,3.4401719825573807,3.4382682909059077,3.4271360514527553,3.376836573645103,3.326605839121982,3.283997482206319,3.241587050538755,3.2101206282416093,3.1951729595999274,3.2153028975132485,3.2738537358203756,3.369451116780272,3.4794033881295796,3.6378982845677,3.814131581274573,3.9518651736431525,4.10884412680555,4.266024315010816,4.366855143619546,4.503277431168396,4.621554335248016,4.729379088611506,4.81685968738701,4.893145042421464,4.765820041607478,4.508632206425052,4.27001468922908,3.922884851182076,3.2820555279402965,2.1444326533656453,0.7077134095479862,0.0779745777743442,0.0023138846000275407,0.0,0.0003418610481782707,0.0,0.00021283742752284526,0.0,0.00013918784110373964,0.0,9.755457573337481e-5,0.0,7.232226026153512e-5,0.0,5.601091415301198e-5,0.0,4.4906178353267024e-5,0.0,3.703374903816439e-5,0.0,3.127646809043654e-5,0.0,2.69694542792422e-5,0.0,2.3703059880426738e-5,0.0,2.1222915603357253e-5,0.0,1.938029077391548e-5,0.0,1.8114790469189758e-5,0.0,1.7470557610795368e-5,0.0,1.767748909951479e-5,0.0,1.942867770230805e-5,0.0,2.496508614312916e-5,0.0,4.393510698137107e-5,0.0,0.00015138888757719544,0.0,0.005054416204859081
0.06310326771405635,0.1480650048812797,0.19753191338406234,0.2500451794569297,0.3486125201397694,0.45184561469965323,0.5693404556913346,0.7071696731454123,0.8677756370828189,1.08792298731472,1.2472991162953644,1.4243377817469716,1.6637308243884836,1.8546808575148648,2.0739830996811808,2.2637436084639813,2.402883707709997,2.6302661428832783,2.783559859633309,2.965234301368471,3.0789954117598106,3.0332357838005084,3.0946474181392416,3.2334251497849205,3.2644295646375485,3.2413511409201297,3.2364068143657834,3.2516805017076447,3.2774841374197305,3.282507016654817,3.257968368019214,3.270468032805148,3.293345408002666,3.3192535608131672,3.347237010599413,3.392668819233077,3.458143874040138,3.547165524338576,3.6465375184364777,3.767299412333905,3.872381886452578,3.954679657307428,4.034430563439887,4.169166022904822,4.269075320580369,4.34545442342363,4.428795811450589,4.493787164639958,4.424048002800426,4.200345587491595,4.000973135313278,3.742583739053294,3.308011950245994,2.538236843434684,1.2262859656318685,0.24172939561098558,0.012364161977940694,0.00047179898114295616,0.0,9.183233279900378e-5,0.0,1.989632744698611e-5,0.0,0.0,4.882501251995563e-6,0.0,8.79498532285652e-6,0.0,1.0093186803715071e-5,0.0,1.0425328443125181e-5,0.0,1.0398881083165179e-5,0.0,1.025766592756554e-5,0.0,1.0104498243163107e-5,0.0,9.98251025848731e-6,0.0,9.90649097984715e-6,0.0,9.873604022141081e-6,0.0,9.86213657524786e-6,0.0,9.816255348414416e-6,0.0,9.599792434528355e-6,0.0,8.85624836482748e-6,0.0,6.515394838061184e-6,0.0,0.0,1.2288443665966043e-5,0.0,0.00011084817590854072,0.0,0.0047080347252147475
0.05908619475527121,0.1366352399839856,0.18187984042491626,0.22748659755744885,0.31582803258830494,0.41215143961036177,0.5086151884831869,0.6410708927336245,0.7682043015059269,0.9639162269130132,1.1457714552555471,1.271747381734132,1.4603921223494953,1.6770082447485737,1.8608529383429275,2.047343274421999,2.185446807551614,2.3444560987132386,2.5390472697912205,2.6383141220522317,2.8224158811522457,2.906274034866191,2.861934294981846,2.9145493466513344,3.0060698082332697,3.05568263601412,3.0733837158647876,3.084994170360949,3.083932838541809,3.096248146712477,3.140555505226506,3.1804414241813808,3.2203871688579198,3.272616507893817,3.3094280395679236,3.3458500376805165,3.4084497716755213,3.496931556726904,3.5591706304250765,3.623025511661136,3.6724715169929696,3.7417591641445456,3.8465417182535053,3.9286765523968588,3.9788393521947265,4.069719675760236,4.1468352920139155,4.077492054469046,3.877448777355027,3.7287167395180654,3.5358566416732127,3.2278797522464546,2.6881290416125627,1.704610920880633,0.528835431993705,0.05401245572901485,0.0017819372467163704,0.0,0.00032592262947609926,0.0,0.0001924453255437584,0.0,0.00012396509460768358,0.0,8.657021915223596e-5,0.0,6.427402777208045e-5,0.0,4.999052868552099e-5,0.0,4.031766797270393e-5,0.0,3.347912058288785e-5,0.0,2.8478567159072556e-5,0.0,2.4722823534102645e-5,0.0,2.1840135025558996e-5,0.0,1.958580513182824e-5,0.0,1.7788761172778324e-5,0.0,1.631623830726312e-5,0.0,1.504083974432433e-5,0.0,1.3787596135443893e-5,0.0,1.219871537941799e-5,0.0,9.26742787087278e-6,0.0,1.201127800231916e-6,9.267086078762077e-6,0.0,0.00010337328363748384,0.0,0.004443880103351694
0.05499262724967048,0.12682286878076102,0.17025635574659628,0.20871178427929538,0.28780970394744193,0.37956336362758625,0.45751100785201454,0.5824873712656836,0.6876921952614902,0.8587426550939601,1.0437698997493157,1.1524446464061253,1.2936292483409926,1.5089429636894771,1.6613391145668333,1.846679276766646,2.007625763137898,2.1085544430105227,2.2900617302344703,2.4375622730349376,2.5093736778346694,2.68994690029184,2.7690195829906994,2.7440551388106367,2.767222500658525,2.827309064386658,2.894493657148444,2.914279377188266,2.932361110137778,2.9605224470055003,2.9825669943549658,3.0146363039022908,3.0657562118436297,3.1096004641368076,3.1545115050206745,3.22119793890371,3.286587300973439,3.329371356462855,3.365507016068377,3.39047301247522,3.453726491197826,3.5797677045967444,3.6692212348821633,3.7129158351085327,3.7471274590730625,3.806359048702268,3.751424595854539,3.595690439341312,3.4810039680514415,3.3400273704375913,3.078539286560052,2.6845448854171265,2.013042537619673,0.8996984718810739,0.16020135445832265,0.007588987739077243,0.00017774115934898873,0.0,0.0,2.7948867383929612e-5,0.0,2.773029107211187e-5,0.0,2.1844840648554965e-5,0.0,1.6492605931489378e-5,0.0,1.2315669934469043e-5,0.0,9.111387775010371e-6,0.0,6.610360883496469e-6,0.0,4.598210674157599e-6,0.0,2.918043276440585e-6,0.0,1.4550985673849937e-6,0.0,1.2281433682801436e-7,5.161544229849824e-7,0.0,1.775954421464121e-6,0.0,3.0507568149914736e-6,0.0,4.370504333201098e-6,0.0,5.7173451365088116e-6,0.0,6.919813913918916e-6,0.0,7.240877951335279e-6,0.0,3.3995349534961863e-6,4.209549623919884e-6,0.0,8.724839039095969e-5,0.0,0.004134048132138196
0.05165484569132805,0.11872704764219671,0.16025632419103422,0.19226983259137584,0.2612424851244151,0.34650474292960115,0.4163861935744198,0.5333990142724996,0.6264866562363225,0.7679674763906519,0.9384129585442977,1.060765145628529,1.1744748098353426,1.3434109632960722,1.5108374475937794,1.6687253952662606,1.8201979435332885,1.9533621031739636,2.0545129638219146,2.2366559346591526,2.3426743238830663,2.392786121694723,2.552159541465495,2.6356063047899005,2.6350768499187565,2.639865633981207,2.677763550308825,2.7376000959094062,2.799275849631874,2.833428456832158,2.8546375299586986,2.882972309376402,2.91149503517027,2.9370512913336455,2.97667913420691,3.0135988189316816,3.0597647528646044,3.1044696373943332,3.1692976037308673,3.263105109088931,3.3473533648902407,3.3978317473961375,3.4438653346739003,3.457655545973064,3.504308422969514,3.474475164433324,3.3433002920301558,3.2428136480454177,3.1249066626857416,2.9275612978861516,2.639756027938685,2.1528613243970343,1.259602662964841,0.34240068137938523,0.03002319470459745,0.0011519318815244332,0.0,0.00021392031621790013,0.0,0.00011267092995335589,0.0,6.677945820956666e-5,0.0,4.371432901816661e-5,0.0,3.0652533543798203e-5,0.0,2.255150096352736e-5,0.0,1.715663436716568e-5,0.0,1.3348730736106519e-5,0.0,1.0522386379489035e-5,0.0,8.325560250523268e-6,0.0,6.540008927731833e-6,0.0,5.022155429651321e-6,0.0,3.672363586520078e-6,0.0,2.419481712058769e-6,0.0,1.2168425813797513e-6,0.0,5.48628388060024e-8,4.920862487779232e-7,0.0,1.3624720464576967e-6,0.0,1.2238859388162383e-6,0.0,0.0,1.103886747659999e-5,0.0,9.228692548767867e-5,0.0,0.0039183567048201445
0.048807107795171764,0.1110128743082376,0.14977915156528693,0.17761287654600388,0.23807055255267615,0.31849733383115003,0.38377229690970666,0.4854968029644263,0.572815391845199,0.6894068270985513,0.8402819906319786,0.9823485036169994,1.0685741768858255,1.1980901006534617,1.375399670051457,1.5072104840516594,1.6519171140995004,1.7780556756719612,1.8741729316517828,1.9908208391966398,2.1548224055625544,2.256780440549717,2.299590118933288,2.4119926280100916,2.502112347900172,2.5380049230220654,2.5330658654166083,2.532605618184165,2.5823013047303993,2.630856017284213,2.688351588808812,2.7386939137360264,2.7715286366674836,2.8083880540195425,2.8580477174734917,2.8915253134518006,2.923832718111302,2.981893701646893,3.0658975841918163,3.137986531508904,3.1730018779472404,3.1899275260813935,3.182963145400029,3.2394194891937,3.2179667662670153,3.110547004425303,3.0166731505939426,2.919702873225161,2.7753652863146767,2.552486949182159,2.1967180986110106,1.5440808447026877,0.5908320982497404,0.08525903594356711,0.0035195493279002225,0.0,0.00015928650590369672,0.0,0.0001095903946516046,0.0,7.682684586125106e-5,0.0,5.6268205992819276e-5,0.0,4.3198403840779064e-5,0.0,3.4519321027255505e-5,0.0,2.8518410254037007e-5,0.0,2.423126759385923e-5,0.0,2.109145245394757e-5,0.0,1.8751978820910156e-5,0.0,1.699226906639524e-5,0.0,1.566749618505128e-5,0.0,1.4679364466064726e-5,0.0,1.3957444245534135e-5,0.0,1.3444010895727842e-5,0.0,1.3074468866216194e-5,0.0,1.2736087883604341e-5,0.0,1.214966043480672e-5,0.0,1.0448678098327947e-5,0.0,4.253779160171689e-6,4.550997469232243e-6,0.0,8.630091374525364e-5,0.0,0.0037336760918346046
0.04575109198533937,0.10455428903596253,0.14029036881456072,0.16675798283453347,0.221279569986175,0.29438629649853276,0.3553699604143752,0.4428352657150057,0.5297330639213913,0.6201582864125716,0.7579702080661844,0.8990817537685546,0.9833211294486023,1.086692730307069,1.24361640041317,1.3727200860676505,1.5131594276116818,1.6273048561292698,1.725779266904905,1.8224212860521585,1.9224767783490788,2.0721138079952026,2.166622329481789,2.194795229594793,2.2836028789598912,2.394533044936496,2.479422009187448,2.4916145604275886,2.4810469886606863,2.486512136861695,2.514564726078655,2.5605327182790534,2.602131599126797,2.6567319806370544,2.6903174586370326,2.737451760725984,2.8038817804397893,2.8628410210039683,2.915574958315462,2.9347269060841072,2.919346122094343,2.9367287637350676,3.005592576965887,2.9728325325411675,2.883885053696244,2.8050222419360344,2.7315043828991787,2.598085750361733,2.4363551272079067,2.1469820396000485,1.7115665662551958,0.862182043174782,0.18510126129767354,0.012442690848252313,0.0001776596061010423,5.2757888257769994e-5,0.0,6.312196560920712e-5,0.0,5.713311836871072e-5,0.0,4.706789036154078e-5,0.0,3.881888940231875e-5,0.0,3.252181763882618e-5,0.0,2.7760250051869664e-5,0.0,2.4134658896400653e-5,0.0,2.1346071902553378e-5,0.0,1.9183143482223386e-5,0.0,1.7498641187012255e-5,0.0,1.619088885236124e-5,0.0,1.5191527759998281e-5,0.0,1.4458805712638424e-5,0.0,1.3976353684302013e-5,0.0,1.3759779144311325e-5,0.0,1.387954283018189e-5,0.0,1.4528006503678627e-5,0.0,1.623348841912957e-5,0.0,2.0690174013543585e-5,0.0,3.518905123892182e-5,0.0,0.00011513159794976673,0.0,0.0035328198140907262
0.04352245116289805,0.09932313599042542,0.1330491596280238,0.1550470658766848,0.20461538854985148,0.27296520405978714,0.3296823407260231,0.40133394143263684,0.491177283945973,0.5623152264131154,0.6862727877279253,0.8152968761694217,0.9125315123796358,0.9919080901999893,1.1157453051731365,1.2491229087540727,1.3652379474939822,1.5021345128348584,1.5962228787688808,1.6776582885568814,1.7661555025204712,1.8609589376433187,1.9882974882535507,2.0825994348213026,2.107286537802612,2.172648671849395,2.2483902063052024,2.3355910490143166,2.4074940411293744,2.4485460603755627,2.469446947731204,2.487522396079234,2.523022574240265,2.5561184035265,2.6006937627447066,2.640299955729706,2.6605505307825377,2.690342657179417,2.7029229434757123,2.7031027771325657,2.7550150220269556,2.7990825704601163,2.7475461639855636,2.670564947981747,2.6127405080506385,2.551085026093951,2.442040769045721,2.3258316651901305,2.093692052720538,1.7736568852161436,1.119770854356594,0.33341269538166685,0.03554566543475657,0.0016787833004938877,0.0,0.0001362220129680736,0.0,6.89018965580999e-5,0.0,3.509213775350872e-5,0.0,2.013203494325353e-5,0.0,1.2420588619988849e-5,0.0,8.122317948800629e-6,0.0,5.582084470916016e-6,0.0,4.021247685523121e-6,0.0,3.0447386930973155e-6,0.0,2.4409519488472144e-6,0.0,2.0934408883476865e-6,0.0,1.939663800112612e-6,0.0,1.951622198612313e-6,0.0,2.128335783527291e-6,0.0,2.496987178165e-6,0.0,3.1245211121131435e-6,0.0,4.149253848117951e-6,0.0,5.863407654032926e-6,0.0,8.95559866767144e-6,0.0,1.5390841908629228e-5,0.0,3.287636753775587e-5,0.0,0.0001162568096546238,0.0,0.0033937944985184005
0.04102074038081874,0.09354787409451625,0.1253643631571398,0.1459904947124564,0.18980022497907847,0.2528199289323767,0.30621770079541716,0.3667219841413395,0.4560428800503896,0.5193982890921016,0.6256878410302917,0.7433846006382189,0.8482841920675841,0.9147599526101389,1.0160474618985333,1.1458267479628976,1.2452164496927784,1.3720115475692307,1.475607213895779,1.5559697428603478,1.6314049774693429,1.7026713716269122,1.7906882486317992,1.8893352510151122,2.0079687094953655,2.0334603182203157,2.0564414701615936,2.0985480021307437,2.1596380331520764,2.220083235555505,2.273653850994025,2.3167002445049394,2.356809780185798,2.3842389350099005,2.4230756486288194,2.460340710775453,2.4917764570591974,2.5014238286790547,2.5203077654551955,2.56078857955965,2.5663750332726165,2.524137592441801,2.4681092768842405,2.4202959405557,2.3705972156029245,2.285335870247432,2.1960358013058787,1.9968419942599074,1.7608906626419343,1.3132683122902666,0.5323711215070716,0.08448062032496323,0.004229204282681895,0.0,6.094541752975147e-5,0.0,4.337744374784052e-5,0.0,2.9296252595668193e-5,0.0,1.7785784983698252e-5,0.0,1.0833822368931578e-5,0.0,6.40067124459165e-6,0.0,3.4190009216217735e-6,0.0,1.3027222765231273e-6,0.0,0.0,9.488206756941509e-7,0.0,2.1051398176496153e-6,0.0,3.121480441950553e-6,0.0,4.079546108368959e-6,0.0,5.0483982775404005e-6,0.0,6.09680192446831e-6,0.0,7.306376945052762e-6,0.0,8.79110368423426e-6,0.0,1.0734656786735286e-5,0.0,1.3476957260718338e-5,0.0,1.7756007129719365e-5,0.0,2.5562298557815667e-5,0.0,4.440668707302393e-5,0.0,0.00012654973809112562,0.0,0.003225877727167608
0.03902955405758305,0.08899439767851336,0.11868938285805118,0.138307361647113,0.17786330620692742,0.23421592404892277,0.2856363120029323,0.33607117747863874,0.42210769734117826,0.4823315745631426,0.561932800297327,0.6790424262438423,0.7945154918858968,0.8583082616807353,0.9343266190213403,1.0409037909226388,1.1474702462593753,1.246827812699736,1.3537074459706038,1.4447575899892149,1.5075050591026709,1.5762343133600536,1.6523884274290657,1.7308828085560466,1.8126156828307045,1.9210104235168715,1.9967178238993541,2.041809878809227,2.0501369534440084,2.0645960927411022,2.099937741250573,2.1499319555400596,2.2100791753161793,2.2493020455188906,2.2792283711329895,2.309348360055832,2.3151617102735824,2.3328313182455664,2.3532923575594884,2.359371913295629,2.3238961184945506,2.285816268285133,2.2459118637436934,2.1856248608592965,2.1335600354300546,2.061807624578804,1.90092696437415,1.7023734991667328,1.4185029813289185,0.7363248438397574,0.16649404846091992,0.01294129865692712,0.0004654492910158979,0.00011255447484501247,0.0,1.323909770303544e-5,0.0,2.4454117494269668e-5,0.0,1.941463545831539e-5,0.0,1.5947271117556738e-5,0.0,1.327725792380079e-5,0.0,1.1304684269089194e-5,0.0,9.860488763297327e-6,0.0,8.811550551399706e-6,0.0,8.064476846811887e-6,0.0,7.557329131668667e-6,0.0,7.251969383469259e-6,0.0,7.129231457656715e-6,0.0,7.1870846117235495e-6,0.0,7.4420729244593535e-6,0.0,7.93534456188354e-6,0.0,8.74699555333791e-6,0.0,1.0028727521967086e-5,0.0,1.208403330838337e-5,0.0,1.559592315898044e-5,0.0,2.243419021851878e-5,0.0,3.969025639762549e-5,0.0,0.0001168247807343505,0.0,0.003060482476819152
0.03712451779973361,0.08498898998307822,0.11214141412533525,0.1301114929770674,0.16546821962186747,0.2174713088626513,0.26945967822899347,0.31148907290951827,0.3926194757299219,0.45447195978265503,0.5132396167139245,0.6209570615555098,0.7282837526574972,0.8028721915670644,0.8626064494635303,0.9522223312474748,1.056951567059979,1.1280420345590498,1.250075243936159,1.3453726360068827,1.4013443578995959,1.466532966399716,1.5282854521972176,1.583758914343632,1.656699488011357,1.7229640497640304,1.797219437082699,1.8715612387406975,1.9552828951611847,2.0286686954227204,2.0625652839640063,2.0713611555179137,2.0850384253182694,2.127711327929699,2.1478156485166777,2.1265471124447957,2.1448702450026986,2.1740006386643325,2.1635658160951707,2.138822765269339,2.130205374163752,2.092781137120703,2.0421079164260156,1.9955212676097531,1.9333015837490517,1.8115103984670198,1.6307445975769552,1.4490264334643372,0.9252895070058874,0.2847778130777983,0.03295485137204088,0.0016687298779613344,0.0,0.0,0.0,3.771820396632393e-5,0.0,1.3731948040231146e-5,0.0,9.508314427148434e-6,0.0,6.962651931917208e-6,0.0,5.663803274501334e-6,0.0,4.976422035542783e-6,0.0,4.624204982155789e-6,0.0,4.4749253887857775e-6,0.0,4.463419246349077e-6,0.0,4.55860742049481e-6,0.0,4.748876117446344e-6,0.0,5.035867034166586e-6,0.0,5.4328184489349955e-6,0.0,5.966322022504756e-6,0.0,6.682180687130313e-6,0.0,7.658520687436976e-6,0.0,9.035048907026067e-6,0.0,1.1084745453808864e-5,0.0,1.4418795689380205e-5,0.0,2.072067426543072e-5,0.0,3.646075977030705e-5,0.0,0.00010755615886127999,0.0,0.0028892531394426216
0.035256046081235004,0.08092983702724453,0.10646391062220568,0.12384560346011943,0.15538842514374004,0.20066007326305066,0.2513941466689631,0.2883867928809135,0.36001568744472146,0.4243852402384517,0.4698183323282714,0.5674882138647594,0.668438157850192,0.7522931279923746,0.7993848258364381,0.8789838101381702,0.9666401538928379,1.0531737427293273,1.1291421017283887,1.2448316300558275,1.3243447898301919,1.3772815954960527,1.4403591814691885,1.488796534745811,1.5194933178136998,1.5813804637740643,1.646288735407783,1.68677468217299,1.7336825540865686,1.7908201894535225,1.8307900013945693,1.866820426666995,1.900186294418897,1.9228876070818341,1.9445994561157165,1.9783098169196194,1.991240533736863,1.984341154925052,1.9971977479128038,1.9882158138395047,1.9384189285344038,1.8921992032510317,1.871176403207729,1.8293734814833573,1.7300670996201581,1.5690517748509218,1.429922661381532,1.0698307945910788,0.43236234308992666,0.07019116575245342,0.0034508733096780247,0.0,7.334140364141604e-5,3.185664335258025e-5,4.989015355110951e-5,0.0,3.230022126463155e-5,0.0,2.0803032462845296e-5,0.0,1.6013915816756707e-5,0.0,1.291058570354835e-5,0.0,1.0832199592368853e-5,0.0,9.393194401036453e-6,0.0,8.371474617706554e-6,0.0,7.634415827578778e-6,0.0,7.0994934596456005e-6,0.0,6.713201585625939e-6,0.0,6.439140675320232e-6,0.0,6.25066634383984e-6,0.0,6.125516990869074e-6,0.0,6.040492681131582e-6,0.0,5.963770132439095e-6,0.0,5.83996596869838e-6,0.0,5.5549290373164694e-6,0.0,4.838473013660405e-6,0.0,2.9408600352326178e-6,0.0,0.0,1.0012317719247221e-5,0.0,7.082746316073099e-5,0.0,0.002687580627168177
0.03377904726107286,0.07738294683193903,0.10224470868439457,0.11866109213561508,0.1467025297848893,0.18705640312903787,0.23763453640687995,0.2723552205737135,0.331327817268373,0.39723542341447726,0.4385200210669347,0.5176134576352739,0.6141145484660699,0.7098707251700143,0.7545406725302923,0.8087617475011707,0.8893785702855177,0.9721173537747808,1.044714330136351,1.1167501360526517,1.2131590270657668,1.2844011357275038,1.3457841828314843,1.4092828712152061,1.455411770575322,1.4858171479717757,1.525715225966912,1.5848774103655618,1.6284580332310594,1.645254897109791,1.679238964064602,1.7336252633770959,1.7767835051618408,1.8086839582940615,1.8128040245544148,1.8133002090096089,1.8240827373938941,1.8433652589682608,1.8400582027326422,1.7950236410805354,1.7592542299607472,1.7513909082263046,1.7151059228899395,1.6305217933983802,1.4955447915621753,1.3873364611872512,1.1572470284835374,0.5872460179376969,0.13397824365070282,0.00991870174532275,0.0002751678748408722,0.0001552356206551508,0.0,0.0,0.0,2.5176621272953528e-5,0.0,9.913574094775868e-6,0.0,8.162795263751832e-6,0.0,6.307189271501557e-6,0.0,4.990528995858768e-6,0.0,4.030824989740722e-6,0.0,3.3172218449180946e-6,0.0,2.7771621225838317e-6,0.0,2.3630892577784836e-6,0.0,2.043797032638395e-6,0.0,1.7992744134062378e-6,0.0,1.617915663155145e-6,0.0,1.495533564775542e-6,0.0,1.4362104617248407e-6,0.0,1.4558639923052397e-6,0.0,1.5911651084024927e-6,0.0,1.9211555911169853e-6,0.0,2.623846658934781e-6,0.0,4.146702988327889e-6,0.0,7.841539590390312e-6,0.0,1.9261333906342772e-5,0.0,7.937923806243817e-5,0.0,0.00259708053964344
0.03243572846656788,0.07463794421081037,0.0985271463770003,0.11410918787724182,0.13812679308517645,0.17604611505165213,0.2233198407443857,0.25722064953277585,0.3038535944494478,0.37132516676714955,0.4150051260530084,0.46938069587981557,0.5574283915803073,0.6513551619565288,0.719374016256429,0.750201109533338,0.8261643687797834,0.894827410069601,0.968826826818306,1.0276499935166057,1.10533730330285,1.1928407021645206,1.2462164978047605,1.304121146974445,1.356051309642219,1.407384355211663,1.4548323081025476,1.4818150384589936,1.5195731891415227,1.568766862284643,1.5892764769515364,1.608003530780985,1.6339307914353454,1.6492325090447617,1.6656104680100456,1.693758407694909,1.7063580345745937,1.704492115059292,1.6578509548842941,1.63374574533134,1.6381480621023399,1.6009266979551608,1.5328229610955313,1.41684354129161,1.309620759250958,1.185790511466833,0.7406329516144804,0.2212495345998012,0.0241281068161146,0.000653173507549397,0.0,0.0,0.0,8.79303518186589e-5,0.0,0.0,0.0,4.300763067590197e-6,0.0,1.9523484586443373e-6,0.0,1.2339323362994038e-6,0.0,8.935572767313716e-7,0.0,7.517170684423036e-7,0.0,7.191732580395183e-7,0.0,7.527266341639916e-7,0.0,8.314279821206583e-7,0.0,9.462153222557391e-7,0.0,1.0952668401841948e-6,0.0,1.2821706441172865e-6,0.0,1.5158389118369088e-6,0.0,1.8120394078323444e-6,0.0,2.197294739744393e-6,0.0,2.717492541523825e-6,0.0,3.457733037976141e-6,0.0,4.593315507008811e-6,0.0,6.543181378128793e-6,0.0,1.0547590981423128e-5,0.0,2.172026842927153e-5,0.0,7.848048786404434e-5,0.0,0.002484018549002579
0.03152122635502009,0.07084026962839393,0.0924461952838147,0.10788905357911655,0.13076897858494832,0.16659026581233963,0.2113915512998688,0.2449842429922495,0.28243499738705585,0.34953367477127256,0.3942269794157991,0.4305946284386436,0.5128310362709741,0.5933707270140427,0.6814754398403506,0.7138647185542142,0.7667813871851686,0.8387130254117944,0.9014709609967235,0.9769357622184167,1.0228015602298144,1.093313754157492,1.1782528554992224,1.2208295627068968,1.2665008631582144,1.3256583723000184,1.3560939412541204,1.3773068429426902,1.4079167133300912,1.4358983982412707,1.4737082685426428,1.5015268798379704,1.5230112461608751,1.5468305793613308,1.5719102816811237,1.5826478945926346,1.5629617198976402,1.541783817574361,1.5272874013431448,1.5165234902510056,1.4996612032908907,1.4476518514250631,1.356618150160222,1.2526258467467222,1.1690837434506678,0.8637711734316671,0.32697381930316755,0.049297656191107445,0.0021514045257060503,0.0,0.00025587083137353377,4.475253228433758e-5,4.276459308869676e-5,0.0,2.5257449729622296e-5,0.0,1.7882578733815536e-5,0.0,1.4299596333830779e-5,0.0,1.0233425324736346e-5,0.0,7.561467031882785e-6,0.0,5.702866950923635e-6,0.0,4.350040742247075e-6,0.0,3.324645036718721e-6,0.0,2.516319278674928e-6,0.0,1.8528864211475593e-6,0.0,1.284229565953865e-6,0.0,7.728492942987942e-7,0.0,2.8769681202902575e-7,0.0,0.0,4.5603286662299073e-7,0.0,1.0138706088582695e-6,0.0,1.6812835015116436e-6,0.0,2.548834402114153e-6,0.0,3.795226956572151e-6,0.0,5.84043750905039e-6,0.0,9.922639030537539e-6,0.0,2.114768695064413e-5,0.0,7.778264343437514e-5,0.0,0.002440977370803114
0.030615943406727467,0.06791517875406335,0.08843690320349225,0.10319545411534276,0.12203850208363906,0.15614978155571213,0.19768806006279738,0.23209943596195937,0.26412260112492125,0.3265643376902282,0.3718170606538304,0.39803146715045973,0.4684870448589236,0.5430214062410572,0.6267207464155732,0.6825928766370699,0.7087655256951834,0.7799336712562795,0.829196506040876,0.88533717308534,0.9608632165256814,0.9981307515402549,1.0499842549288978,1.1324493567136862,1.1790310177907501,1.2261545690165538,1.2778696727533772,1.3181452070441435,1.3481254819786148,1.3715703281793998,1.4037777507276632,1.4307538100525559,1.4618110847943397,1.4692949785515748,1.4675702116367344,1.4423917813529046,1.4281631441926967,1.4213984143424112,1.4099448690873055,1.4064758198381628,1.3606837653881427,1.2741657806353712,1.186544037704721,1.1315280191590118,0.9408280535040052,0.45329245799870005,0.09403450389919146,0.006525095197477163,0.00019560540501589686,5.982439709688947e-6,0.0,0.0,0.0,8.718840201606782e-5,0.0,6.695375876518029e-6,0.0,1.347340900490508e-5,0.0,1.0171442969499367e-5,0.0,8.319131108714828e-6,0.0,6.954334815873154e-6,0.0,5.927542200788594e-6,0.0,5.138288467423991e-6,0.0,4.520832313846768e-6,0.0,4.0308594381713195e-6,0.0,3.6379225542987115e-6,0.0,3.3209580317816293e-6,0.0,3.0656833472676226e-6,0.0,2.863328777220886e-6,0.0,2.710632279467973e-6,0.0,2.6116382448890364e-6,0.0,2.5831431992628496e-6,0.0,2.669286692980677e-6,0.0,2.982967801199266e-6,0.0,3.840080629379372e-6,0.0,6.293119093970745e-6,0.0,1.5050568338529047e-5,0.0,6.701605752225532e-5,0.0,0.0023661130456230496
0.029367871927913156,0.06566417622610757,0.08517634670086459,0.09888568285515123,0.11544661166486786,0.14746748288518713,0.18488734157204068,0.21952685182275783,0.24700538619350873,0.30402538126731715,0.3559001713590747,0.37949041509718145,0.4325015161886213,0.5001397986430586,0.5770742240398989,0.647658592219959,0.6720207880091233,0.7177399929738772,0.7895393973495706,0.8263837810847683,0.8738154402756624,0.9502840793484033,0.9837035746471527,1.0219875012012143,1.0777862450532623,1.1343758021349934,1.1848555951019408,1.2210358332217315,1.2584477597612107,1.2825245939520789,1.3013143107794898,1.3229175258106571,1.3262801779557962,1.3164776915102239,1.313408919194299,1.3097383064033017,1.3186597698808546,1.3114128858774754,1.3120527793267047,1.281527395855982,1.2094974569578405,1.1334731905138027,1.0735411567021778,0.9731014553656091,0.5767537446234846,0.15618944575798283,0.01467012060245902,0.00014141933791037218,0.0,4.2350811551219184e-5,0.00013466863551103643,0.00010954904204913874,0.0,0.0,0.0,7.045118447058485e-6,1.0144365256792299e-7,0.0,2.697272393356798e-6,0.0,2.5595510794573784e-6,0.0,2.4084944899641413e-6,0.0,2.2671623852147604e-6,0.0,2.1470221157869675e-6,0.0,2.0518776513654305e-6,0.0,1.9818350061541426e-6,0.0,1.9358458864189742e-6,0.0,1.912769058253616e-6,0.0,1.9117389550046936e-6,0.0,1.9321626314194875e-6,0.0,1.9733697799892983e-6,0.0,2.033638481498201e-6,0.0,2.1077109126053985e-6,0.0,2.180217322165845e-6,0.0,2.2069155755161775e-6,0.0,2.0549708641738107e-6,0.0,1.2799705952602381e-6,0.0,0.0,6.69674220611114e-6,0.0,5.306610604253592e-5,0.0,0.002236836792716608
0.028055285971543796,0.06329196970289566,0.08231281542124266,0.09564989298513826,0.10992980908182917,0.13924364083782584,0.17359768548423984,0.20972441452712343,0.2329793084143388,0.27915088242193414,0.3352610122757749,0.3641278560085222,0.39541120644202676,0.46569428554119185,0.5272606760545563,0.6037722764550183,0.6488907765829174,0.664166368847733,0.7221116953810252,0.7874576540887976,0.8221878708131516,0.8631921497001278,0.9146694662925737,0.9594392915762266,1.0055059876919867,1.0308082076091472,1.0681928850194147,1.100669744202732,1.1343269749032723,1.1651967988459724,1.1920881940806864,1.21584684559887,1.2189885146919197,1.2221638660514753,1.2253940293718173,1.2324125426042545,1.2264274661666357,1.2234121043991606,1.2129493492607635,1.1436167464415514,1.077306205993348,1.0220291174572516,0.9700302068707526,0.6862974863307267,0.23872626914980383,0.032030810266925246,0.0015645775259395692,0.0001749800826328965,0.00020589681716608085,0.0,0.0,0.0,2.4849319512810553e-5,4.640270108887421e-5,1.605306963228941e-5,0.0,9.276952722188981e-6,0.0,4.952321007681349e-6,0.0,3.811445023166016e-6,0.0,3.0803501404761847e-6,0.0,2.6070487457218405e-6,0.0,2.301183090867198e-6,0.0,2.109188895838088e-6,0.0,1.9994468850200065e-6,0.0,1.953367499754677e-6,0.0,1.9605575573223176e-6,0.0,2.016196390832192e-6,0.0,2.1196275643887932e-6,0.0,2.273603430876392e-6,0.0,2.483730069252488e-6,0.0,2.757383149946691e-6,0.0,3.1001361116977934e-6,0.0,3.5032505259550817e-6,0.0,3.8979780392764955e-6,0.0,3.969063721069688e-6,0.0,2.214717814968026e-6,1.322554863156711e-6,0.0,4.1879471700872274e-5,0.0,0.0021075606788190527
0.027159794415384807,0.060829952444200766,0.07851692150469534,0.09158243738042647,0.10364681024631592,0.1308758934104909,0.16382211357593227,0.20081959179353334,0.22462190054699827,0.2576618590299874,0.3163005126604216,0.3539432263045625,0.3696011191114166,0.4332571623135249,0.4882282507879418,0.5527834676464252,0.6154266822473711,0.6371659839742911,0.6641251798252482,0.7328976474340045,0.7867526446485429,0.8105101213333478,0.8598233318201388,0.8935574773294699,0.9204182770042854,0.963441336135947,0.9948727414062738,1.0158247525316224,1.0379184593133093,1.061507132681466,1.0962673492530486,1.1131303658016118,1.1204157196971019,1.1342451413328956,1.1390974685124564,1.1317055624289627,1.1472968065201898,1.1413457745047344,1.0795034269804598,1.0248857572237207,0.9738292618911925,0.9435324749193346,0.7673405519461158,0.33333242166922034,0.0588682767225843,0.0033354081183245743,0.0,0.0,0.0,6.268033776577511e-5,9.619318034414164e-5,0.000126599579312051,0.0,0.0,0.0,2.287693079458677e-5,0.0,9.949146876704163e-6,0.0,8.192894731882917e-6,0.0,6.5073352282979615e-6,0.0,5.25854012007585e-6,0.0,4.3008995661693914e-6,0.0,3.5438511044958435e-6,0.0,2.9268015746310993e-6,0.0,2.407725273178585e-6,0.0,1.9561083534426873e-6,0.0,1.548549678955169e-6,0.0,1.1658898730274815e-6,0.0,7.912397044492536e-7,0.0,4.0861676425265614e-7,0.0,2.2550131689058616e-9,2.145669770470704e-7,0.0,6.827176756814879e-7,0.0,1.1943149243961671e-6,0.0,1.6930003816924e-6,0.0,1.891205514129979e-6,0.0,3.7288414594627285e-7,2.917810737801574e-6,0.0,4.17397839292903e-5,0.0,0.0020434434913554496
0.026192340699070758,0.05860335884978929,0.07560591222838027,0.08972852348149252,0.10033532147421652,0.12491366861072925,0.15454162692434517,0.1898251611320096,0.21437024687483983,0.24067183171321146,0.29379092600163687,0.33528699659458183,0.35304969330273667,0.3969457281617175,0.4565896486999363,0.5109135974270971,0.5807355564277825,0.6189892872155469,0.6267690424954714,0.6588241223794581,0.7264849152228281,0.7706500915087241,0.8034418852771337,0.8505311394996323,0.8945505045779103,0.9336218168682723,0.9561749545713388,0.9884709500640597,1.007834443991835,1.018891398132238,1.0287667536861027,1.0376100130630004,1.0408897168166815,1.0457367904645432,1.0585114762160963,1.076470484134427,1.0591567320054815,1.0121481050413856,0.9610911663680427,0.9159306948414033,0.8936077425053369,0.7908124573935029,0.4379692706896618,0.10084765900916055,0.007862503137023101,0.0005164808405815279,0.00014249655207063938,0.0002972983493034519,0.00010827873999872396,0.0,0.0,0.0,2.640390027522699e-6,5.7150262905560115e-5,3.861833888589672e-6,0.0,1.9937869167279133e-6,3.045120316869543e-7,5.391754579022745e-7,0.0,9.370513952490001e-7,0.0,1.1520303699398937e-6,0.0,1.2773902258231829e-6,0.0,1.3576782544078015e-6,0.0,1.4159488285258704e-6,0.0,1.465673837446957e-6,0.0,1.5154487455220078e-6,0.0,1.571382599468052e-6,0.0,1.6384392402869708e-6,0.0,1.721251265735191e-6,0.0,1.8246161603201474e-6,0.0,1.953653621058038e-6,0.0,2.1132108052370312e-6,0.0,2.304983257636195e-6,0.0,2.5169318512780593e-6,0.0,2.6840314668334034e-6,0.0,2.5252364605421465e-6,0.0,7.037100769366589e-7,2.6111644929983414e-6,0.0,3.9924140622946426e-5,0.0,0.0019665068786513047
0.025407259519212955,0.05701610665568742,0.07235690465388334,0.08680663097010044,0.09582951116455539,0.11993637342665607,0.1471342739077414,0.17919716706057062,0.20463124752592876,0.22778010657800024,0.27329887715472034,0.3168331378787947,0.3420219790481646,0.36458748032050436,0.4264785633172967,0.4685164191681599,0.528848767152623,0.5976319881657537,0.6154314422550753,0.6293037922427033,0.6635427468253918,0.7140884977908152,0.7568834990188991,0.7821861606727558,0.8137067033190813,0.8490104083172546,0.8821284735352737,0.902167083361514,0.9221207212046552,0.929892865588213,0.9440069362188271,0.9641501904857869,0.977289962950497,0.9955831535539618,0.9966428081221399,0.9807496396050364,0.9504351243255685,0.906391641658774,0.8649068146396612,0.8432899711928488,0.7943680203759382,0.5358158687148852,0.16035085714416228,0.017562383110879338,0.0010573554952123913,0.0,0.0,0.0,0.0,0.0,0.0001572124776722319,6.285128345699037e-5,1.7496377913090554e-5,0.0,1.1586002429118025e-5,0.0,1.0348924446611819e-5,0.0,9.526958733010815e-6,0.0,7.54284922320494e-6,0.0,6.144637239708572e-6,0.0,5.122692509894478e-6,0.0,4.3549628575419775e-6,0.0,3.7664755271180185e-6,0.0,3.308547386995997e-6,0.0,2.948648352139571e-6,0.0,2.664694780150967e-6,0.0,2.4417011183686557e-6,0.0,2.2697920287100717e-6,0.0,2.1430376116768456e-6,0.0,2.0587567118127483e-6,0.0,2.0168541514976826e-6,0.0,2.0180655782496618e-6,0.0,2.057059710932663e-6,0.0,2.0936500013249318e-6,0.0,1.921397281557802e-6,0.0,4.409880332104876e-7,2.347284895381563e-6,0.0,3.589614638569288e-5,0.0,0.0018844841038347584
0.024876491873525915,0.05548599096755937,0.07014491537220913,0.08406586276522018,0.09144182273362227,0.11399154411767168,0.13914028844718604,0.17043655155489615,0.1946373061377657,0.21708027814913392,0.2540092127957517,0.29789880869098634,0.33190383970309373,0.34373240420022544,0.38831134290187,0.438506760439758,0.4780210593099533,0.5455753614922701,0.60545754022163,0.6121930850376319,0.6324780644392402,0.6577543397463232,0.6899466351935122,0.7229155825448503,0.7535082425482215,0.7805032054131964,0.8077345691393818,0.8338255216224075,0.8565753176690094,0.8765822816515753,0.8885119514326811,0.8833655904499315,0.9049909031206868,0.9222457882281624,0.9211470504157713,0.891887320978179,0.8489572188225021,0.819319339656736,0.8010845571146143,0.7826671628886364,0.6075510044615914,0.23941421870409482,0.034071869610910896,0.0013791397701612028,0.0,0.00016603343695678632,0.0001786577113038618,0.0002723660078373996,9.70360899862925e-5,1.4115320722099513e-5,0.0,0.0,0.0,6.751575530718128e-5,0.0,5.472928244751074e-6,0.0,1.1807632080319763e-5,0.0,9.57862367854432e-6,0.0,8.307587889885326e-6,0.0,7.338014466904497e-6,0.0,6.583850395099944e-6,0.0,5.987193060991559e-6,0.0,5.5087419708797825e-6,0.0,5.120596559254409e-6,0.0,4.8021732628512835e-6,0.0,4.537595025749397e-6,0.0,4.313874186027533e-6,0.0,4.119514652666112e-6,0.0,3.943311389048176e-6,0.0,3.773271000136447e-6,0.0,3.5959375660240768e-6,0.0,3.397748570841941e-6,0.0,3.17567547112958e-6,0.0,2.9910250004377304e-6,0.0,3.2520249884669286e-6,0.0,6.586448667940204e-6,0.0,3.8732274642597985e-5,0.0,0.0018510976343188888
0.024031385443825198,0.05334000803806103,0.06798722427522472,0.0824437804304897,0.0885759990709756,0.10878228631128191,0.13166040788772626,0.16056394848213545,0.18752993620861896,0.20809490772061473,0.23836363173582742,0.28106054616982584,0.3199048757313257,0.33298904527496714,0.3574305434376834,0.4133460618167414,0.4507003746633402,0.4892862763532877,0.5555035625539279,0.6023202945149888,0.6142178680470063,0.6304366488239463,0.6524088613735263,0.6740450721779411,0.7029564184977412,0.726910625439015,0.7508626674327255,0.7745033113185446,0.7877450450372581,0.7955910212958283,0.8148125717554492,0.8462790509628806,0.8630493979152966,0.8528658941283164,0.8301294618717447,0.7893653002773083,0.7694147492028639,0.7562942668423386,0.7555635347682196,0.6538663242578402,0.3336258313538717,0.06484084016106019,0.0039187555045022806,0.0005686107487253026,0.0,0.0,0.0,0.0,0.0,2.6162467619467123e-5,0.00010306118836782333,9.414314793934296e-5,0.0,0.0,0.0,1.1092724777199692e-5,0.0,1.7594156092513914e-6,0.0,1.6782392818413427e-6,0.0,1.2590303954539196e-6,0.0,9.406115338606469e-7,0.0,6.868242673135683e-7,0.0,4.7522943905278225e-7,0.0,2.9009602185396946e-7,0.0,1.1981685438513523e-7,0.0,0.0,1.279396026802715e-7,0.0,3.0024552006580054e-7,0.0,4.885103816832271e-7,0.0,7.030947555904277e-7,0.0,9.569206219566696e-7,0.0,1.2665848875258234e-6,0.0,1.6528332829238935e-6,0.0,2.1370960876538448e-6,0.0,2.7190892835960767e-6,0.0,3.2602554472646264e-6,0.0,2.8056294746079404e-6,0.0,0.0,2.9620417848110493e-5,0.0,0.001783657691990841
0.023294425816490983,0.05174020370392567,0.0654417881250785,0.07877688871382643,0.0843582667541219,0.10299352281066895,0.12648688795332605,0.15041561140549262,0.18087020758683106,0.20032370051324616,0.22570266000131137,0.26063177512142005,0.30318655270944445,0.3284122002667003,0.33557833570167594,0.37494712834727306,0.42951904038654776,0.4647130000143356,0.5003876971529885,0.5644641694701149,0.6000964738890796,0.6138117675948405,0.6249868227163964,0.644994626340193,0.6699726778328008,0.6879724182598943,0.7005360817662251,0.7132142647958571,0.7348809409114455,0.7809528161224486,0.810837909580117,0.7980705486284541,0.7891725424488901,0.7754392761867819,0.7414019599766029,0.7253818242010196,0.7149850851166983,0.7132716413569115,0.6720801718937588,0.41642309091915214,0.10751046802023953,0.008391090169620632,9.563960578815056e-6,0.0,0.0,4.759248903993125e-5,0.000253470792567515,0.00019024156877437692,0.00014896657445382858,0.0,0.0,0.0,1.545775279229815e-5,3.8589226212337734e-5,1.2538457688879136e-5,0.0,7.899422212142327e-6,0.0,5.046697721832061e-6,0.0,4.335820845608396e-6,0.0,3.817321535461816e-6,0.0,3.435852600159706e-6,0.0,3.1549258575978458e-6,0.0,2.9495425119421273e-6,0.0,2.803358339269835e-6,0.0,2.7058193742959704e-6,0.0,2.6504036860842464e-6,0.0,2.633599349883298e-6,0.0,2.654346968938626e-6,0.0,2.713768529974914e-6,0.0,2.8150061852556977e-6,0.0,2.9628067246449064e-6,0.0,3.161717672355735e-6,0.0,3.4088179543687147e-6,0.0,3.6645806455453567e-6,0.0,3.724630826674513e-6,0.0,2.5285591827241663e-6,1.6092682466251064e-8,0.0,3.1273412554469364e-5,0.0,0.0017350518844483815
0.022599277280039617,0.05074935048573143,0.06344239987017596,0.07610576122980184,0.08142810075777454,0.09741234850556486,0.12053577882109977,0.14101783841625584,0.17416798322890684,0.19032090713744892,0.21382267800805677,0.24320784285100983,0.28086506189519167,0.3149169720359531,0.32740402862028206,0.3443424089653323,0.38832381214940614,0.43342238399828675,0.46495725835238055,0.4980510098889173,0.5592638901442046,0.5993100825131047,0.6207969027128245,0.6362188379189133,0.6539760669058982,0.6795028240271525,0.7055402644848748,0.7332648747142978,0.7511483102078874,0.7465448777459509,0.7393403481914499,0.7245845709294141,0.710591383351627,0.6885834676477955,0.6823420508494488,0.6792272855774458,0.6755852760441526,0.6610614180853068,0.48405402917148577,0.16483907809881682,0.019449032130139002,0.0011870121506593564,0.00026923276790631547,0.0003702800830799049,1.4214583470084108e-5,0.0,0.0,0.0,0.0,3.7674521108877456e-5,8.351817797089893e-5,0.00010209295601284794,0.0,0.0,0.0,1.999662518099399e-5,0.0,1.0006651351704932e-5,0.0,9.085342769446926e-6,0.0,8.048067471395372e-6,0.0,7.258165638222636e-6,0.0,6.651029750196358e-6,0.0,6.18348188922937e-6,0.0,5.8256305722352415e-6,0.0,5.556860351725845e-6,0.0,5.363062142487252e-6,0.0,5.234903365271748e-6,0.0,5.166813157120487e-6,0.0,5.156508226536971e-6,0.0,5.205044911599544e-6,0.0,5.3176193670879e-6,0.0,5.505887963954592e-6,0.0,5.794251341649215e-6,0.0,6.238588849817006e-6,0.0,6.991993869010572e-6,0.0,8.593137424605857e-6,0.0,1.371942410598308e-5,0.0,4.61295616965856e-5,0.0,0.00169322785190802
0.022533893849412186,0.05037545578628415,0.061864767806194064,0.07448190554234972,0.07970989743940068,0.09319986147014116,0.11588122725803748,0.13488969969094863,0.16492113445113316,0.18252690573255131,0.20527964470315874,0.22883529393695917,0.26102563490985276,0.2993114306036586,0.3181787957746301,0.33082197216931897,0.3504601746528749,0.3969381047626499,0.4401473484833712,0.46715019952244097,0.4854997642430997,0.5323297336800589,0.5832252618627513,0.6118879718717484,0.6325466273163586,0.6595562065708854,0.6768477958358237,0.6854910136083904,0.6884356562085449,0.6786933364996398,0.66312924508488,0.6504564018316935,0.6463990917785697,0.6457457730771722,0.646595745952703,0.6326824904472634,0.6402277565463168,0.5347238820385753,0.23470480271498778,0.03800189475724798,0.0013299918533606785,0.0,0.0,0.0,0.0,8.262032194856489e-5,0.00021452069113737481,0.00020023677518593672,0.00013069216598105983,0.0,0.0,0.0,9.698710815371215e-6,4.022050256020293e-5,8.861579497295224e-6,0.0,5.170593488696796e-6,0.0,3.010476884446689e-6,0.0,2.6674833142578793e-6,0.0,2.397020076341505e-6,0.0,2.184905184753916e-6,0.0,2.0195812098108947e-6,0.0,1.8910940918431153e-6,0.0,1.7922533425007715e-6,0.0,1.7179553670302995e-6,0.0,1.6646127861804417e-6,0.0,1.629748738332637e-6,0.0,1.6116920995045803e-6,0.0,1.6092841343379406e-6,0.0,1.6214363639846853e-6,0.0,1.6461416502352222e-6,0.0,1.6777547391029658e-6,0.0,1.6985478198421333e-6,0.0,1.6490920924809416e-6,0.0,1.305956248100415e-6,0.0,0.0,3.0834172407196547e-6,0.0,3.324061439197408e-5,0.0,0.0016676343217555429
0.02194064153523865,0.048643685729074876,0.05958136974010583,0.07183121496509715,0.07736259433356356,0.08891419144688546,0.11204341523709584,0.1301186228117633,0.15567609765687238,0.17652694243238357,0.19580066159389312,0.21938966874606927,0.24758238606247096,0.2884278689750657,0.3099616004483706,0.32310937364631986,0.337730316894846,0.3593959706047946,0.409640021363877,0.45767919226880616,0.4868149079331922,0.49205098709453327,0.5067274725505553,0.5366823363098386,0.5683330134135941,0.5816694105408229,0.6040143568151267,0.615924474692193,0.6062496747253646,0.601128563336082,0.5987978681750722,0.6030043230126557,0.6038917789070921,0.6047362687279406,0.5916612209464533,0.6061948717429225,0.5554592163731448,0.3095973147347563,0.06926206559870746,0.004526784583018446,0.0005771442826233567,0.0003327736223289037,0.0004250170653635195,0.0002312569059067272,0.0001062006510149729,0.0,0.0,0.0,0.0,3.927574753592467e-6,0.00010561894409141673,7.503388455343725e-5,0.0,0.0,0.0,4.7499614851631125e-6,6.529876427748604e-7,0.0,1.8281461042761294e-6,0.0,1.4815391353749875e-6,0.0,1.229424423513592e-6,0.0,1.0392286842261455e-6,0.0,8.910954748671429e-7,0.0,7.735852610039729e-7,0.0,6.790357775571466e-7,0.0,6.020884713962005e-7,0.0,5.3889825449005e-7,0.0,4.866352337103309e-7,0.0,4.431196462974185e-7,0.0,4.064664030011045e-7,0.0,3.745516064554977e-7,0.0,3.438575139625755e-7,0.0,3.064093143620994e-7,0.0,2.4054885506643586e-7,0.0,7.939479569927244e-8,9.57760610447167e-8,0.0,1.0360458538144712e-6,0.0,5.2029849529446895e-6,0.0,3.572072730435707e-5,0.0,0.001637635223199655
0.021596199247030486,0.047806223932051105,0.05771962678343396,0.07070074450760036,0.07629309859101426,0.08603156939670432,0.10802225517937061,0.12512819605515407,0.14659803832324492,0.17102432813765972,0.1829553550196929,0.20942920957461544,0.23355122609786713,0.26982541724206377,0.29697488134247846,0.31006822551786617,0.33257463526246667,0.3405438307775242,0.3665050358241361,0.4130136239435764,0.4500832420421798,0.48722431807026534,0.5116468762902189,0.5306934266855787,0.5425099422374035,0.5496476215323407,0.5499650985488781,0.5414488913238091,0.5437058535471831,0.5547901676028055,0.5571578342864114,0.5598625350770038,0.5734221480332543,0.5630124708103723,0.5737995937007379,0.5606141787588778,0.37961511769020967,0.11296046171760048,0.010067036825321294,6.623743348165477e-5,0.0,0.0,0.0,0.0,0.0,0.0001153848078079875,0.00017366420041847733,0.00021988869009606163,0.00010433906336994596,2.9789026731663173e-6,0.0,0.0,0.0,5.0079130549818276e-5,0.0,0.0,0.0,5.206759818997853e-6,0.0,3.956114264360622e-6,0.0,3.3195370462181017e-6,0.0,2.816721298131597e-6,0.0,2.408253877251809e-6,0.0,2.067413809345453e-6,0.0,1.7753069698301261e-6,0.0,1.5175981964148379e-6,0.0,1.2827211013245688e-6,0.0,1.0606520962028298e-6,0.0,8.419450042310927e-7,0.0,6.168594159134955e-7,0.0,3.7447691038323684e-7,0.0,1.017818180116592e-7,5.076577081126743e-8,0.0,3.9935617433002335e-7,0.0,8.196299011842712e-7,0.0,1.3086186154538383e-6,0.0,1.7451889787842846e-6,0.0,1.3157630632747442e-6,4.541348642476351e-7,0.0,2.673951599349209e-5,0.0,0.0015884316347203737
0.02080365942213522,0.046561508098578966,0.056147294115065825,0.06860224321302667,0.07396434055903787,0.08237021364274495,0.10302093738312004,0.11938375284914199,0.13735346602022525,0.16417324025609575,0.17600831552680546,0.20112713166386784,0.21799861060119022,0.24655277633305991,0.2852342642508508,0.3002607550938783,0.31728585529070386,0.34344041545377185,0.34170476820822304,0.35839054508590606,0.3918213204459519,0.4222133190627461,0.44702093845573404,0.4692604393786578,0.4859761513464177,0.4862190085770866,0.4790365809996829,0.4819637781136111,0.5045743418071668,0.513225674572303,0.5295606272583353,0.5506715354672063,0.5372206484674975,0.5408183211526346,0.5470272490966325,0.4325935200244398,0.16864226465069865,0.02223583326973101,0.0007259082833110768,0.0001865083488780499,0.00042519094868131904,0.00036191691568657804,0.0004017810903748711,0.00022472362138902611,0.00010824827002492726,0.0,0.0,0.0,0.0,0.0,0.00010860925219179478,6.561843648681816e-5,6.583585897715239e-6,0.0,4.330309466558902e-6,0.0,6.270583533182617e-6,0.0,6.987703258391775e-6,0.0,6.35040152219517e-6,0.0,5.873002114003612e-6,0.0,5.515870862927841e-6,0.0,5.2529067833802406e-6,0.0,5.068386061293495e-6,0.0,4.952317280867646e-6,0.0,4.898932574224091e-6,0.0,4.9059792580465005e-6,0.0,4.974481923954954e-6,0.0,5.108893944452575e-6,0.0,5.317648172240297e-6,0.0,5.6141671745081115e-6,0.0,6.018375026769718e-6,0.0,6.558438636454867e-6,0.0,7.270803576221852e-6,0.0,8.1883799894797e-6,0.0,9.261971490226984e-6,0.0,9.855755692029789e-6,0.0,4.370223498324322e-6,1.3708619706400783e-5,0.0,0.0015008808700737106
0.02034519571910246,0.046073107419045266,0.05493396413679016,0.06657412101572104,0.07281448467242481,0.07938244484286262,0.09868908260841054,0.11524359358120405,0.13041007827979356,0.1582307670214765,0.1701076343179869,0.1893468161321547,0.2159634401397195,0.22938013571274898,0.26485975124915306,0.2909566478672692,0.29555237750981034,0.32075837488029085,0.351558409132583,0.3494371294271841,0.35392188594280793,0.37322852462851874,0.39417884307643025,0.40840615344284414,0.4178857243812666,0.432478086232368,0.4538434493795427,0.4695034038836113,0.48271319814336944,0.5126036327512219,0.5242586705514195,0.5021825801349503,0.5087551633420199,0.5267300832363204,0.46245208541349814,0.23152037064201542,0.042836811643431144,0.0020459807332706818,6.367998102066395e-5,0.0,0.0,0.0,0.0,0.0,0.0,8.927942459435486e-5,0.0001835817857096913,0.00020115493978202894,0.00011247938898037404,0.0,0.0,0.0,2.325485866094823e-7,4.428700900206764e-5,1.5864552020047996e-6,0.0,0.0,2.912093316865594e-6,0.0,2.2516609349054307e-6,0.0,2.041677070587866e-6,0.0,1.8684270083440425e-6,0.0,1.722216889356787e-6,0.0,1.5966416060791745e-6,0.0,1.4870100817006461e-6,0.0,1.3893283666220669e-6,0.0,1.2999124091720661e-6,0.0,1.2150810816820014e-6,0.0,1.1308258269764339e-6,0.0,1.0424041506666981e-6,0.0,9.438105535082287e-7,0.0,8.271078528196086e-7,0.0,6.817748365165244e-7,0.0,4.950268317031714e-7,0.0,2.5770392068693585e-7,0.0,0.0,8.379199790056191e-8,0.0,0.0,2.0231234555751597e-6,0.0,2.5370093128734084e-5,0.0,0.0014727515545171473
0.01971651589077679,0.04397362003912601,0.05271463154589524,0.06468746087679556,0.07204082906383442,0.07674650324504662,0.0943948331183915,0.11158385582849097,0.12520303983425043,0.14891401527875578,0.1680500801663787,0.17806951036345436,0.20658666808152984,0.22195141446013358,0.2467447562709238,0.28601886750629485,0.2973429911852419,0.29517072753275597,0.3150685909737758,0.3470519413236454,0.36559484119653146,0.3657873488155006,0.37380720479866225,0.38524304615498206,0.39997423963180445,0.4209137983118999,0.44030113958026945,0.45095724760758277,0.4812010632118052,0.4870597672787589,0.4585291436234049,0.470080280063606,0.48945073648392484,0.4679982609011892,0.2931240463763156,0.07351712708035152,0.0048404695917391,7.78636269731834e-5,0.0,0.00028347677935532833,0.0003234326574179335,0.000427869684992335,0.0003369542268520334,0.00026578167842047836,6.925544211626402e-5,0.0,0.0,0.0,0.0,1.1842790073210808e-5,8.932048905284518e-5,7.826251872029388e-5,0.0,0.0,0.0,9.068877263996455e-6,0.0,1.434913874254562e-6,0.0,1.6220286137468065e-6,0.0,1.4645019158251672e-6,0.0,1.3435973975219895e-6,0.0,1.2521301438709998e-6,0.0,1.1841101581239855e-6,0.0,1.1349731496693494e-6,0.0,1.1015638999651856e-6,0.0,1.081796960875181e-6,0.0,1.0744121337211254e-6,0.0,1.0788456165300887e-6,0.0,1.0952223196909473e-6,0.0,1.1245253897413932e-6,0.0,1.1691327896642178e-6,0.0,1.2342998586746036e-6,0.0,1.3324503285247146e-6,0.0,1.4969625868388903e-6,0.0,1.8334474594652762e-6,0.0,2.753897843933828e-6,0.0,6.4398365792555985e-6,0.0,3.298795731290056e-5,0.0,0.0014602165505877061
0.019642782469184317,0.04326751415675725,0.05181420674539136,0.06287136123550137,0.07000808114923769,0.0739350927588595,0.08929488797449356,0.10689993882338163,0.12059003977595759,0.14165388533453493,0.1656413165885962,0.16976068863411525,0.19169042485877327,0.2162608609819753,0.22598305311905498,0.2634853219671076,0.2995037872703331,0.302704794857794,0.29632995077122487,0.30809405229864634,0.3339329004273462,0.3542161849386137,0.3646760476625911,0.3739671717264895,0.38965514591556377,0.4111085448142365,0.43081760527088137,0.4634823960501115,0.4592058028864085,0.43687379579868085,0.44389543821732014,0.4589070304484015,0.4664856562409533,0.3502479771955164,0.11735118337259505,0.012174889765183019,0.0006403276216657446,6.876124521323846e-5,2.230623648860046e-5,0.0,0.0,0.0,0.0,0.0,0.0,6.734562864753003e-5,0.00019502284262140962,0.00018248932464378528,0.0001242398682413537,0.0,0.0,0.0,9.020791149396246e-6,3.455385941928171e-5,9.479161914521228e-6,0.0,5.6982201247762986e-6,0.0,3.7315290261290106e-6,0.0,3.3349074512443623e-6,0.0,3.017301262855199e-6,0.0,2.7620672187140374e-6,0.0,2.5575924752956782e-6,0.0,2.3936638594705072e-6,0.0,2.262624951072212e-6,0.0,2.158781810567234e-6,0.0,2.0778593746399565e-6,0.0,2.016578575785388e-6,0.0,1.9722925222140477e-6,0.0,1.942581158346002e-6,0.0,1.9246152184678067e-6,0.0,1.9138356661073887e-6,0.0,1.9006728535600814e-6,0.0,1.8612227431844987e-6,0.0,1.7267825430280938e-6,0.0,1.2648875990898035e-6,0.0,0.0,3.199037218251988e-6,0.0,3.092601013631224e-5,0.0,0.001467118466380346
0.01877269914295816,0.04216988301979305,0.051174036054060665,0.06149473796911818,0.06921253221186052,0.07156118544925541,0.08545044688543646,0.10338142412688926,0.11714661907387425,0.13326343985684863,0.15920593014505663,0.16592381509371731,0.1760001592405119,0.2086592363659048,0.21705608030136256,0.23447680935241588,0.27161135617311155,0.30203034349483343,0.30615779227906603,0.31108109755997243,0.32030063572391076,0.33767136203596493,0.3627990607576793,0.38153328485600474,0.39921127623423547,0.4183085684802986,0.4281029451600167,0.41496036171750766,0.4061309193785312,0.4134329443445517,0.4319447162321323,0.4510558871075295,0.3893349747465513,0.16922986316235708,0.024296179222786065,0.0003908429949554943,0.0,0.0,1.1408465770188059e-5,0.0002448550389396985,0.0003314017435298922,0.00041631917267114746,0.00033508860788557086,0.00026267490978209765,6.781963484802419e-5,0.0,0.0,0.0,0.0,1.3130768059036769e-5,8.470838664180037e-5,7.916508879693822e-5,0.0,0.0,0.0,1.0697270561450978e-5,0.0,2.988150578539717e-6,0.0,2.983288561460995e-6,0.0,2.670177553136455e-6,0.0,2.413569393161197e-6,0.0,2.203394446746643e-6,0.0,2.0306178667397036e-6,0.0,1.887960841168024e-6,0.0,1.7698903644486564e-6,0.0,1.6722474965263247e-6,0.0,1.5919660433610261e-6,0.0,1.526926735232337e-6,0.0,1.4759788785795537e-6,0.0,1.4392302747637586e-6,0.0,1.418886307089906e-6,0.0,1.4214139646924197e-6,0.0,1.4633357575547734e-6,0.0,1.5883663704300944e-6,0.0,1.926272895515524e-6,0.0,2.943484545923525e-6,0.0,6.924096169811378e-6,0.0,3.368906788255686e-5,0.0,0.0013984721117434988
0.018783184758972643,0.04187614255855009,0.04918871505454262,0.05943134940005816,0.06759966990898868,0.06994173837414237,0.08268085935931442,0.10087061829283167,0.11292583628655845,0.12708448567425654,0.1523364069640859,0.16800353832530732,0.17363051834859367,0.19124490807118513,0.21748527986160462,0.22521110307027695,0.24486609147869778,0.2718803579498508,0.3077463380057063,0.3240181901451764,0.33278176418401073,0.34457536224289426,0.36776280531789163,0.3842636241936771,0.39672047931616916,0.3899892033511352,0.3733396819510165,0.3765440777106041,0.38802245330082863,0.40697383569533085,0.4319885492836161,0.40994519468068413,0.22759124298461048,0.04675623552875321,0.002738760417350058,0.0005953532061404971,0.0002682940628929117,0.00017719989376221862,0.0,0.0,0.0,0.0,0.0,0.0,0.0,8.048238102876725e-5,0.000177998954392055,0.0001920095036178509,0.00011306622240093135,0.0,0.0,0.0,1.5646694036206555e-6,4.0216960680669444e-5,3.4388503298487197e-6,0.0,3.3910203858340537e-7,1.415773307633117e-6,0.0,1.0019063149570684e-6,0.0,9.835881627509481e-7,0.0,9.800928540698807e-7,0.0,9.86457948079078e-7,0.0,1.0012291450266275e-6,0.0,1.0242804824883933e-6,0.0,1.0560131582678877e-6,0.0,1.097232809934212e-6,0.0,1.1491718332990786e-6,0.0,1.2135916769238976e-6,0.0,1.2929865049045474e-6,0.0,1.3909742447140162e-6,0.0,1.5131005098339757e-6,0.0,1.6686766065973302e-6,0.0,1.8755505837532383e-6,0.0,2.1744232513214004e-6,0.0,2.679856736838815e-6,0.0,3.807254967878748e-6,0.0,7.671509617281914e-6,0.0,3.343625059237638e-5,0.0,0.0013923910506242131
0.018889040125043846,0.041443646793752675,0.04810004221268213,0.05809813933333108,0.06646595166429886,0.06747359773787358,0.07881437822776802,0.09828877372752973,0.11137945923924035,0.1231387705760525,0.1446861365021297,0.16611902586989877,0.1692048642100324,0.18201950334870926,0.20621719787492127,0.21581330498777598,0.2286734187988832,0.25717936201308794,0.2784725222396397,0.303547964508098,0.3279227605656818,0.338940891692075,0.3414192057998258,0.34184506782672675,0.34094978216602984,0.3403645933305208,0.35256833035189383,0.36609647232672593,0.3798241076407212,0.404152859687249,0.4144261793652492,0.28016062611554626,0.07531081037707886,0.005110037309904508,0.0,0.0,0.0,0.0,6.855365426268918e-5,0.00019230637170871036,0.00036650606660883515,0.00038165910848900355,0.00036069195239476386,0.00023873414279220527,8.799812406865045e-5,0.0,0.0,0.0,0.0,1.6878342733257059e-6,9.261585442433216e-5,6.987304198702874e-5,3.4695226510166325e-7,0.0,0.0,4.442082054072216e-6,7.888855254918782e-7,0.0,1.9213858764601358e-6,0.0,1.7287174797729678e-6,0.0,1.5854249774747588e-6,0.0,1.4784707913804596e-6,0.0,1.3981182732777598e-6,0.0,1.339462541204739e-6,0.0,1.2993984020795325e-6,0.0,1.2759826314550082e-6,0.0,1.2681636082106708e-6,0.0,1.275640402263889e-6,0.0,1.2987803941314269e-6,0.0,1.3385356681283157e-6,0.0,1.396237900655706e-6,0.0,1.472939197065415e-6,0.0,1.5672695445800855e-6,0.0,1.6683073797594262e-6,0.0,1.7299788053520617e-6,0.0,1.5652211310495546e-6,0.0,2.936171676481081e-7,1.942357844316689e-6,0.0,2.733819403287612e-5,0.0,0.00140219646982086
0.018594429019069457,0.04138778903232043,0.047365776314606485,0.05718334569317671,0.06625682235616459,0.06597562114832967,0.07571602492975685,0.09326453193408434,0.10556999299042942,0.1176233684732803,0.1352712766564908,0.16110466464966453,0.16681955525550804,0.17596006125017352,0.18631672781323855,0.21096511067177773,0.21635546664908153,0.22566985675418233,0.2520543862316333,0.2600089899457508,0.2736421220139797,0.2926110169579047,0.3040459793311939,0.3065037434687692,0.3175682779891435,0.3298571510933586,0.3423800035633421,0.35667044379988405,0.37412749373216486,0.3999675625764809,0.32106003081690127,0.11510861234483964,0.013755920438915806,0.001066062196135089,0.0005047668567810738,0.0005259346011799366,0.0002823951176772852,0.0001825083958554444,0.0,0.0,0.0,0.0,0.0,0.0,0.0,8.386060267559969e-5,0.00017141600049966712,0.0001952084868577515,0.00010968370027101599,0.0,0.0,0.0,0.0,4.151784421243292e-5,1.891308305630446e-6,0.0,0.0,2.437252882981511e-6,0.0,1.7355457895519067e-6,0.0,1.4662140261407331e-6,0.0,1.2437325682526534e-6,0.0,1.0528188783609948e-6,0.0,8.839287865612278e-7,0.0,7.30036788399957e-7,0.0,5.852649297594326e-7,0.0,4.4427238772186686e-7,0.0,3.0180619596649195e-7,0.0,1.5228297625071718e-7,0.0,0.0,9.9474702255975e-8,0.0,2.9737670026577234e-7,0.0,5.311914058246714e-7,0.0,8.130169650627295e-7,0.0,1.1530920783883403e-6,0.0,1.5420641613530962e-6,0.0,1.8656111434211199e-6,0.0,1.419967713050596e-6,1.3109377875935025e-7,0.0,2.2394526148440266e-5,0.0,0.0013551948595126513
0.017999126776748448,0.03947085079640953,0.04579661871512709,0.05658907260126804,0.06577469277056394,0.0651254849098818,0.07286607985795464,0.08981313776321931,0.10252158372861729,0.11472659371367296,0.12828775900698297,0.1520874557037138,0.1704015162362189,0.1737089632665813,0.18345431637066487,0.19711219635132504,0.22595054798854308,0.23132065506698224,0.2217571267205298,0.23578561410257845,0.2584337863093284,0.2723252366921075,0.2805127077461919,0.298750743634002,0.31517021027264014,0.3210418693624036,0.33188109597579324,0.3487434402260428,0.3809881152719695,0.3483588574618616,0.15983063468342562,0.025601869540023747,0.00040172866304007045,0.0,0.0,0.0,0.0,0.0,5.0984084368394634e-5,0.00020023985351824366,0.0003585810598852618,0.0003865207887366978,0.00035904277657634014,0.000241631685427825,8.800249211264487e-5,0.0,0.0,0.0,0.0,7.866564556387346e-7,9.18777074009114e-5,6.95991451068096e-5,8.684779503425944e-7,0.0,0.0,4.198132357464601e-6,1.053586929361927e-6,0.0,2.1590815990066404e-6,0.0,1.9619007541223257e-6,0.0,1.80831425419683e-6,0.0,1.6879884364129793e-6,0.0,1.5923707937872678e-6,0.0,1.5171425312701104e-6,0.0,1.4594056579881e-6,0.0,1.4171615242048574e-6,0.0,1.3891013184547774e-6,0.0,1.374490815032914e-6,0.0,1.3730908572142652e-6,0.0,1.3850639054908244e-6,0.0,1.4107609655852117e-6,0.0,1.4500910147184244e-6,0.0,1.5005414700425492e-6,0.0,1.5506500612673336e-6,0.0,1.5564934155236188e-6,0.0,1.3436980895299655e-6,0.0,9.111094751119708e-8,2.0366834848772442e-6,0.0,2.604984391183507e-5,0.0,0.0013343375698647926
0.017799939633322097,0.03887917227179475,0.045651513656767985,0.054997114137011846,0.0636947823239933,0.06410342001362924,0.07090694783595204,0.08637700808310333,0.10018053961260619,0.10947710390609637,0.12240742600491654,0.142165397934457,0.1654234719045069,0.17030565838638786,0.17797118599667253,0.18717525658915019,0.19576905881090959,0.226210998664632,0.24667538272016729,0.2584973841616217,0.2590771676531015,0.2627605572789392,0.2772121607003149,0.29231471875470677,0.3031051454884866,0.3124170129077992,0.32931541168004735,0.3565796584101933,0.3626204440465449,0.21213972480147159,0.04865050732356058,0.0035338589377136966,0.0007121303976977082,0.0006378140754667904,0.0005896327608713478,0.00047365881507976156,0.0003293198857785171,0.00015562037745972646,0.0,0.0,0.0,0.0,0.0,0.0,0.0,7.797405308338626e-5,0.00017473606499003724,0.00019259766405732394,0.00011343703318056981,0.0,0.0,0.0,1.794121794034709e-7,4.008944970019002e-5,2.9989045255661043e-6,0.0,0.0,1.8388209765589638e-6,0.0,1.3563359974455125e-6,0.0,1.2651677080953051e-6,0.0,1.196306819667825e-6,0.0,1.1427394103748158e-6,0.0,1.1016112572633574e-6,0.0,1.07148233580574e-6,0.0,1.051518805138585e-6,0.0,1.0413538534066903e-6,0.0,1.0410952313577582e-6,0.0,1.0514269681607402e-6,0.0,1.0738466324028196e-6,0.0,1.111163647860991e-6,0.0,1.1685692870877062e-6,0.0,1.2560935726014577e-6,0.0,1.394813671416273e-6,0.0,1.63461627350614e-6,0.0,2.113935147016832e-6,0.0,3.3103491965420063e-6,0.0,7.503438463726298e-6,0.0,3.4108814705361116e-5,0.0,0.0013440771788776537
0.01734417778855539,0.038571467778997615,0.044976048656416384,0.053280237635504275,0.061490238619520736,0.06427090253246423,0.06865981204420077,0.08211877191975013,0.0989734364871121,0.10638916977445756,0.1184063869032596,0.13487951570954512,0.15401271503932046,0.17235360505062136,0.17033383537866753,0.1892671006211984,0.19345697175951065,0.1987696662937169,0.21323443524243832,0.22344963760018227,0.23113380856123822,0.24788897353510886,0.27117914340179905,0.28726138605947266,0.2884705186764069,0.30344967075027424,0.3245306758124739,0.3522934549849403,0.2559544533092097,0.07588166372174704,0.006405719755544406,0.0,0.0,0.0,0.0,0.0,0.0,0.0,3.1404735713496736e-5,0.0002143520480250743,0.0003484404799231669,0.0003994397924659083,0.0003552294930274165,0.0002511226836217219,8.456151779318759e-5,0.0,0.0,0.0,0.0,2.350275933944346e-6,8.968203367089132e-5,7.180842006750937e-5,0.0,0.0,0.0,5.195046334995368e-6,2.5671399073416977e-7,0.0,1.5929392710347657e-6,0.0,1.6006075850441449e-6,0.0,1.6184158117880544e-6,0.0,1.6462316316847138e-6,0.0,1.6828255163432004e-6,0.0,1.729645196155616e-6,0.0,1.7885635176526194e-6,0.0,1.861773873929451e-6,0.0,1.95191498096392e-6,0.0,2.0622526442139134e-6,0.0,2.196899897171534e-6,0.0,2.361067693398411e-6,0.0,2.5612953046220354e-6,0.0,2.8054497702122205e-6,0.0,3.1017282578034156e-6,0.0,3.4538381997805346e-6,0.0,3.840972698392875e-6,0.0,4.128943522227502e-6,0.0,3.5883714357652253e-6,0.0,0.0,1.9776484366690286e-5,0.0,0.0012709516949697866
0.017037806702431376,0.03778172279998019,0.04435638285871298,0.052899704884224574,0.060757886772336685,0.0650360624213171,0.06634697804598026,0.07879351542723713,0.09352066814037116,0.10262280405713455,0.11376693809666318,0.1226558373894124,0.14582062802848178,0.16778661471072748,0.17937812141630172,0.17892394342793652,0.19390090039428162,0.2046541167681018,0.21736495985470053,0.22705264097143213,0.24677359602700064,0.26595855792001766,0.26854646558687706,0.2662568916244405,0.2769763612327917,0.2975759683104043,0.3325016796037337,0.2932809257248268,0.11856358262184158,0.015742347660435255,0.0009974453690116832,0.0006381309625813515,0.0007229629292798791,0.0006314814749794796,0.00062270753628428,0.00046267543316531743,0.00035651549738580573,0.0001433540059696185,0.0,0.0,0.0,0.0,0.0,0.0,0.0,7.096437040529793e-5,0.00018133007184447083,0.00018952800319414396,0.00012009126577886349,0.0,0.0,0.0,3.2550032592126856e-6,3.699263728626079e-5,6.089730800812277e-6,0.0,2.4007673230130423e-6,0.0,9.204722320419024e-7,0.0,7.947081197471562e-7,0.0,6.868108051889977e-7,0.0,5.934652664905116e-7,0.0,5.137104363484468e-7,0.0,4.4478539089141123e-7,0.0,3.843177262751851e-7,0.0,3.3041427018360994e-7,0.0,2.8157947185718516e-7,0.0,2.3663692277295924e-7,0.0,1.946707116530888e-7,0.0,1.549685704617332e-7,0.0,1.1690351104221009e-7,0.0,7.95475181643468e-8,0.0,4.030907784908777e-8,0.0,0.0,4.79491781248953e-8,0.0,2.0677488356852793e-7,0.0,7.735372957967002e-7,0.0,3.548202392650524e-6,0.0,2.572377484077322e-5,0.0,0.0012582213021499699
0.0168214377049055,0.03704746448914163,0.04295712290826497,0.052001306110063594,0.06057008284119326,0.0662544009556545,0.06450655675992742,0.0769832772004335,0.09154701702453019,0.10221565491260284,0.1105838252891826,0.11555752781648698,0.1344938324429939,0.15606258442757917,0.1819236706811554,0.1912246811662118,0.18947572629646203,0.20110174176554163,0.21555160294599154,0.22757902863731244,0.23705956159017544,0.2414332549519556,0.2466376143369572,0.257070489276463,0.27774558286577666,0.3139108030040845,0.3067301312501538,0.16394113773825125,0.030643929390313022,0.0010801861191914158,0.0,0.0,0.0,0.0,0.0,0.0,0.0,0.0,3.236096512029576e-5,0.00021497292062934152,0.0003526502331542673,0.0004067998510449066,0.0003608373786241437,0.00025782506821301753,8.553147702836271e-5,0.0,0.0,0.0,0.0,3.638667892226977e-6,8.813105541580342e-5,7.49294676523789e-5,0.0,0.0,0.0,7.338116697633268e-6,0.0,6.592493804191691e-8,0.0,3.9252172158512625e-7,0.0,3.530368215137969e-7,0.0,3.1019668235785505e-7,0.0,2.677285935874352e-7,0.0,2.2533342400947732e-7,0.0,1.8168861936374014e-7,0.0,1.3509778707430086e-7,0.0,8.346109939338931e-8,0.0,2.4088801137622797e-8,9.570702331984649e-9,0.0,8.764940143635158e-8,0.0,1.8510781479363915e-7,0.0,3.101972708179801e-7,0.0,4.7473777823547893e-7,0.0,6.954055377917712e-7,0.0,9.93743360930921e-7,0.0,1.3870090965866666e-6,0.0,1.8261264351103536e-6,0.0,1.79048352125335e-6,0.0,0.0,1.829758618366242e-5,0.0,0.0012270679306368322
0.016777374882894443,0.036749750249139526,0.04289017419230579,0.04992956591028077,0.05849710918560629,0.06532063020421597,0.06348816544692429,0.07408185425630268,0.0862455954696798,0.09890888998638567,0.10914444042867773,0.11896557709410024,0.12175319194904896,0.14502801508490867,0.1612025783664689,0.17775008861451636,0.195254952603925,0.20616199065783736,0.21645547556317207,0.2216899021540808,0.22469023134964392,0.22927499007688384,0.2391514172352795,0.25983414081443845,0.2903866242486562,0.30870023439286287,0.2102929082807696,0.05535593019812972,0.004319269425132487,0.0006670933047551252,0.0004784456564957772,0.0007241501481037027,0.000671049624253039,0.000701044030634432,0.000600179211144727,0.0005066989804598137,0.00034460742993944253,0.00016747289768468364,0.0,0.0,0.0,0.0,0.0,0.0,0.0,7.452451223129515e-5,0.00018055749538172278,0.00019580170933889747,0.00012080837169151124,0.0,0.0,0.0,1.914752849339152e-6,3.8170980407412e-5,5.64495587119609e-6,0.0,2.1000308559735005e-6,0.0,8.847209229088549e-7,0.0,9.809681583533348e-7,0.0,1.0700733645990114e-6,0.0,1.1579685712717947e-6,0.0,1.25151931400751e-6,0.0,1.354680724239188e-6,0.0,1.4713185367327243e-6,0.0,1.6058127544283709e-6,0.0,1.7634709365211166e-6,0.0,1.9510011432885223e-6,0.0,2.177143093163636e-6,0.0,2.453550948703054e-6,0.0,2.7960347598245506e-6,0.0,3.2262329734368934e-6,0.0,3.7734838802563786e-6,0.0,4.475124014561516e-6,0.0,5.366009847463716e-6,0.0,6.408420969365381e-6,0.0,7.050291022187594e-6,0.0,2.4926290173965526e-6,1.2710532746874038e-5,0.0,0.0012275033523660944
0.01621148676155606,0.035569791831373675,0.04235810722560925,0.049277886288175456,0.05753824666772032,0.06573304539016597,0.06324485913682949,0.07186379919611859,0.08433665797059048,0.09791224373370581,0.10565712831820906,0.11527184213454589,0.1239834028354432,0.13127062570323303,0.15476196807733614,0.16896020850637042,0.177909066373772,0.18845417237147394,0.1934574848508042,0.2028831041956104,0.21350757594923236,0.21997904549237138,0.240308393854553,0.26301509443376675,0.2963757944493521,0.2459925838661208,0.0870561452784703,0.009015646439391326,0.0,0.0,0.0,0.0,0.0,0.0,0.0,0.0,0.0,0.0,3.925134066232374e-5,0.0002107805188482132,0.0003667397690318211,0.00041058414624710484,0.00037640959465524873,0.0002601172724643789,9.384421955722928e-5,0.0,0.0,0.0,0.0,0.0,9.249124958798944e-5,7.363855956885744e-5,9.632955901679453e-7,0.0,0.0,5.093932734752116e-6,5.076724764649043e-7,0.0,1.707637187138289e-6,0.0,1.6160760368052253e-6,0.0,1.553077559015037e-6,0.0,1.5138595529151645e-6,0.0,1.4932652208131004e-6,0.0,1.489981085501313e-6,0.0,1.5038984655802779e-6,0.0,1.5358122918314621e-6,0.0,1.5874522137437454e-6,0.0,1.6616539673691479e-6,0.0,1.7626603942169084e-6,0.0,1.8965790631931158e-6,0.0,2.0720212397385753e-6,0.0,2.3008614326975877e-6,0.0,2.5986464361452025e-6,0.0,2.982423284973379e-6,0.0,3.455855675443331e-6,0.0,3.930932529286224e-6,0.0,3.7722065003777063e-6,0.0,0.0,1.7695968782409467e-5,0.0,0.0011992105725059973
0.01644308539520355,0.03630902507364915,0.042430504365678606,0.04909746209653399,0.056392664020494566,0.06514906474872222,0.06348640680196935,0.06862783765620765,0.08164933673004388,0.0937714320886743,0.1035632742039286,0.10821314462855523,0.11951021482493486,0.1299271700994612,0.13683632767151008,0.1546073728368811,0.1697294400289283,0.17932267228050647,0.19020339874567324,0.19524495585880058,0.2024699573607578,0.2207823498106388,0.2395288433094207,0.27513929313583935,0.27062314680870203,0.12811475939022826,0.018184168237214953,0.0006435876671879477,0.000407324452918574,0.00047942471519788583,0.0005728356795746514,0.0007014771298349153,0.0007146048882213883,0.0007127750890882312,0.0006286973281856788,0.0005224028565150704,0.00036038129924423145,0.0001750946238732297,0.0,0.0,0.0,0.0,0.0,0.0,0.0,7.690884412991465e-5,0.00018241154300128245,0.00020314798718248285,0.00012278152244399223,5.8620724011149155e-8,0.0,0.0,0.0,4.0786975282742335e-5,3.955630367482854e-6,0.0,2.2708430692546245e-7,1.4082109657579168e-6,0.0,9.228276543353787e-7,0.0,8.276794248786246e-7,0.0,7.502105714820573e-7,0.0,6.820225434012173e-7,0.0,6.196184781856573e-7,0.0,5.606373459613678e-7,0.0,5.028913091337017e-7,0.0,4.440654828840707e-7,0.0,3.8148985631778486e-7,0.0,3.118727144503453e-7,0.0,2.309450260518986e-7,0.0,1.3297466499651024e-7,0.0,1.0139581021917365e-8,6.377816240927814e-8,0.0,2.444800721221441e-7,0.0,4.796329753503415e-7,0.0,7.694632777273114e-7,0.0,1.0292672167231844e-6,0.0,6.575290655462141e-7,6.912561032748954e-7,0.0,2.0623907320732827e-5,0.0,0.0012091051039734304
0.016343730547740933,0.03580994968302816,0.0422664099139256,0.04799006140508858,0.05601472059954644,0.06501760377089479,0.06465784628264182,0.06791292383635326,0.07888474119214971,0.09007641363215386,0.10339901866253022,0.1115191016201048,0.11694580562511672,0.12502535001038712,0.13485320303869902,0.1446205523563751,0.15585154347658464,0.16723538391429338,0.17677183719382766,0.1921585841244979,0.21143164215489346,0.2238162642676112,0.253429284131174,0.2814943179043696,0.1675467570049649,0.03340776012407923,0.0013401510666963465,0.0,0.0,0.0,0.0,0.0,0.0,0.0,0.0,0.0,0.0,0.0,3.2517833914542394e-5,0.00022028062788389207,0.00037368696344172183,0.0004272456129669905,0.00038728226766420663,0.00027224212643555746,9.654665115189119e-5,0.0,0.0,0.0,0.0,0.0,9.358023200721136e-5,7.678044286471107e-5,5.129187959340698e-7,0.0,0.0,5.928964837960394e-6,0.0,0.0,1.171447146907667e-6,0.0,1.1296759939341429e-6,0.0,1.103413310238466e-6,0.0,1.0904770540719256e-6,0.0,1.0871103997487808e-6,0.0,1.0928488060812925e-6,0.0,1.1079006733325515e-6,0.0,1.1328566712109024e-6,0.0,1.1686728840686556e-6,0.0,1.2167156906353506e-6,0.0,1.2788242957999075e-6,0.0,1.3573538720507374e-6,0.0,1.4551020719871134e-6,0.0,1.5748201567653553e-6,0.0,1.7173521711086437e-6,0.0,1.8751157191303493e-6,0.0,2.0082931446012253e-6,0.0,1.946363592035283e-6,0.0,8.795234373792482e-7,1.113036578072979e-6,0.0,2.389876597441827e-5,0.0,0.001223589590286541
0.016256898090679525,0.03517829841751151,0.04144595302593507,0.04610582989150289,0.055774787933832885,0.06404230352839263,0.06419076641289889,0.06450263246941138,0.07495787918702941,0.0901062523591477,0.0970507644371571,0.10997629136687083,0.11596421246060912,0.12460178467885462,0.1309906948722126,0.13826022558668832,0.15311676046355055,0.1646514627880178,0.17964436362444136,0.19392552745291586,0.20413152354977196,0.22441823972897046,0.2778259503145386,0.2080564989597795,0.058916382975249704,0.0041219780819017025,0.0001277293454865152,0.0001790492815832696,0.00039104875439207096,0.0004902911257048274,0.0006144665563978273,0.0007115613090740781,0.0007564743022237359,0.0007326439473745561,0.0006659345658433154,0.0005392998176472574,0.0003849998421663969,0.00017938809813628894,0.0,0.0,0.0,0.0,0.0,0.0,0.0,7.571958438582556e-5,0.00018985205566887658,0.0002085774844362291,0.00012958202745271593,0.0,0.0,0.0,4.663853761854853e-7,4.069864544361792e-5,5.277054384856684e-6,0.0,1.1719086297034664e-6,5.3975781042368e-7,0.0,1.3809653454472938e-7,0.0,1.2033001993358996e-7,0.0,1.0994493717362275e-7,0.0,1.0079506350848533e-7,0.0,9.162197745808953e-8,0.0,8.211686920276407e-8,0.0,7.210618375665945e-8,0.0,6.143918096768176e-8,0.0,5.0001235778296407e-8,0.0,3.779202864642173e-8,0.0,2.5108785094118957e-8,0.0,1.296366679213179e-8,0.0,4.064032684958363e-9,0.0,5.233746556143615e-9,0.0,3.383612279606041e-8,0.0,1.3658112941641322e-7,0.0,4.527722571658899e-7,0.0,1.4744733334467243e-6,0.0,5.51435831387721e-6,0.0,3.146520524237388e-5,0.0,0.001245568343270303
0.01589676951497415,0.035242859874952036,0.04099386918985746,0.044988807460392785,0.05473594598061612,0.06279580205802138,0.0641041218535629,0.06378936328273445,0.07348430704491275,0.08608695019915945,0.09642233612993661,0.10866261897421123,0.11653198133418628,0.1263592240672677,0.14228218410517623,0.15025615732074893,0.156658744634151,0.1686709085776911,0.18105493991935337,0.18793903221676192,0.2038008370599741,0.2586022495558397,0.23815081630870716,0.0904452883107454,0.009886457090583799,0.0003003993517333662,0.0,0.0,0.0,0.0,0.0,0.0,0.0,0.0,0.0,0.0,0.0,0.0,2.3369460892871532e-5,0.00023442316857957623,0.0003814237712582568,0.00045098043823644433,0.00039920124387761826,0.00029010494296210116,9.758868260192345e-5,0.0,0.0,0.0,0.0,2.273554888084295e-6,9.305946460168002e-5,8.303063871231303e-5,0.0,0.0,0.0,8.98710755668617e-6,0.0,1.05865031536041e-6,0.0,1.369415726225043e-6,0.0,1.308966571707515e-6,0.0,1.2560450170440163e-6,0.0,1.2150355968969962e-6,0.0,1.185759507734474e-6,0.0,1.167534401326975e-6,0.0,1.1599774996966517e-6,0.0,1.163146329514575e-6,0.0,1.177629594361207e-6,0.0,1.2047063277860204e-6,0.0,1.2466559318490057e-6,0.0,1.3073690416518958e-6,0.0,1.3936023776260244e-6,0.0,1.517745101205037e-6,0.0,1.7045297459901578e-6,0.0,2.0094550096246166e-6,0.0,2.5782539877248213e-6,0.0,3.8868036331692225e-6,0.0,8.093958344309727e-6,0.0,3.285426190572025e-5,0.0,0.0012020499532499596
0.01581299258324546,0.03489641481667482,0.04112962584160477,0.04499449965047731,0.055663426901973734,0.0610629048650924,0.06506641800365709,0.0649573771544842,0.07131128093031598,0.08065127329540742,0.09460427760673366,0.09983284650536285,0.11752555944082584,0.12446123804885897,0.1246752886063706,0.13879509911438886,0.15186041526854574,0.16316727729542627,0.1675067134027793,0.18104761001417838,0.23399613550110662,0.2498628516297048,0.1253388786723237,0.02077394354644478,0.0004527580126508582,0.0,6.403683780542293e-5,0.0002090544845615849,0.00039702632260065374,0.0005182756618385163,0.0006461344802200401,0.0007432784807534902,0.0007962475164675411,0.0007686442070376744,0.0007042783067626978,0.0005674570647231051,0.00041016785456734795,0.00018930560620575534,0.0,0.0,0.0,0.0,0.0,0.0,0.0,7.597931305924136e-5,0.00019833709385877967,0.00021683073900150376,0.00013712471409799907,0.0,0.0,0.0,7.738224158345019e-7,4.144694599012837e-5,6.217397718904749e-6,0.0,1.706846143895291e-6,8.681549520588305e-8,2.7594232923888743e-7,0.0,2.1458687839412961e-7,0.0,1.520239402907464e-7,0.0,8.717421530946012e-8,0.0,2.147394694702598e-8,1.2241171668847528e-8,0.0,8.290401564181594e-8,0.0,1.602739128657049e-7,0.0,2.4785124385431346e-7,0.0,3.5019235886224467e-7,0.0,4.735039408362951e-7,0.0,6.266119292085648e-7,0.0,8.226170270816625e-7,0.0,1.0818951878219351e-6,0.0,1.437939934272947e-6,0.0,1.949818044226959e-6,0.0,2.732094841675803e-6,0.0,4.039482102194825e-6,0.0,6.569021494627237e-6,0.0,1.2997543880857166e-5,0.0,4.253847927162369e-5,0.0,0.0012276165872666081
0.015741066420674094,0.034712656231968515,0.04103459031538054,0.0445612452120313,0.0558695691329551,0.05904421744623378,0.06647790321452283,0.06580685899040722,0.06896715890353694,0.07683338209585948,0.09109963255790691,0.10118734066540039,0.10554587801858462,0.11631341443685429,0.1327999374160092,0.14304822737834896,0.15091451792704133,0.15904603509310175,0.16904431371548903,0.20899931882379885,0.2532182984461431,0.16796926390870814,0.041392299488050226,0.0028384260184354626,0.0003060105784671089,7.506746980356383e-5,0.0,0.0,0.0,0.0,0.0,0.0,0.0,0.0,0.0,0.0,0.0,0.0,2.5025972771018704e-5,0.00024102076467426628,0.0004020251091496448,0.00047166529584201697,0.000422886448992313,0.00030477001234301045,0.00010603360137263849,0.0,0.0,0.0,0.0,5.963177120609232e-7,9.734181344122845e-5,8.647264475494581e-5,0.0,0.0,0.0,9.175914082851477e-6,0.0,1.0104574413844602e-6,0.0,1.4292480413303112e-6,0.0,1.4567765823471746e-6,0.0,1.4879296081176108e-6,0.0,1.5308415581102964e-6,0.0,1.588472086427828e-6,0.0,1.6633585226827563e-6,0.0,1.7587324541636919e-6,0.0,1.8789940845167054e-6,0.0,2.030242516717351e-6,0.0,2.221070012429749e-6,0.0,2.463846464117836e-6,0.0,2.776899404033628e-6,0.0,3.188415334725825e-6,0.0,3.743897841047783e-6,0.0,4.5216911839560225e-6,0.0,5.669166052661013e-6,0.0,7.501361656814254e-6,0.0,1.083838240338082e-5,0.0,1.8647121248886836e-5,0.0,5.0992066711951626e-5,0.0,0.0012427457363187646
0.01587793577755181,0.03455189992106296,0.04060981273949245,0.044119035801111796,0.0552309709960735,0.0583267520117194,0.06883129688118629,0.06508447553469761,0.06499190249326535,0.07739069461371151,0.08379239554033584,0.09893863700368259,0.1085625053902864,0.11687619489042557,0.12896175110611774,0.13461011747691887,0.1360159459775666,0.15066710763080784,0.18793927524942297,0.23575660288843456,0.20176166839004517,0.0663507867476822,0.005812604293949931,0.0,0.0,0.0,8.9680144116862e-6,0.00026552749463461045,0.00037948155564409555,0.0005791441186373689,0.0006593762259243456,0.0008075119050783208,0.0008251917706029133,0.0008326082609046616,0.0007351358764819512,0.0006177359254042777,0.0004276874610868305,0.00021397461294820063,0.0,0.0,0.0,0.0,0.0,0.0,0.0,8.274028477659385e-5,0.00020341971758447102,0.00023268248456991954,0.00014149034145690643,4.393311390002275e-6,0.0,0.0,0.0,4.624431210290823e-5,3.783031117109204e-6,0.0,0.0,2.6501278596697377e-6,0.0,2.149951182627774e-6,0.0,2.0845024055063278e-6,0.0,2.0497566662243117e-6,0.0,2.03728852166023e-6,0.0,2.0455458129845283e-6,0.0,2.0750084834389782e-6,0.0,2.1273678693148667e-6,0.0,2.2056007640645637e-6,0.0,2.3143408906641127e-6,0.0,2.460553480566574e-6,0.0,2.65469089189736e-6,0.0,2.912715157344081e-6,0.0,3.2598038705792477e-6,0.0,3.7375862733007637e-6,0.0,4.419505545817515e-6,0.0,5.4472733382880284e-6,0.0,7.131687578907276e-6,0.0,1.0300578536539718e-5,0.0,1.7994918895863067e-5,0.0,5.082953240393353e-5,0.0,0.001260990588371991
0.015700948648976712,0.034631088246872006,0.040257380247999165,0.04229828281165029,0.05475399270458806,0.05723236704687795,0.06789460464008965,0.0674723029532888,0.06513890437828894,0.07137688063533273,0.07901060956146155,0.08941219222172431,0.1049475986614551,0.11776925226772772,0.12062311332008699,0.1245583809933444,0.1328643598495509,0.1675086506859943,0.2141313927505401,0.22761267487265224,0.10130443256501832,0.013676497099748068,0.0008985180990542428,0.00029732717392995237,0.0003262312567619167,5.4468522355276866e-5,0.0,0.0,0.0,0.0,0.0,0.0,0.0,0.0,0.0,0.0,0.0,0.0,3.300126588159458e-5,0.00024376780553131853,0.00043360908359428693,0.0004921193339885619,0.00045782564143656475,0.0003178406399421761,0.00012162106927979438,0.0,0.0,0.0,0.0,0.0,0.00010731457704018511,8.636641989094472e-5,3.826802987634892e-6,0.0,0.0,5.19969991664766e-6,1.4517681066308796e-6,0.0,2.6871493459509565e-6,0.0,2.5297684369377296e-6,0.0,2.40220441337442e-6,0.0,2.2992406693106205e-6,0.0,2.213317553116667e-6,0.0,2.1407420163995993e-6,0.0,2.0784181082831313e-6,0.0,2.0231800573640157e-6,0.0,1.9713424892795483e-6,0.0,1.918133009204759e-6,0.0,1.8568115252286078e-6,0.0,1.7771797297392312e-6,0.0,1.6628985938574204e-6,0.0,1.4863572086820653e-6,0.0,1.198134259466599e-6,0.0,7.033009984951378e-7,0.0,0.0,9.32722970306088e-7,0.0,3.607552215055421e-6,0.0,1.07215785341225e-5,0.0,4.2522613298492256e-5,0.0,0.0012307593032066756
0.016065131957240502,0.03497215087893682,0.04003836934517253,0.04184305125613207,0.05439690622308932,0.05679069088175735,0.06631637124313262,0.07267244369813809,0.07162227554096949,0.06813885136187002,0.0806881933750209,0.08622318644823533,0.09153731568654756,0.09912473225577208,0.1070159208384328,0.12003466990573752,0.15059115142015328,0.19489266888282916,0.2332772192659464,0.13774255801189747,0.024159558401685623,0.00014288645667153492,0.0,0.0,0.0,0.0,4.7361607214540594e-5,0.0002510174372922627,0.0004231381799459438,0.0006026196612552688,0.0007169344172575578,0.000853976024030392,0.0008897279301143045,0.0008883731829890842,0.0007936027507472073,0.0006628497972465105,0.0004642704069523177,0.00023159602276834763,0.0,0.0,0.0,0.0,0.0,0.0,0.0,8.580152159020075e-5,0.0002149304829065628,0.00024782004501456667,0.00015118370110614828,6.291690630531832e-6,0.0,0.0,0.0,4.922818515237566e-5,3.593915220028521e-6,0.0,0.0,3.4479585032897833e-6,0.0,2.9776978189261173e-6,0.0,2.9628310343980504e-6,0.0,2.9826063129121394e-6,0.0,3.0298751076770716e-6,0.0,3.1050306440988607e-6,0.0,3.210771091028164e-6,0.0,3.3513797260041112e-6,0.0,3.5329826478232908e-6,0.0,3.764171448565179e-6,0.0,4.057027471252894e-6,0.0,4.4287828878886165e-6,0.0,4.9046005892748215e-6,0.0,5.522455942099924e-6,0.0,6.3422697643467535e-6,0.0,7.464471513192451e-6,0.0,9.07216906727939e-6,0.0,1.154298435656429e-5,0.0,1.5820843121335315e-5,0.0,2.5175691106682765e-5,0.0,6.085054478475039e-5,0.0,0.0012899550915226163
0.015703327607351075,0.03427131058127639,0.04013796159629957,0.04263357086934855,0.053709279414105186,0.058614467663186474,0.06542038408031986,0.07241241839237772,0.07681566097269361,0.07457468329950112,0.06935834337154304,0.07921429413141903,0.09266220438415611,0.10110657331059311,0.11540621744754856,0.14282777560796972,0.1783091402469673,0.2248578978430207,0.1749399923636379,0.043449065933335404,0.002869947924071238,0.0008664298198352622,0.00039614046000347093,0.0004889002102284521,0.00022938999216531235,0.00016224912303146156,0.0,0.0,0.0,0.0,0.0,0.0,0.0,0.0,0.0,0.0,0.0,0.0,1.8445813315562986e-5,0.0002698004238080614,0.0004521592915391551,0.0005369626447286315,0.0004831615262913758,0.0003510303427480096,0.00012504843670148135,0.0,0.0,0.0,0.0,0.0,0.00010797686009971984,9.758095886303125e-5,0.0,0.0,0.0,1.0171873252602382e-5,0.0,9.740376456534251e-7,0.0,1.37378082300188e-6,0.0,1.346868703586779e-6,0.0,1.3239020696289573e-6,0.0,1.3125302924549942e-6,0.0,1.3140429728991876e-6,0.0,1.3290847513417248e-6,0.0,1.3587515258914885e-6,0.0,1.4049161969463598e-6,0.0,1.4705410081610638e-6,0.0,1.5601617869556607e-6,0.0,1.6807153717167013e-6,0.0,1.8430188277740456e-6,0.0,2.0645555996894773e-6,0.0,2.375090795699464e-6,0.0,2.829024828363913e-6,0.0,3.5358808309695177e-6,0.0,4.748208842799073e-6,0.0,7.177861286453435e-6,0.0,1.35962648125878e-5,0.0,4.373225863907819e-5,0.0,0.0012316724283804451
0.015728838779100092,0.034642752858222325,0.04046556918268355,0.042257369952524916,0.05191491593440328,0.05904590344816066,0.06188623407665505,0.07218281498575062,0.07480591569624381,0.07923745553638474,0.08133868586450742,0.0842289263556381,0.08894218913854415,0.10252652520435108,0.13092413728426064,0.15858937265161172,0.20742786983117628,0.20685292369840955,0.07238855430576892,0.005908284321691688,0.0,0.0,0.0,0.0,0.0,0.0,8.765136085947889e-5,0.00022860572491871257,0.00048639263130813363,0.0006194891989295318,0.0008012178231627168,0.0008983195539013111,0.0009839573551466572,0.0009440113490150226,0.0008794969056093202,0.000706060291337456,0.0005219961244795258,0.00024177554086780192,0.0,0.0,0.0,0.0,0.0,0.0,0.0,8.088726741785322e-5,0.00023780386122283656,0.00025834113763700784,0.00017126781765606147,7.147737922734266e-7,0.0,0.0,2.018768825561779e-6,4.5623863840580725e-5,1.0585354799377455e-5,0.0,4.61045945442038e-6,0.0,2.9929122066846506e-6,0.0,2.916043514608191e-6,0.0,2.8595173602752766e-6,0.0,2.8219911799169497e-6,0.0,2.8066299938473097e-6,0.0,2.81350246455645e-6,0.0,2.8428439202510705e-6,0.0,2.8954630945470683e-6,0.0,2.9728387227735632e-6,0.0,3.0771696961809704e-6,0.0,3.2114000802224043e-6,0.0,3.379160126478809e-6,0.0,3.58444522007062e-6,0.0,3.8305444033177596e-6,0.0,4.116816069412721e-6,0.0,4.428926635506514e-6,0.0,4.707056122508391e-6,0.0,4.726763440857695e-6,0.0,3.534730093905214e-6,0.0,0.0,2.2597375431721112e-5,0.0,0.0011868901697107488
0.015797440696862727,0.03497357970283894,0.04073403477141067,0.041855740842041675,0.050419184089158034,0.06042408293944095,0.06171643807814983,0.0737711085261397,0.0782259340880974,0.08617364365921205,0.091626482602027,0.09558347107683017,0.10728364822712251,0.12495832351963039,0.14796006939206974,0.1897540488299265,0.22241794997077605,0.11045796959085902,0.014828610177889235,0.0010420434867785843,0.0007914655306124782,0.0007097839853574945,0.000561023589630433,0.00047731941902270925,0.00029617548188267496,0.0001608669263547931,0.0,0.0,0.0,0.0,0.0,0.0,0.0,0.0,0.0,0.0,0.0,0.0,1.5195410335627458e-5,0.00028848963900765344,0.00048768175189009924,0.000581258311882408,0.0005251990045802192,0.00038251347131484437,0.00013850056852460156,0.0,0.0,0.0,0.0,0.0,0.00011532541556486678,0.00010527998686378909,0.0,0.0,0.0,1.100386971584726e-5,0.0,1.1324658504804576e-6,0.0,1.547381853265506e-6,0.0,1.506287226152381e-6,0.0,1.4663020327816412e-6,0.0,1.4355153076735405e-6,0.0,1.4145942239906619e-6,0.0,1.4031374805377973e-6,0.0,1.4007433593185238e-6,0.0,1.4071699194674105e-6,0.0,1.422363491874279e-6,0.0,1.4464832276622985e-6,0.0,1.4799745874938709e-6,0.0,1.5237772573470922e-6,0.0,1.5798902144853244e-6,0.0,1.6529366033552151e-6,0.0,1.7547363634577097e-6,0.0,1.9188485543935488e-6,0.0,2.2529619098975217e-6,0.0,3.1665288048856157e-6,0.0,6.70833373177121e-6,0.0,3.0403334940765217e-5,0.0,0.001193824426383826
0.01600704749831228,0.03470009716653159,0.040784246739032914,0.041548824197651775,0.04855084564338548,0.0636402715789278,0.06339994600523946,0.07015084265684658,0.07740029379341014,0.07924429713124548,0.09307739465258454,0.10700116017509236,0.11577688983684635,0.1316849850409989,0.16345875100778876,0.21462651305084252,0.14413611304725177,0.02673563416598176,0.0,0.0,0.0,0.0,0.0,0.0,0.0,0.0,4.8962516050020536e-5,0.0002744731146845746,0.0005011969850661335,0.0006950829139519151,0.0008577791594938305,0.0009960478249692274,0.001064044967173316,0.0010469302746672342,0.0009563820658106615,0.000787471792778004,0.0005689518491188636,0.00027781724184153803,0.0,0.0,0.0,0.0,0.0,0.0,0.0,8.864886272558402e-5,0.0002529484527974553,0.0002841217698277734,0.00018400685271905402,5.545296017455392e-6,0.0,0.0,0.0,5.153105214193375e-5,9.140417445365756e-6,0.0,2.6149604099941827e-6,0.0,1.0425695211097264e-6,0.0,1.0674727916921257e-6,0.0,1.0936421633118699e-6,0.0,1.122433632724551e-6,0.0,1.1596030989153405e-6,0.0,1.20705201977086e-6,0.0,1.2664860868426332e-6,0.0,1.339979924377577e-6,0.0,1.4302059755171738e-6,0.0,1.5406384777369553e-6,0.0,1.675792696363132e-6,0.0,1.8414993336904217e-6,0.0,2.045140919984334e-6,0.0,2.2955612595090713e-6,0.0,2.601641439528635e-6,0.0,2.9659700743394524e-6,0.0,3.3597903845304703e-6,0.0,3.617075006360349e-6,0.0,2.8916328508329594e-6,0.0,0.0,2.2056241733594906e-5,0.0,0.0012116633484508261
0.016478867976417122,0.034897318967042304,0.04181908796819998,0.04128736149899606,0.04590789948967267,0.06444486269957479,0.06308603458831187,0.06870106068166501,0.08142900251676866,0.08727942696433333,0.09055693210301781,0.10121122792261854,0.1198129603442224,0.14682793748619408,0.20284004297292832,0.1817396147051384,0.050315437214901615,0.0035394638054581807,0.0012128985269908097,0.0007724032019449308,0.0009699795798523653,0.0007055083360688523,0.0007106134910934134,0.0004736575257785214,0.0003906022364321924,0.00014358101979069246,0.0,0.0,0.0,0.0,0.0,0.0,0.0,0.0,0.0,0.0,0.0,0.0,2.0164468706866503e-5,0.0003027771537428464,0.0005401952912408746,0.0006286230745298497,0.0005850730622715332,0.000414821858284431,0.00016215794718843358,0.0,0.0,0.0,0.0,0.0,0.00012976047014657296,0.0001096939421513639,5.606797984353307e-6,0.0,0.0,7.39721138017444e-6,1.0197735159181322e-6,0.0,2.5704771085599986e-6,0.0,2.508171272688742e-6,0.0,2.474173964947113e-6,0.0,2.4668994172657222e-6,0.0,2.4810428712612523e-6,0.0,2.5163289933800573e-6,0.0,2.573805068088664e-6,0.0,2.655435251791527e-6,0.0,2.7641380887678536e-6,0.0,2.9039585182447427e-6,0.0,3.0803207165515546e-6,0.0,3.3003304039297633e-6,0.0,3.5730271035177456e-6,0.0,3.9092349058279295e-6,0.0,4.31981902519567e-6,0.0,4.80817999533656e-6,0.0,5.341082775274231e-6,0.0,5.727313089794084e-6,0.0,5.006897602673055e-6,0.0,0.0,2.229580134480058e-5,0.0,0.001269720213048503
0.016434930971913876,0.035242824889327624,0.042299234082701025,0.04191013039269247,0.044770518338053164,0.06390146157835588,0.06656086652718952,0.06589939083381005,0.07983516365312132,0.09173236114920211,0.10666271019083898,0.11676268253716256,0.1353197531950264,0.18607338701729564,0.19982524894762146,0.0774905457033414,0.006191696089416501,0.0,0.0,0.0,0.0,0.0,0.0,0.0,0.0,0.0,2.7772051729557745e-5,0.0003102576988450863,0.0005345827695025655,0.0007776677314284882,0.0009370431397954733,0.0011118956288769539,0.001169947314236795,0.0011719973797690067,0.001056318713857773,0.0008873558821035076,0.0006301684695409094,0.00032204774361062506,0.0,0.0,0.0,0.0,0.0,0.0,0.0,9.848205926487481e-5,0.00027136654395983317,0.00031677226112552815,0.00019936068356652135,1.2271163667540375e-5,0.0,0.0,0.0,5.9735403703535895e-5,6.438504495764619e-6,0.0,0.0,3.0364581495689437e-6,0.0,2.4309641791489866e-6,0.0,2.371648977828045e-6,0.0,2.3449987123740358e-6,0.0,2.339065056207801e-6,0.0,2.3518028633871423e-6,0.0,2.3833134419454896e-6,0.0,2.434608547918149e-6,0.0,2.5074869685265177e-6,0.0,2.604658641745772e-6,0.0,2.7300209841143897e-6,0.0,2.8891423940962113e-6,0.0,3.0901213346453463e-6,0.0,3.3452197835210032e-6,0.0,3.6742776881297346e-6,0.0,4.112737977271763e-6,0.0,4.7333608135858185e-6,0.0,5.71601661204868e-6,0.0,7.628306052865463e-6,0.0,1.2988547738057466e-5,0.0,4.1751755581877515e-5,0.0,0.0012873797123060463
0.016090345795743043,0.034638571466217245,0.04195620954994187,0.042135319848082047,0.04431677613143222,0.06092804794970362,0.07133734656105178,0.06898639011209971,0.07226874028398476,0.08483272943743644,0.0963196716229608,0.1223831175936929,0.16654485637187497,0.20254452378097626,0.11669787661732367,0.017286069380437363,0.0009608596218457754,0.001157394039211924,0.0010154159392218277,0.001062974517671864,0.000978729985974319,0.0008866378478649818,0.0007529721340462631,0.0005872231061612173,0.00041828161285187044,0.0001994381593944141,0.0,0.0,0.0,0.0,0.0,0.0,0.0,0.0,0.0,0.0,0.0,0.0,1.0513686271110602e-5,0.00033443974174874995,0.0005927147207657683,0.0007004047917000104,0.0006487032119782948,0.00046658946011780725,0.00018176560470147733,0.0,0.0,0.0,0.0,0.0,0.00013977034199230757,0.0001229008562018919,5.240805002620164e-6,0.0,0.0,9.767684327334792e-6,0.0,0.0,1.2679595094425622e-6,0.0,1.2540853954988053e-6,0.0,1.2566847098355538e-6,0.0,1.2754640164416741e-6,0.0,1.3053866529491033e-6,0.0,1.3464988113364385e-6,0.0,1.3998777725516831e-6,0.0,1.4671604729155963e-6,0.0,1.5505234712567263e-6,0.0,1.6527615157979626e-6,0.0,1.7773847357819507e-6,0.0,1.9286657639696616e-6,0.0,2.111472504149248e-6,0.0,2.330418465452766e-6,0.0,2.5869262449731423e-6,0.0,2.869665526861809e-6,0.0,3.121938468274266e-6,0.0,3.115728895322434e-6,0.0,1.8451077351340552e-6,5.30906870071679e-7,0.0,2.606175513950788e-5,0.0,0.0012385607312833027
0.016699649584972533,0.03565264800108701,0.04374169176125696,0.04443557080934205,0.046896402763741005,0.055861362750664,0.07806728304308545,0.07925099819430569,0.07759717916792253,0.08918814242482817,0.11920861147967637,0.14818023008858344,0.1879542368407942,0.14809034973714913,0.0317405186912069,0.0,0.0,0.0,0.0,0.0,0.0,0.0,0.0,0.0,0.0,0.0,4.413983414432945e-5,0.0003146526361375321,0.0006107753392693432,0.0008502410406228464,0.0010647182550827651,0.001233364041463416,0.0013272254335647163,0.0013096895129623442,0.0012027368806948112,0.0009966502606769453,0.0007250004610372002,0.0003635254685593481,0.0,0.0,0.0,0.0,0.0,0.0,0.0,0.0001006428037345948,0.00030383048596742965,0.00034870069177581986,0.00022752942512435938,1.2379161956153073e-5,0.0,0.0,0.0,6.241414539319976e-5,1.0464794311295124e-5,0.0,1.8890887917734744e-6,5.199554480896041e-7,4.237329245597721e-8,0.0,5.115703947922157e-9,1.5330380870182127e-8,0.0,6.627406244206213e-8,0.0,1.2273869903882684e-7,0.0,1.846863113380337e-7,0.0,2.5423355881724064e-7,0.0,3.344672157991724e-7,0.0,4.2954146908855687e-7,0.0,5.451468186400632e-7,0.0,6.893251159057812e-7,0.0,8.738348985573907e-7,0.0,1.1165195403791018e-6,0.0,1.445635103548426e-6,0.0,1.9082968108065758e-6,0.0,2.5884029242575934e-6,0.0,3.6491061359051003e-6,0.0,5.44989712037558e-6,0.0,8.948169027968024e-6,0.0,1.763296442898181e-5,0.0,5.4640877692031235e-5,0.0,0.0013547222660934015
0.0161406536987,0.0358314437650369,0.04520427384223282,0.04608471115991939,0.04828149430712192,0.04950441412772268,0.07321797429284119,0.09922981346635146,0.11190378065180726,0.1242814021994612,0.12961683820607395,0.1627473972239296,0.17256237596918492,0.05781226200862665,0.004664013680319336,0.0012562265215849788,0.0009716078790449542,0.0013004994753260347,0.0011393782842025655,0.0012624743784802252,0.001091911452245603,0.001063090241159671,0.0008430492167215345,0.0007150124906760931,0.00046797486321510125,0.00026663589694355283,0.0,0.0,0.0,0.0,0.0,0.0,0.0,0.0,0.0,0.0,0.0,0.0,0.0,0.0003770073899726183,0.0006558151462080148,0.0007944694887817293,0.0007265471011337547,0.0005356808711388461,0.00020417671366676284,0.0,0.0,0.0,0.0,0.0,0.00014942815060482105,0.00014235356228557236,2.045331920359672e-6,0.0,0.0,1.5537562235329007e-5,0.0,2.5972599046099276e-6,0.0,3.183205911204823e-6,0.0,3.1927989676319157e-6,0.0,3.2124635251989277e-6,0.0,3.2565756185877428e-6,0.0,3.3290612529553342e-6,0.0,3.4331209953648135e-6,0.0,3.5729895008278946e-6,0.0,3.7545976676574e-6,0.0,3.986253081443892e-6,0.0,4.279634931882015e-6,0.0,4.651381883503802e-6,0.0,5.125751231506115e-6,0.0,5.7393128794492655e-6,0.0,6.54980574357893e-6,0.0,7.654357356901188e-6,0.0,9.231521573788637e-6,0.0,1.1654735870035094e-5,0.0,1.5875493109008778e-5,0.0,2.5250796500604645e-5,0.0,6.167606582028791e-5,0.0,0.0013037025411924532
0.01695361607694146,0.03660974508065595,0.046504533695351576,0.04806409885455129,0.05158152173305958,0.05063301056473903,0.06041874191889745,0.08248435419430865,0.09965892861925743,0.103507560008255,0.1342302729843525,0.1809139339893837,0.088011817539436,0.008425958265344438,0.0,0.0,0.0,0.0,0.0,0.0,0.0,0.0,0.0,0.0,0.0,0.0,3.35248580694846e-5,0.0003420507999043828,0.0006866317496866795,0.0009592441886949456,0.0012129028273766545,0.0014019410936520957,0.0015181930934842576,0.0014967789981997516,0.001382956551605079,0.0011457692039157138,0.0008411632308196374,0.0004244020425057869,9.904876677967956e-6,0.0,0.0,0.0,0.0,0.0,0.0,0.00010578797157202846,0.0003420386352598117,0.0003918389837646952,0.0002611112894153408,1.50013560504914e-5,0.0,0.0,0.0,6.742640493813213e-5,1.4007100297499166e-5,0.0,3.989687627091598e-6,0.0,2.0096953402799046e-6,0.0,2.0003840673325615e-6,0.0,1.997362118191859e-6,0.0,2.0007310150066184e-6,0.0,2.017029168513851e-6,0.0,2.047487049815988e-6,0.0,2.0928237685599704e-6,0.0,2.1538596623433827e-6,0.0,2.2315825511683765e-6,0.0,2.3270411204058486e-6,0.0,2.4410522956603842e-6,0.0,2.5735457450856814e-6,0.0,2.722110158725144e-6,0.0,2.8786869423388597e-6,0.0,3.0216861870428605e-6,0.0,3.0957811140376993e-6,0.0,2.9543667783337835e-6,0.0,2.1680776396227233e-6,0.0,0.0,4.75842196656694e-6,0.0,3.805272238369528e-5,0.0,0.0013476277103654593
0.017155396306822134,0.036923588921286075,0.04726919956387692,0.049551993869893715,0.05180060845739058,0.058004069931532995,0.05240955833357769,0.061233856980117275,0.076042540918481,0.11196546662554786,0.17404045137734822,0.12490223641696153,0.021771021332066334,0.0011304988238195848,0.001357121220668681,0.001116223799485835,0.0013835206004102114,0.0013589506718548756,0.0014549694029095765,0.0013942324133540864,0.0013560882122606733,0.001200688847019077,0.0010451712541462703,0.0008158334371237765,0.0005965212070259408,0.000305322769752879,0.0,0.0,0.0,0.0,0.0,0.0,0.0,0.0,0.0,0.0,0.0,0.0,0.0,0.00041467287531963973,0.0007513340657978933,0.0009009860548460653,0.0008407303421864095,0.0006120665459898094,0.00024653814703527976,0.0,0.0,0.0,0.0,0.0,0.000172075576373868,0.0001568309533096283,8.220172722613484e-6,0.0,0.0,1.3195304226456984e-5,0.0,0.0,5.486372539962759e-7,0.0,5.160742560860854e-7,0.0,4.965814790352852e-7,0.0,4.891677957843399e-7,0.0,4.864523680526034e-7,0.0,4.871157689537498e-7,0.0,4.907389671979346e-7,0.0,4.970615906600528e-7,0.0,5.057619055968132e-7,0.0,5.162816503724521e-7,0.0,5.275490357469436e-7,0.0,5.374416860377096e-7,0.0,5.416652832735735e-7,0.0,5.312628215087045e-7,0.0,4.866636745049391e-7,0.0,3.6208099670689276e-7,0.0,3.926484145599929e-8,2.866882169429985e-7,0.0,1.7949818538190778e-6,0.0,7.182751810235033e-6,0.0,3.850500559515831e-5,0.0,0.0013537364047839602
0.01790251637607035,0.0379317244568716,0.04805208261094494,0.05153682551691927,0.05310877493715227,0.06343649474359501,0.06914327289865402,0.07838381503995175,0.09739954436576402,0.15137741696429194,0.1519030266671882,0.03941877426778029,0.00047761365082895496,0.0,0.0,0.0,0.0,0.0,0.0,0.0,0.0,0.0,0.0,0.0,0.0,0.0,0.0,0.0003952280431644029,0.0007632930678083157,0.0011175192795120892,0.0013882089849724005,0.0016374499279965024,0.001753288077188757,0.0017558225657313643,0.0016069751999676974,0.0013546768203073726,0.0009835518171068735,0.0005172786099902935,1.9117221219380156e-5,0.0,0.0,0.0,0.0,0.0,0.0,0.0001194111074058266,0.00038306764777444873,0.0004550161473584634,0.0002973399976278447,2.6041067787050933e-5,0.0,0.0,0.0,8.049073244678197e-5,1.1926232330159792e-5,0.0,1.3058360274271765e-7,2.697293280181157e-6,0.0,1.9293767340855086e-6,0.0,1.8899606138177206e-6,0.0,1.88622228680142e-6,0.0,1.9009962045785757e-6,0.0,1.9320420058672738e-6,0.0,1.979936450569575e-6,0.0,2.0463336379203057e-6,0.0,2.1338050089263484e-6,0.0,2.246035805161739e-6,0.0,2.3882445112716867e-6,0.0,2.5679102769345264e-6,0.0,2.796058573713367e-6,0.0,3.089680697052977e-6,0.0,3.4766930164096266e-6,0.0,4.00724784705977e-6,0.0,4.783183867772767e-6,0.0,6.04868786196624e-6,0.0,8.539175892416128e-6,0.0,1.5344942970279152e-5,0.0,4.9676645902054874e-5,0.0,0.001431195815573032
0.018435764327605842,0.03914362126376942,0.047775160233548775,0.052995733153277845,0.05602126005810674,0.059720507972872386,0.07501468267907552,0.09159496310800483,0.13672416954070019,0.17365145670879703,0.07013481050122364,0.006234031637201297,0.0011313787545198307,0.001148277974339656,0.0014565038297812368,0.001413681783308448,0.0016394114311214531,0.0016364162126858532,0.0017479925082860988,0.0016716100565732767,0.0016420043489533596,0.0014445602147356784,0.001276942381485767,0.0009912809140421657,0.0007448902453363507,0.00038681471465057133,2.3900853630805055e-5,0.0,0.0,0.0,0.0,0.0,0.0,0.0,0.0,0.0,0.0,0.0,0.0,0.0004672572969519998,0.0008701821855143926,0.001045017399705787,0.0009863095274547488,0.0007175044660636338,0.0002993649389348738,0.0,0.0,0.0,0.0,0.0,0.00019787136257751713,0.00017866321566989996,1.3416866512295656e-5,0.0,0.0,1.2949585455834268e-5,5.17434634394931e-7,0.0,2.708019902547676e-6,0.0,2.679257266231616e-6,0.0,2.681678586500613e-6,0.0,2.7148634086407778e-6,0.0,2.771651010868759e-6,0.0,2.8524604269511757e-6,0.0,2.959534315457901e-6,0.0,3.0962856697184016e-6,0.0,3.267343737630535e-6,0.0,3.4787947193690273e-6,0.0,3.738522226725749e-6,0.0,4.0565913789478715e-6,0.0,4.445526254566801e-6,0.0,4.9199940307552485e-6,0.0,5.494332381705025e-6,0.0,6.172692501464949e-6,0.0,6.912600501272604e-6,0.0,7.479569068098791e-6,0.0,6.74044935944469e-6,0.0,0.0,2.4151581211195918e-5,0.0,0.0014187433816655831
0.018881326060755283,0.04015405257649586,0.050343330998133304,0.05760105950420051,0.06191446460911923,0.06832258775421961,0.08003881012498006,0.11974377955304912,0.17414669490602866,0.10581433097741956,0.013201791917947197,0.0,0.0,0.0,0.0,0.0,0.0,0.0,0.0,0.0,0.0,0.0,0.0,0.0,0.0,0.0,0.0,0.00042928854825566987,0.000887993845835322,0.0013005510304308586,0.001642170788365536,0.0019308683001045552,0.0020862029500064152,0.0020861423163883765,0.0019245303835435687,0.0016221638211844159,0.0011911733778847166,0.0006323832621241031,4.737006827472108e-5,0.0,0.0,0.0,0.0,0.0,0.0,0.0001270890434162113,0.00044438604750366155,0.0005300439684071264,0.0003531502696688382,3.3800666037146776e-5,0.0,0.0,0.0,9.062524133167927e-5,1.5882035043750875e-5,0.0,1.4803950934037858e-6,1.6951386421851568e-6,0.0,8.675014221012135e-7,0.0,8.596060115032778e-7,0.0,8.839265113842033e-7,0.0,9.21035632233469e-7,0.0,9.690420740984251e-7,0.0,1.029198313595181e-6,0.0,1.1039382363271954e-6,0.0,1.1967606958893208e-6,0.0,1.3125576266139305e-6,0.0,1.4582541673547668e-6,0.0,1.6438983159616784e-6,0.0,1.8845570307064463e-6,0.0,2.2037980770129195e-6,0.0,2.6405637198855915e-6,0.0,3.264071212380859e-6,0.0,4.210329121836365e-6,0.0,5.7876732349090076e-6,0.0,8.860809671277847e-6,0.0,1.682433521436402e-5,0.0,5.412984507390153e-5,0.0,0.0015065646679420141
0.019036383290686316,0.041171186898233854,0.052749107031848166,0.06313815946236213,0.06497183718972734,0.07834540011447225,0.10833828919194753,0.16051653820835982,0.1334691118370815,0.028399591761127222,0.001375035660641163,0.0013899739269367325,0.001156228240534467,0.0016042703431573928,0.0016394827798317166,0.0018648282506137017,0.0019313608412146021,0.0020893760727972617,0.002098600182271644,0.0021138627390635705,0.0019957409253318404,0.0018295553712206088,0.0015677125193271787,0.0012744097534260377,0.0009290687826349245,0.0005344313848845356,5.666112273619968e-5,0.0,0.0,0.0,0.0,0.0,0.0,0.0,0.0,0.0,0.0,0.0,0.0,0.0005437119626069664,0.00101806383465988,0.0012464222935041661,0.0011737036727992142,0.0008688643675469778,0.0003645451907162279,0.0,0.0,0.0,0.0,0.0,0.00022453762935617904,0.00021418728705466778,1.402987669707727e-5,0.0,0.0,1.8948056657166035e-5,0.0,0.0,0.0,6.938099380533913e-7,0.0,7.117690382377973e-7,0.0,7.0783364303324e-7,0.0,7.041176003918181e-7,0.0,7.040130758422692e-7,0.0,7.081278968213312e-7,0.0,7.165978720244937e-7,0.0,7.294982928456761e-7,0.0,7.469345128459538e-7,0.0,7.690707788816198e-7,0.0,7.961718193136847e-7,0.0,8.287351702620072e-7,0.0,8.679141639182931e-7,0.0,9.168494116458704e-7,0.0,9.849719927847556e-7,0.0,1.102862808921401e-6,0.0,1.3795996743954043e-6,0.0,2.2665184850037437e-6,0.0,6.1750558186184586e-6,0.0,3.4593891617173165e-5,0.0,0.0014564239045006607
0.01966752499288695,0.04343095825505995,0.051958943783204314,0.07166889271551762,0.0793267232028323,0.0914406865736298,0.13841093830771353,0.15419358167595457,0.05075857884206106,0.0021921866754501364,0.0,0.0,0.0,0.0,0.0,0.0,0.0,0.0,0.0,0.0,0.0,0.0,0.0,0.0,0.0,0.0,0.0,0.0004643446645512832,0.0010510878888087937,0.0015439103723674465,0.001988049846557627,0.0023303860162631525,0.0025455759758636148,0.002540274087496824,0.002366869485174616,0.0019929742925119576,0.0014847594302750363,0.0007951313805850313,9.49244755149675e-5,0.0,0.0,0.0,0.0,0.0,0.0,0.000132240796167612,0.0005277429649759569,0.0006285848190233793,0.0004314019201297298,4.312271047214225e-5,0.0,0.0,0.0,0.00010141427267321889,2.371735143607339e-5,0.0,5.7878621090708295e-6,0.0,3.1971603428246454e-6,0.0,3.26136413830902e-6,0.0,3.3386700126935234e-6,0.0,3.4325644614515483e-6,0.0,3.5566217424461757e-6,0.0,3.717002782393486e-6,0.0,3.920196093193163e-6,0.0,4.1745830646748415e-6,0.0,4.491430891660997e-6,0.0,4.886102617897504e-6,0.0,5.379824412418799e-6,0.0,6.0024013387618425e-6,0.0,6.796508594372597e-6,0.0,7.824627729898382e-6,0.0,9.180426384584805e-6,0.0,1.1007213799940408e-5,0.0,1.352451000642212e-5,0.0,1.7039314397364792e-5,0.0,2.1692347290949953e-5,0.0,2.4042714792710696e-5,0.0,0.0,0.0013555133646823588
0.020572291669594102,0.04659439610389171,0.052006904383654184,0.07190745994863601,0.09008907385825714,0.12531646401162322,0.1565400830983915,0.08000802359791756,0.010076835832601584,0.0008715892437527283,0.0012475731883283669,0.001423599527653748,0.001637498323552213,0.001927060447483762,0.0021490894407356314,0.0023321670172794778,0.00249176352449456,0.0026404268521591358,0.0026938364802937638,0.0026893997223973124,0.0025692400749706998,0.002345920853238134,0.0020376817923772636,0.0016599152282693252,0.0012382610556426797,0.0007350216085206739,0.0001435702906859697,0.0,0.0,0.0,0.0,0.0,0.0,0.0,0.0,0.0,0.0,0.0,0.0,0.0006341597799797658,0.001226094579045372,0.001515579500608291,0.0014408194802159658,0.0010736937944489065,0.00046523141809845633,0.0,0.0,0.0,0.0,0.0,0.00026516207625847983,0.0002568535589974033,2.073108125567842e-5,0.0,0.0,2.19421132397315e-5,0.0,0.0,0.0,4.1337897542685913e-7,0.0,4.5288108671446285e-7,0.0,4.6256556815933437e-7,0.0,4.698259924303727e-7,0.0,4.790922400127684e-7,0.0,4.913797123279551e-7,0.0,5.07063689414089e-7,0.0,5.263693572004514e-7,0.0,5.494486396770526e-7,0.0,5.763294551460519e-7,0.0,6.067674103569232e-7,0.0,6.399522898817623e-7,0.0,6.739621304941323e-7,0.0,7.048038212110086e-7,0.0,7.249945230321409e-7,0.0,7.230536342400118e-7,0.0,6.954380232646606e-7,0.0,7.577722106312912e-7,0.0,2.1511043996737647e-6,0.0,2.1237654143653507e-5,0.0,0.0014411591308461508
0.021846773065318213,0.05112443041998463,0.05316383008691393,0.07551483263286983,0.11073870669641256,0.15128868019952235,0.11095232691580792,0.01917548149793885,0.0,0.0,0.0,0.0,0.0,0.0,0.0,0.0,0.0,0.0,0.0,0.0,0.0,0.0,0.0,0.0,0.0,0.0,0.0,0.0005171054952567591,0.0012434260234151155,0.0018978575459996946,0.002452323652853167,0.0029129729884566644,0.003182338761205701,0.0032063935135365784,0.0029884688213305598,0.0025447456260412815,0.0019001868231696562,0.0010519985121877522,0.00016201274223218986,0.0,0.0,0.0,0.0,0.0,0.0,0.0001440082081814172,0.0006310933736308286,0.0007742818821869064,0.0005320982179655986,6.717932128864508e-5,0.0,0.0,0.0,0.0001242560346382902,2.6112236890048735e-5,0.0,3.212516552127909e-6,8.563681989727457e-7,3.159842912524802e-7,0.0,3.8810834951883425e-7,0.0,4.4787674443753646e-7,0.0,4.991026479242323e-7,0.0,5.56296152314495e-7,0.0,6.240525586456159e-7,0.0,7.061402741166845e-7,0.0,8.071340207724376e-7,0.0,9.332378889931547e-7,0.0,1.0932190702253486e-6,0.0,1.2998214840322932e-6,0.0,1.5720914823560863e-6,0.0,1.939376019461392e-6,0.0,2.4484721719847612e-6,0.0,3.1769353251185352e-6,0.0,4.258799432957972e-6,0.0,5.935207043389124e-6,0.0,8.646337726543153e-6,0.0,1.3073491481636523e-5,0.0,1.79933468404236e-5,0.0,0.0,0.0013970654193529665
0.02182675663528647,0.05561209122511818,0.05148469519719448,0.07678521600527055,0.12173239378500667,0.13353723654813257,0.04070955380696192,0.002293561154706165,0.001054450726892406,0.0009858512620243274,0.0016832150910589116,0.0017739177934467918,0.0022286522792080506,0.002474862063753104,0.0028956598001827595,0.00304750842673561,0.0033466637153224234,0.0034753998367238036,0.0036129838888731714,0.003562405194719186,0.003460800684989,0.003134259354475802,0.002778536795241745,0.002257214496668806,0.0017405171097684645,0.0010577950653120798,0.00031371339102401365,0.0,0.0,0.0,0.0,0.0,0.0,0.0,0.0,0.0,0.0,0.0,0.0,0.0007456787304357773,0.0015211970289467987,0.001893422367333777,0.0018300335033251615,0.0013673298258968956,0.000621240889749103,0.0,0.0,0.0,0.0,0.0,0.00032450890704918293,0.00031199546368050054,3.544562927975221e-5,0.0,0.0,2.1604610529993808e-5,1.2964882855300175e-6,0.0,4.469485779986293e-6,0.0,4.519073134452612e-6,0.0,4.628743845904104e-6,0.0,4.80002729210387e-6,0.0,5.025315203126724e-6,0.0,5.3109706317723496e-6,0.0,5.668336950599695e-6,0.0,6.113470319385073e-6,0.0,6.668569481624154e-6,0.0,7.364565231331888e-6,0.0,8.24530729176658e-6,0.0,9.374404854622754e-6,0.0,1.0846773060269756e-5,0.0,1.2808955637085619e-5,0.0,1.54967235300445e-5,0.0,1.930883943033148e-5,0.0,2.496188545392997e-5,0.0,3.383876022362866e-5,0.0,4.879245313026051e-5,0.0,7.506804557148641e-5,0.0,7.055675496558593e-5,0.0011008432366719405
0.023163240089958122,0.06450864333187249,0.059708475244635524,0.08501030357140973,0.13806949065044782,0.06474921269407524,0.005276046273459421,0.0,0.0,0.0,0.0,0.0,0.0,0.0,0.0,0.0,0.0,0.0,0.0,0.0,0.0,0.0,0.0,0.0,0.0,0.0,0.0,0.0005406921349498305,0.0015037042145926458,0.002388538525150807,0.0031336797899069375,0.003763742547880095,0.0041365595197106015,0.004198646956415658,0.003933668281505261,0.003379336988564146,0.0025458311647074136,0.0014531033727316661,0.00028967368450515655,0.0,0.0,0.0,0.0,0.0,0.0,0.00014797754813507453,0.000777862458652265,0.000980364305848515,0.000682417368969385,0.00010280487907090308,0.0,0.0,0.0,0.0001532809784400797,3.21951361766196e-5,0.0,1.8299311972878485e-6,2.907309625193877e-6,0.0,1.50576895479162e-6,0.0,1.4722009264664494e-6,0.0,1.4968749227451284e-6,0.0,1.5422744268331457e-6,0.0,1.603802960379852e-6,0.0,1.68219347143328e-6,0.0,1.7798128830857963e-6,0.0,1.9001236187358829e-6,0.0,2.047756875023854e-6,0.0,2.2287907339489267e-6,0.0,2.4511475143981444e-6,0.0,2.725055024473022e-6,0.0,3.0634094421543526e-6,0.0,3.481504622795484e-6,0.0,3.994456064015584e-6,0.0,4.607198320544637e-6,0.0,5.281714684762307e-6,0.0,5.843614515242113e-6,0.0,5.91750460659215e-6,0.0,1.1413588453543078e-5,0.0,0.0013217414385585818
0.023787251209225577,0.0791724850435622,0.09370882781892723,0.1488322928950884,0.09950652004086452,0.012749354389737575,0.0001356586802524948,0.0008400845044741125,0.0010600583018283353,0.0015649663408579088,0.0021281477930027966,0.002543224646999075,0.0029989066394256253,0.003495969121961767,0.003984445247223777,0.0043009167679071555,0.0046563557662159406,0.004905179592699257,0.005057295098800916,0.005045953023869456,0.004883782200152312,0.004481536956812909,0.003980440679353765,0.0033018703271329914,0.002575020423584473,0.0016635225510209495,0.0006274051302910048,0.0,0.0,0.0,0.0,0.0,0.0,0.0,0.0,0.0,0.0,0.0,0.0,0.0008975936616737166,0.0019371981992720422,0.00246495780153984,0.0024074465769849808,0.0018273944541651694,0.0008597222457081437,0.0,0.0,0.0,0.0,0.0,0.00039906006044971036,0.0004001190401899578,5.046712215330445e-5,0.0,0.0,2.889801973535242e-5,0.0,0.0,3.4783501912299286e-6,0.0,3.54296663336946e-6,0.0,3.6696587967856686e-6,0.0,3.858861216951937e-6,0.0,4.100583578280492e-6,0.0,4.402000009460139e-6,0.0,4.7762980592473524e-6,0.0,5.242382687008273e-6,0.0,5.826801782570535e-6,0.0,6.5673019611429245e-6,0.0,7.5187477466982955e-6,0.0,8.763132929356132e-6,0.0,1.0427168692034173e-5,0.0,1.271470833845143e-5,0.0,1.59701027973588e-5,0.0,2.0811037381919918e-5,0.0,2.8432305742222753e-5,0.0,4.137989864795184e-5,0.0,6.580382757667889e-5,0.0,0.00011885489657572466,0.0,0.00022759371493032444,0.0006611939154611401
0.02712349146104874,0.11695735205823465,0.1802230947412516,0.14223676630464738,0.027674624262707267,0.00012687983618952706,0.0,0.0,0.0,0.0,0.0,0.0,0.0,0.0,0.0,0.0,0.0,0.0,0.0,0.0,0.0,0.0,0.0,0.0,0.0,0.0,0.0,0.0004612743499866547,0.0018455878131644384,0.003086555247644399,0.004179928818669812,0.005073008508850559,0.005651685780722242,0.005768641085500467,0.005465912093468028,0.004727169134742862,0.0036221674961045254,0.0021275444277587974,0.0005496698183110191,0.0,0.0,0.0,0.0,0.0,0.0,0.00012623924315784913,0.0009965798914296099,0.0012825738806186223,0.0009216133007785111,0.0001566404614908187,0.0,0.0,0.0,0.0001873887548833409,4.887100356039582e-5,0.0,6.9349597722446535e-6,0.0,3.1771275257489684e-6,0.0,3.3230324716448936e-6,0.0,3.4683381469779563e-6,0.0,3.62402312443173e-6,0.0,3.8156980887137595e-6,0.0,4.054585095028074e-6,0.0,4.351949124536248e-6,0.0,4.722222661741071e-6,0.0,5.185076510165132e-6,0.0,5.768059406206661e-6,0.0,6.510675111049125e-6,0.0,7.471104679721919e-6,0.0,8.737818701301947e-6,0.0,1.0450659983960264e-5,0.0,1.2841443838786405e-5,0.0,1.631799187350387e-5,0.0,2.16544846375367e-5,0.0,3.0475057133024564e-5,0.0,4.667178021927043e-5,0.0,8.111070801220697e-5,0.0,0.00014247175940027245,0.0008454728042022787
0.02731064903089863,0.11592925873706836,0.15077073983497596,0.041524266002504716,0.0006225350583761562,7.178670880545584e-5,0.00020509385704231038,0.0010978373585078872,0.0013929170413948875,0.00229777189291006,0.002999934830609582,0.0037805031424049573,0.004377678466265431,0.0052472293353034655,0.005915955169551837,0.006505264828074149,0.0069918746807012214,0.00745356320672492,0.007648466569320826,0.007717108079140927,0.007459925367849582,0.006943154591988974,0.006196571676250629,0.005262323145637769,0.004169355307256939,0.002873378269499673,0.0013275230732455068,0.0,0.0,0.0,0.0,0.0,0.0,0.0,0.0,0.0,0.0,0.0,0.0,0.0010828702753582495,0.00255977596694922,0.0033668977151206448,0.003331495810496584,0.0025858609001908565,0.0012659496184008762,0.0,0.0,0.0,0.0,0.0,0.0005021737765893051,0.0005382499296432457,7.286027183497481e-5,0.0,0.0,4.372304433235455e-5,0.0,4.6979294990414645e-7,0.0,2.528202444360517e-6,0.0,2.686607837078725e-6,0.0,2.800111855524534e-6,0.0,2.9302312565249624e-6,0.0,3.0908005425658305e-6,0.0,3.290171522606045e-6,0.0,3.537425689045648e-6,0.0,3.844305781825952e-6,0.0,4.226748707569783e-6,0.0,4.706899836058653e-6,0.0,5.3161808193163295e-6,0.0,6.1002147970686595e-6,0.0,7.127024183078845e-6,0.0,8.501163281538737e-6,0.0,1.0388982069586561e-5,0.0,1.306540086760073e-5,0.0,1.7002816276855625e-5,0.0,2.304078703471415e-5,0.0,3.274262217138242e-5,0.0,5.232243255617215e-5,0.0,0.0012921744520758963
0.029107557086132194,0.0954490997467368,0.05133382079402491,0.005207730265271899,0.0010502357889122767,0.00035381448429422976,0.0,0.0,0.0,0.0,0.0,0.0,0.0,0.0,0.0,0.0,0.0,0.0,0.0,0.0,0.0,0.0,0.0,0.0,0.0,0.0,0.0,6.90155824711189e-5,0.002184075336341487,0.004123364655630543,0.0058345574700714225,0.007262994750048432,0.008214055714543912,0.008498683086742113,0.00814290033072352,0.007142780814080249,0.005566249497359999,0.0034161106265257757,0.0011028589919082248,0.0,0.0,0.0,0.0,0.0,0.0,5.391464804115325e-5,0.001315406691642239,0.001773174420366414,0.0013080942902387773,0.0002672516539747676,0.0,0.0,0.0,0.0002452494824088305,6.802397009143251e-5,0.0,6.891379695342348e-6,0.0,2.6036944085296554e-6,0.0,2.789849581044024e-6,0.0,2.9591240773441996e-6,0.0,3.128778356683881e-6,0.0,3.331787956554422e-6,0.0,3.5817127250950878e-6,0.0,3.8915675331949734e-6,0.0,4.277915649680608e-6,0.0,4.7635215339361996e-6,0.0,5.380740901468606e-6,0.0,6.17685274840536e-6,0.0,7.223061787384211e-6,0.0,8.630475278218342e-6,0.0,1.0579990866220613e-5,0.0,1.338177419537594e-5,0.0,1.760283840467567e-5,0.0,2.4367327309555977e-5,0.0,3.615092546699721e-5,0.0,5.921379777383358e-5,0.0,0.00011224534807083426,0.0,0.00023136751492508216,0.0008161376720179675
0.037461492882758796,0.045513686499211434,0.004841412970975102,0.0,0.0,0.0,0.00031851238096967233,0.001157096733734177,0.002098315418128313,0.0033218845321679328,0.004752099955212414,0.005936976300915966,0.007155938707303847,0.008547345427267027,0.009837483135412715,0.010826769185836471,0.011785859791943595,0.012564672876223525,0.013016924302261146,0.013167534409233933,0.01286905867752398,0.012073144985277694,0.01096811041506287,0.009485625095696847,0.0077652827054244715,0.005662920738417775,0.0031927354045239546,0.0004778889853456134,0.0,0.0,0.0,0.0,0.0,0.0,0.0,0.0,0.0,0.0,0.0,0.001222963374009372,0.003553095095988131,0.004876961232923408,0.004962415562251708,0.003937005419385184,0.0020562619918464012,3.130626174040288e-5,0.0,0.0,0.0,0.0,0.0006676448858824841,0.0007498237202207434,0.000129406960782255,0.0,0.0,5.4055678217811214e-5,0.0,0.0,8.782176015454724e-7,0.0,7.814951795850789e-7,0.0,7.467881519318098e-7,0.0,7.574033166299899e-7,0.0,7.827459435624462e-7,0.0,8.177582807007867e-7,0.0,8.619732020292758e-7,0.0,9.162521987533978e-7,0.0,9.820545559321658e-7,0.0,1.0612029755499465e-6,0.0,1.1556614031135838e-6,0.0,1.267015075001865e-6,0.0,1.3950797588812237e-6,0.0,1.5341533202757773e-6,0.0,1.6626089764784524e-6,0.0,1.7121106577477009e-6,0.0,1.4668097865641273e-6,0.0,1.7904608092322862e-7,1.5898818361200995e-6,0.0,1.3444163461785764e-5,0.0,9.234050315116243e-5,0.0,0.0033263093716104346
0.018192643387364885,0.014478386257757174,0.004019536855353411,0.002959651997766135,0.0025936942124264494,0.0014242410758172636,0.00011301277468836446,0.0,0.0,0.0,0.0,0.0,0.0,0.0,0.0,0.0,0.0,0.0,0.0,0.0,0.0,0.0,0.0,0.0,0.0,0.0,0.0,0.0,0.0020296536570769915,0.005490656084308889,0.008569860300875356,0.011209175799080729,0.013039613404136459,0.013799733384054887,0.013464663935502814,0.012059299527965802,0.00963216645935264,0.006253326009805447,0.0025147290734717277,0.0,0.0,0.0,0.0,0.0,0.0,0.0,0.0018053973626049236,0.0026225417501375328,0.0020077164072206297,0.0005015508788301121,0.0,0.0,0.0,0.0003374428448134699,9.98177542621777e-5,0.0,4.098893596643194e-6,3.88543756222779e-6,0.0,7.705268823610112e-7,0.0,6.53748181514402e-7,0.0,6.608180120181828e-7,0.0,6.97035463356599e-7,0.0,7.490417821259144e-7,0.0,8.159387147529173e-7,0.0,9.003895913309634e-7,0.0,1.0072617112513172e-6,0.0,1.1439321542646041e-6,0.0,1.3214403097315141e-6,0.0,1.5566793451583295e-6,0.0,1.8764354038836474e-6,0.0,2.325148010575617e-6,0.0,2.9808127414895582e-6,0.0,3.990376570788002e-6,0.0,5.6573135884711695e-6,0.0,8.690878803118097e-6,0.0,1.506871801307952e-5,0.0,3.205660807362758e-5,0.0,0.00010414923711666049,0.0,0.001960124086643977
0.0,0.0,0.0,0.0,0.0,0.0,0.0,0.00047773184999672314,0.00223660251721275,0.004803636457615926,0.007700876655436233,0.010322827567334731,0.012979876811161566,0.01601184621530631,0.01885632451573119,0.021181854398397183,0.023388989033823665,0.025244606823478385,0.026440512484500866,0.027069351691292032,0.026802505595483334,0.025596375070780795,0.023747200316377132,0.021157877122266366,0.017983374979187842,0.014077415823124148,0.00941202295426231,0.0042488273257761874,0.0,0.0,0.0,0.0,0.0,0.0,0.0,0.0,0.0,0.0,0.0,0.000927527138089705,0.005125319971827227,0.007686754290191176,0.008166906276078759,0.0067302173562706685,0.00380370085666989,0.0005098492491068455,0.0,0.0,0.0,0.0,0.0009148781798158528,0.0011306138995579897,0.00024151447097474376,0.0,0.0,7.641735698457559e-5,0.0,0.0,2.534320446862637e-7,0.0,8.630349874465538e-8,0.0,9.467804400742353e-9,3.0568582573664573e-9,0.0,1.468777433046853e-8,0.0,2.01570457534217e-8,0.0,2.401166763661422e-8,0.0,2.769401221627277e-8,0.0,3.182172287665708e-8,0.0,3.6799058345593495e-8,0.0,4.3031853413566524e-8,0.0,5.104596300178344e-8,0.0,6.160596324207291e-8,0.0,7.589131547547368e-8,0.0,9.58023545024389e-8,0.0,1.245245094935399e-7,0.0,1.675792059490533e-7,0.0,2.3455884133767313e-7,0.0,3.3934201103491545e-7,0.0,4.631449100187979e-7,0.0,0.0,4.783941066149566e-6,0.0
0.0035371656624610453,0.008052013128174204,0.009439454519322916,0.010023945895176741,0.009603472734929133,0.007532027822438764,0.005175477435614535,0.0027192391100138887,5.977274037537157e-5,0.0,0.0,0.0,0.0,0.0,0.0,0.0,0.0,0.0,0.0,0.0,0.0,0.0,0.0,0.0,0.0,0.0,0.0,0.0,0.0,0.005159993213484774,0.012309357826363453,0.018595690175438783,0.023303075869847686,0.02587490197298674,0.026226844075927187,0.024334312810797985,0.02026871803528357,0.014185990557283567,0.007166859088638258,0.0,0.0,0.0,0.0,0.0,0.0,0.0,0.0025445565483033657,0.004245589406038316,0.0034696255186999567,0.0010728810483672225,0.0,0.0,0.0,0.00048359587738193427,0.00016939516265266548,0.0,4.575076203709472e-6,4.831792210383945e-6,0.0,2.855927086677923e-7,0.0,6.310251288539348e-8,0.0,1.740579080404814e-8,0.0,3.590984266566011e-9,0.0,0.0,3.422787622753276e-9,0.0,5.614339855242179e-9,0.0,7.257296891793886e-9,0.0,8.735639215728952e-9,0.0,1.0203528242413995e-8,0.0,1.1707045328712696e-8,0.0,1.3200753679143418e-8,0.0,1.448817925364665e-8,0.0,1.5032283573646055e-8,0.0,1.3430981518069984e-8,0.0,5.874169808350871e-9,3.0575638206187253e-9,0.0,4.753017779322022e-8,0.0,2.0080203940011643e-7,0.0,8.63481398197763e-7,0.0,5.630275144268993e-6,0.0,0.0002598540788958043
0.0,0.0,0.0,0.0,0.0,0.0,0.0,0.0,0.0,0.0,0.0,0.007593924352657414,0.016529731109679098,0.02681121915866665,0.037283554128457665,0.04664393440524338,0.05579935853972944,0.06389508630751235,0.07032464382802753,0.0750994830879175,0.07742011889148984,0.07708435250220064,0.07471798406247644,0.07005068335570587,0.06318557717822096,0.05407434361677313,0.04254489958621735,0.029278488383626882,0.015478901020656173,0.0017201195465860778,0.0,0.0,0.0,0.0,0.0,0.0,0.0,0.0,0.0,0.0,0.006815989402638382,0.013340067663752795,0.01562293395768025,0.013809431463317657,0.008740055427379158,0.0024758627588674516,0.0,0.0,0.0,0.0,0.0012737619562736278,0.0018869074302745618,0.0005219009100013324,0.0,0.0,0.00011304580537818226,0.0,0.0,4.915192714491923e-7,0.0,2.1002696409446742e-7,0.0,8.831249031260314e-8,0.0,5.825459601567218e-8,0.0,4.960021723263708e-8,0.0,4.7980821420878784e-8,0.0,4.9490244157368584e-8,0.0,5.298703922562709e-8,0.0,5.8275197511648006e-8,0.0,6.561791320791599e-8,0.0,7.56525154542942e-8,0.0,8.949945414471472e-8,0.0,1.0907550914396325e-7,0.0,1.3778441062015646e-7,0.0,1.8208775142056767e-7,0.0,2.5543864751682576e-7,0.0,3.8957035535460704e-7,0.0,6.735487314657008e-7,0.0,1.4307416968549093e-6,0.0,4.458961633140035e-6,0.0,3.4574715190166216e-5,0.0
