Column1,Column2,Column3,Column4,Column5,Column6,Column7,Column8,Column9,Column10,Column11,Column12,Column13,Column14,Column15,Column16,Column17,Column18,Column19,Column20,Column21,Column22,Column23,Column24,Column25,Column26,Column27,Column28,Column29,Column30,Column31,Column32,Column33,Column34,Column35,Column36,Column37,Column38,Column39,Column40,Column41,Column42,Column43,Column44,Column45,Column46,Column47,Column48,Column49,Column50,Column51,Column52,Column53,Column54,Column55,Column56,Column57,Column58,Column59,Column60,Column61,Column62,Column63,Column64,Column65,Column66,Column67,Column68,Column69,Column70,Column71,Column72,Column73,Column74,Column75,Column76,Column77,Column78,Column79,Column80,Column81,Column82,Column83,Column84,Column85,Column86,Column87,Column88,Column89,Column90,Column91,Column92,Column93,Column94,Column95,Column96,Column97,Column98,Column99,Column100
2.0812608251818966e-10,0.0,1.1153299794494642e-9,0.0,0.0,1.942991924151101e-8,0.0,3.247054909566359e-7,1.8847676339519227e-6,0.0,8.676198655118285e-6,0.0,3.228903100936692e-6,1.1677524089857385e-5,0.0,1.650879483477366e-5,2.8599656120544433e-5,8.227158924976455e-6,0.0,0.0,0.0,2.7630979755462204e-6,6.719320113280433e-5,0.00010967276120368384,0.00015974258013322134,0.00018392756130507055,0.0,0.0,0.0,0.0,0.0,0.0,2.8337338789236546e-5,1.1637108865293598e-5,3.28954328682371e-5,0.0,0.0,2.1682812955392018e-6,0.0,0.0,1.3265300878460073e-6,0.0,0.0,0.0,0.0,2.6243354329310957e-8,0.0,5.071493239660122e-9,0.0,3.673875881063729e-9,0.0,2.7788635654107855e-9,0.0,2.1745657227949244e-9,0.0,1.747376402403897e-9,0.0,1.4345132984934506e-9,0.0,1.1987967690387652e-9,0.0,1.0169503309166023e-9,0.0,8.737950675727358e-10,0.0,7.590468378324001e-10,0.0,6.655595846005724e-10,0.0,5.882017283386984e-10,0.0,5.232290394414224e-10,0.0,4.678192881746313e-10,0.0,4.1980242940775627e-10,0.0,3.7747199651549935e-10,0.0,3.3942101801409667e-10,0.0,3.0448217918088715e-10,0.0,2.7160542356505225e-10,0.0,2.398404894722595e-10,0.0,2.0825294025431096e-10,0.0,1.7589843524217637e-10,0.0,1.417099032868796e-10,0.0,1.0429112074121853e-10,0.0,6.102901895389119e-11,0.0,4.35254592472123e-12,3.6530687200220235e-11,0.0
0.0,6.141050425633593e-10,0.0,6.313777486237349e-9,2.6503992957736535e-7,9.403188246801358e-8,3.2320142165947565e-6,0.0,0.0,7.26163630414322e-7,0.0,3.445292522631997e-6,0.0,0.0,1.0912702492025991e-5,0.0,0.0,0.0,1.9540586815804478e-5,1.8032146909248553e-5,3.80790085483547e-5,1.24417278158614e-5,0.0,0.0,0.0,0.0,1.6107079115272273e-5,0.00013364257250615672,0.00013452584749471146,7.071741545993931e-5,4.168657757539427e-5,6.527797418422879e-5,0.0,0.0,0.0,5.426962014281164e-6,2.363575585669671e-6,0.0,3.984455346371764e-6,2.8258069507056345e-6,0.0,4.904702193162131e-7,5.729268393717094e-8,1.9479521442602663e-7,5.355185002024476e-8,0.0,6.842839495888476e-9,0.0,4.911962802571501e-9,0.0,3.6225918078915815e-9,0.0,2.7789250165256853e-9,0.0,2.1968341820277627e-9,0.0,1.7786106290572369e-9,0.0,1.4684327794545898e-9,0.0,1.2323415151158091e-9,0.0,1.0486502888054639e-9,0.0,9.029682346374524e-10,0.0,7.854374086707638e-10,0.0,6.891066179334771e-10,0.0,6.089590645741439e-10,0.0,5.412814593153126e-10,0.0,4.832770230778217e-10,0.0,4.3277618311243773e-10,0.0,3.8806486666320695e-10,0.0,3.47754517401877e-10,0.0,3.106791779283746e-10,0.0,2.758501151611803e-10,0.0,2.4238467572698654e-10,0.0,2.0948658365736727e-10,0.0,1.763743878037405e-10,0.0,1.421112668809326e-10,0.0,1.0486309500040703e-10,0.0,5.888677172436949e-11,0.0,0.0,9.885315491939273e-11
4.690828481465625e-10,0.0,3.086478895883427e-9,0.0,0.0,0.0,0.0,1.220926603530984e-5,1.803748788271611e-5,8.842980083135367e-6,3.587856918763342e-5,0.0,1.6487089989429174e-5,2.4741407874821658e-5,0.0,2.8011145146503225e-5,4.981480618917393e-5,4.949934889866295e-6,0.0,0.0,0.0,0.0,7.389396172735015e-5,0.00015216428422005013,0.00024678672532320675,0.0003035138138015359,0.0,0.0,0.0,0.0,0.0,0.0,3.924075759563664e-5,1.4043674600147056e-5,4.425750144156443e-5,0.0,0.0,3.018724933473581e-6,0.0,0.0,1.888744659336346e-6,0.0,0.0,0.0,0.0,3.334742346229186e-8,0.0,6.833306500571291e-9,0.0,4.903092774719703e-9,0.0,3.6801147081166625e-9,0.0,2.86017512191733e-9,0.0,2.284011383671403e-9,0.0,1.8643610612670282e-9,0.0,1.5498493046148255e-9,0.0,1.3084813961964683e-9,0.0,1.119485072774429e-9,0.0,9.688619789366416e-10,0.0,8.46937249132651e-10,0.0,7.468090152173978e-10,0.0,6.634902302099511e-10,0.0,5.932679977838084e-10,0.0,5.33351309495167e-10,0.0,4.816015367614668e-10,0.0,4.3634638752232393e-10,0.0,3.962924600142692e-10,0.0,3.6038773261748427e-10,0.0,3.2781609607332453e-10,0.0,2.978729279387582e-10,0.0,2.698876983134313e-10,0.0,2.427966084557129e-10,0.0,2.139851753134997e-10,0.0,1.7505565648306964e-10,0.0,9.5928923297961e-11,0.0,0.0
3.005751344991037e-8,0.0,7.043215358334826e-8,0.0,5.62950744022342e-7,1.0418298080116912e-5,0.000600274668123749,0.002181190006579043,0.0023040310126581027,0.0020301998228512965,0.0019751837096529928,0.002014613924996205,0.0030335437022812233,0.0026254605577690714,0.0026863802724291807,0.0027845614809333045,0.002254317190033319,0.0018578126303844926,0.001517596664522899,0.0009063500138753306,0.0005739175600243556,0.0003170368024420045,4.365944555740948e-6,0.0,0.0,0.0,0.0,0.00013875359470260214,0.00014995898687853395,8.027497863657424e-5,6.88431034292915e-5,0.0001177216442164062,0.0,0.0,0.0,4.440140804071425e-6,3.458035810298199e-6,0.0,5.548986304478154e-6,4.640624036600949e-6,0.0,6.625031938387372e-7,3.403507069502654e-8,2.876678026628277e-7,7.246549432380345e-8,0.0,3.373230991185472e-9,0.0,9.956180158629536e-10,0.0,0.0,9.54309765784046e-10,0.0,1.64790272102755e-9,0.0,2.0986049520721475e-9,0.0,2.405442011621517e-9,0.0,2.6249864506056043e-9,0.0,2.7913394681888805e-9,0.0,2.925989688229436e-9,0.0,3.0429398506726105e-9,0.0,3.151624530062236e-9,0.0,3.2584840104377125e-9,0.0,3.3679554208632112e-9,0.0,3.482888045192034e-9,0.0,3.604699236881004e-9,0.0,3.733122002902434e-9,0.0,3.865511041645231e-9,0.0,3.995451949845297e-9,0.0,4.110010821445353e-9,0.0,4.18470510976654e-9,0.0,4.173620666492184e-9,0.0,3.9899065011450575e-9,0.0,3.4649287595778234e-9,0.0,2.2586553730441495e-9,0.0,0.0,2.6267892797943173e-9,0.0,1.100979545545361e-8,0.0
0.0,8.689356132934534e-7,0.0,1.0469420395579357e-6,7.798108000824525e-6,0.0015425119832766147,0.005272607456931757,0.003100752527035828,0.002502580284505072,0.00504894722793725,0.013838875837450065,0.03382902698626534,0.05814069202614519,0.08788779091215108,0.12007403035770545,0.14135167627220427,0.15383359008579242,0.15530778753272678,0.14861397125724304,0.12878347667658888,0.09810832503702312,0.06556838385084468,0.041469205089022465,0.025187394226660217,0.01204127651938131,0.006471244020671779,0.0022409790075781596,0.0006226257114461089,1.9199117155792436e-5,0.0,0.0,0.0,5.293533695049775e-5,7.755609174402312e-6,6.404838034467811e-5,0.0,0.0,4.682419811580019e-6,0.0,0.0,2.9806064734231086e-6,0.0,0.0,0.0,0.0,5.107933156409672e-8,0.0,2.0539318395762508e-8,0.0,2.0717674541859132e-8,0.0,2.1241515763092968e-8,0.0,2.1906155372327947e-8,0.0,2.2652932412636775e-8,0.0,2.347945088558845e-8,0.0,2.4404131306710045e-8,0.0,2.545440430026247e-8,0.0,2.6663404264581916e-8,0.0,2.8069930442597982e-8,0.0,2.9720128918597767e-8,0.0,3.167021421859318e-8,0.0,3.3990529863103804e-8,0.0,3.6771137790481136e-8,0.0,4.0129940117594746e-8,0.0,4.4224539798110034e-8,0.0,4.927020919974212e-8,0.0,5.556790075473828e-8,0.0,6.354924783330551e-8,0.0,7.38519129717119e-8,0.0,8.745072479001692e-8,0.0,1.058980585810332e-7,0.0,1.3179025508378574e-7,0.0,1.6973814872898174e-7,0.0,2.285584278638453e-7,0.0,3.267070801431515e-7,0.0,5.069003398191941e-7
0.0,1.7359446708560712e-6,0.0,2.1583553477455553e-6,0.0005467952430132905,0.0038011901426974726,0.0011894601573383184,0.0009733915577292784,0.008838541909622126,0.03186170240277704,0.11020925427540842,0.18644414157618264,0.3379330531017596,0.5360176330767346,0.7665162264488625,1.036128781985171,1.3030488785677032,1.5374109934395352,1.690419128174929,1.7494986265147903,1.6664714066436326,1.494719759140469,1.2416177797507815,0.9437416546737681,0.6541108132975616,0.41160895503837186,0.24002326147443848,0.12398226056162398,0.057521423863620684,0.023008120101002942,0.008437720979803248,0.002654375383363072,0.0005003230883666937,5.725913769881341e-5,0.0,0.0,1.9851551018973625e-6,0.0,8.040153706974707e-6,9.375232250738463e-6,0.0,1.0496725969574073e-6,0.0,5.281885774707007e-7,4.6546505041078495e-8,2.7313670670991998e-8,0.0,6.408909874835445e-8,0.0,6.631520878244147e-8,0.0,6.871987470091767e-8,0.0,7.143701576524108e-8,0.0,7.453192868425162e-8,0.0,7.806398590153307e-8,0.0,8.210665826595687e-8,0.0,8.675318860014159e-8,0.0,9.212039976773667e-8,0.0,9.835376113187522e-8,0.0,1.0563499399722787e-7,0.0,1.1419286784075667e-7,0.0,1.2431858449417632e-7,0.0,1.3638733171319473e-7,0.0,1.508890198692825e-7,0.0,1.6847246888573865e-7,0.0,1.9001011367976163e-7,0.0,2.1669440387146466e-7,0.0,2.501840335620287e-7,0.0,2.928303684626599e-7,0.0,3.4803396627580696e-7,0.0,4.2081425318656334e-7,0.0,5.187200250361457e-7,0.0,6.53231402441179e-7,0.0,8.415489760409401e-7,0.0,1.1065767315017183e-6,0.0,1.4586214554086041e-6
8.994986436664476e-6,0.0,9.227370204405361e-6,1.3277146308450938e-5,0.0026656324881941034,0.002476292593777373,0.00011250214764739042,0.0035127395004665917,0.022871138760898475,0.09788200545074172,0.19724232966997507,0.4310721206353392,0.7429386581295041,1.2969700189030793,2.083853057916114,3.139896627487127,4.455658649895277,6.05094490480331,7.642176600967956,9.014645051335785,9.880810498470142,10.043488704198836,9.547285543475432,8.589441351914578,7.207440167176134,5.5789909413932905,4.057772867065642,2.6617311468912526,1.5927245529117795,0.861397956781048,0.40387543356152883,0.17300477576431644,0.06683654928354738,0.021448156682391695,0.004463716606203272,0.0008885827852480646,0.00016332098971308257,1.9067534400687692e-5,0.0,0.0,6.264741689619768e-6,0.0,8.968627876242863e-7,0.0,5.846438079061045e-7,0.0,7.645543969374557e-7,0.0,7.860033816541545e-7,0.0,8.009506695088931e-7,0.0,8.126278213808292e-7,0.0,8.234908277813702e-7,0.0,8.352898729157233e-7,0.0,8.49338718600734e-7,0.0,8.66699394225634e-7,0.0,8.883140335910867e-7,0.0,9.151048676358187e-7,0.0,9.480574073677417e-7,0.0,9.88298375159502e-7,0.0,1.0371785341703799e-6,0.0,1.0963707005430479e-6,0.0,1.1679952309350483e-6,0.0,1.2547896494652378e-6,0.0,1.3603469154077176e-6,0.0,1.4894602657477663e-6,0.0,1.6486358449810723e-6,0.0,1.8468750731614137e-6,0.0,2.096901871101409e-6,0.0,2.4171451950223857e-6,0.0,2.8350424298423607e-6,0.0,3.3927122193631477e-6,0.0,4.15689342908081e-6,0.0,5.235868493127783e-6,0.0,6.799837002472487e-6,0.0
1.740441626343454e-5,0.0,2.0221301523088187e-5,0.0,0.0024111586129972238,0.001051210883284466,0.000119520016318711,0.004607581923617977,0.035477956325861974,0.12449794714991806,0.2496091378875376,0.5445726792192148,1.00092807858465,1.9869682693202861,3.3785359700897697,5.645840742916298,8.666561900293944,12.53450969998744,16.730062534616145,20.90639504275639,24.70217768163508,27.62123611849848,29.348521574558156,29.489592848938724,28.16110861482718,25.34928576947306,21.29853366714492,16.715862763456755,12.224408536306745,8.199994228408933,4.99285259567134,2.7113114028499328,1.328969457534695,0.5585434152081714,0.21002487635601916,0.06304440733171296,0.01624171717105991,0.0030281638276248033,0.000553697820406569,6.545677134354265e-5,0.0,6.671844198308464e-6,0.0,3.135468331856828e-6,0.0,9.241758340067464e-7,0.0,1.9342336017871276e-7,7.944474018586335e-8,0.0,4.815540753952519e-7,0.0,7.595184741148842e-7,0.0,9.623813753023569e-7,0.0,1.1191059054908693e-6,0.0,1.2477964728702773e-6,0.0,1.3603989351850032e-6,0.0,1.4652630059572403e-6,0.0,1.5686263359384613e-6,0.0,1.6755299671785906e-6,0.0,1.790427477681078e-6,0.0,1.917633380799089e-6,0.0,2.0616994239389896e-6,0.0,2.2277813899563627e-6,0.0,2.422050635505002e-6,0.0,2.6522096064582005e-6,0.0,2.928189168596873e-6,0.0,3.2631430147375795e-6,0.0,3.6749219788816847e-6,0.0,4.1883323381739505e-6,0.0,4.838701106154986e-6,0.0,5.6776726015414174e-6,0.0,6.782893420222536e-6,0.0,8.274479204555974e-6,0.0,1.0342333677544957e-5,0.0,1.3280724466676475e-5,0.0
6.936031997611281e-7,0.0,0.0,2.9932361130340723e-5,0.0024555286389830143,0.0007706409419144621,3.771679852161469e-5,0.004376568952282651,0.03818515585152782,0.12263008422818003,0.2625944208407379,0.5477052559566948,1.110569091612946,2.252865574286653,4.108866930047839,7.015776789975919,11.129757101182813,16.681596194264515,22.931702259824874,29.947059416148523,37.61582291645985,45.190395930860596,51.53382269185768,55.30287172673594,56.795911045974975,55.513732701815655,51.52781485975944,45.17588843468813,37.46724655374597,29.122644230240894,21.145069267594,14.002336956848334,8.373812084454649,4.533163419106254,2.145296163651688,0.8754228838412746,0.29837085661641427,0.08452901743846492,0.017926849342270408,0.0022373880312458825,8.456336654162443e-5,6.6921438696681435e-6,0.0,7.656463532657654e-6,0.0,7.622842551063514e-6,0.0,6.467244636951364e-6,0.0,5.578661537947483e-6,0.0,4.864465965147247e-6,0.0,4.288652970717521e-6,0.0,3.82118580309907e-6,0.0,3.438610265038733e-6,0.0,3.1229588248720574e-6,0.0,2.8604910333797307e-6,0.0,2.6406328845041574e-6,0.0,2.4551570546464065e-6,0.0,2.2975658284849488e-6,0.0,2.162625454366207e-6,0.0,2.0460077619645745e-6,0.0,1.9440021191257985e-6,0.0,1.8532683490775526e-6,0.0,1.770603330805898e-6,0.0,1.6926940355915576e-6,0.0,1.6158244208781982e-6,0.0,1.5354924209532329e-6,0.0,1.4458740759437206e-6,0.0,1.339042145127678e-6,0.0,1.2038103056511318e-6,0.0,1.024067476600976e-6,0.0,7.766883978547412e-7,0.0,4.305719143303577e-7,0.0,0.0,3.2010117211029865e-7,0.0
0.0,6.118235331268806e-6,0.0,4.2929266829014526e-5,0.0024586075733648615,0.0005122080917790299,0.0,0.003680289136558531,0.03717805765978697,0.09953571642742591,0.23710762304136185,0.4866516025858393,1.060460616834494,2.1666062833519706,4.065919514307512,7.13975663301526,11.528901440644598,17.512016366328723,24.649800807967917,33.65061847711778,44.40938481345033,55.27420647855357,65.25238277072211,73.01230865972731,78.25842105984917,80.50873379346773,79.2101840711244,74.55643369847992,66.74966094608729,56.66194204547751,45.649373803490725,34.4035988332924,24.06314706415122,15.360856194784947,8.87815079578715,4.595353311879476,2.0239478558781374,0.7447355133975894,0.22408968711725216,0.04647445818666702,0.006824715211062995,0.00043054740268253227,0.0,1.1083665774094697e-5,0.0,6.459139511935064e-6,0.0,5.103810383661767e-6,0.0,4.182917300931877e-6,0.0,3.5299854220284035e-6,0.0,3.043540463113459e-6,0.0,2.669918112223968e-6,0.0,2.3768437969920343e-6,0.0,2.1433856412841126e-6,0.0,1.9552910791844627e-6,0.0,1.8025203076831532e-6,0.0,1.6778218821855263e-6,0.0,1.57585967972409e-6,0.0,1.4926539064617829e-6,0.0,1.4252130931708962e-6,0.0,1.3712872518226506e-6,0.0,1.329203392378986e-6,0.0,1.2977607955690474e-6,0.0,1.2761770747601987e-6,0.0,1.2640868430025876e-6,0.0,1.2616124076885172e-6,0.0,1.269555077305995e-6,0.0,1.2898220250463055e-6,0.0,1.3263587378787635e-6,0.0,1.3872635705411086e-6,0.0,1.4899301399054821e-6,0.0,1.6749098806030816e-6,0.0,2.0494187232543484e-6,0.0,2.961804005462909e-6
5.0595837438686436e-5,0.0,5.4934341963598856e-5,0.0,0.0017130173637247936,0.0005585810542725085,8.024050543972408e-5,0.0028354469731464633,0.03011578093111348,0.08196693687801954,0.19965720896917175,0.4122376280258542,0.8998093571152069,1.8183218389299036,3.579376214231957,6.334006200253087,10.382665485523995,16.183830128821054,23.128923824181374,32.699802593345986,44.30987829547141,56.354739359195115,66.46646191798418,77.19722458527187,85.45047146869463,91.88241025719859,94.01880850154824,92.47848999719099,87.27533574239995,77.90443477386772,66.89339982009153,54.51353087242326,41.83800957262514,29.99975807705884,19.882933977191133,11.943687701011424,6.318356459592614,2.8678810431199406,1.0990198440868046,0.35671012731239043,0.07533015457545816,0.012015877488356273,0.000916308020207589,0.0,4.705985300097382e-5,0.0,3.860036270270939e-5,0.0,3.328005308831053e-5,0.0,2.9736776181289317e-5,0.0,2.7126241239966477e-5,0.0,2.511270472823526e-5,0.0,2.3527663730055794e-5,0.0,2.227265719375282e-5,0.0,2.128439930984314e-5,0.0,2.051993003587995e-5,0.0,1.9949386479129317e-5,0.0,1.9552116478735116e-5,0.0,1.9314452323305888e-5,0.0,1.9228412280790507e-5,0.0,1.929098536493257e-5,0.0,1.9503833289491014e-5,0.0,1.9873335980810225e-5,0.0,2.0410964626353234e-5,0.0,2.1134009514935316e-5,0.0,2.2066733313840815e-5,0.0,2.3242066796228757e-5,0.0,2.4704022787773285e-5,0.0,2.6511064665646702e-5,0.0,2.8740700484831905e-5,0.0,3.1495435009628636e-5,0.0,3.4909333295945544e-5,0.0,3.915033476150711e-5,0.0,4.439284796280845e-5,0.0
0.00010049481243422634,0.0,0.00011596176216880849,0.0,0.0012734219152996957,0.0005141466500099342,0.00018050730027243845,0.001852058561157537,0.022471270767925128,0.06668457228997995,0.15310621501546176,0.3283183888822896,0.7320344655011538,1.4585065436323437,2.909354123794484,5.2114063991565285,8.673416915243733,13.600936909933724,19.80648252659131,28.623498171578582,39.09812785974504,51.024604688238796,60.56130432710016,73.19566835680766,82.82252560997452,90.1951039446187,92.90617934292955,94.21020023623687,92.79879539435271,86.75073637127689,77.94335091972249,66.35389608387479,54.226128108725256,41.791860575398886,29.988485697543645,19.88902684385344,11.966134451523455,6.341489313909295,2.899368181420053,1.1013109086424355,0.36073218662954576,0.07404527509849176,0.012597922209808985,0.0011496560647299703,5.2696139934778336e-5,0.0,5.066934898386535e-5,0.0,5.1953956567376736e-5,0.0,5.034519634264143e-5,0.0,4.804074607636722e-5,0.0,4.572306323170779e-5,0.0,4.362469826955931e-5,0.0,4.182069959078945e-5,0.0,4.03267560637687e-5,0.0,3.913665456157105e-5,0.0,3.823777608231467e-5,0.0,3.761784433154389e-5,0.0,3.7267993198474873e-5,0.0,3.7184276181506e-5,0.0,3.736857663607225e-5,0.0,3.7829391937702894e-5,0.0,3.8582759571727365e-5,0.0,3.965351844090037e-5,0.0,4.107709007221274e-5,0.0,4.290200638934039e-5,0.0,4.51934933080338e-5,0.0,4.8038561894645683e-5,0.0,5.155327531429066e-5,0.0,5.5893185156628536e-5,0.0,6.126836687899413e-5,0.0,6.796487246283505e-5,0.0,7.637361514898658e-5,0.0,8.70183912851644e-5,0.0
2.675752762843331e-5,0.0,2.8731789344965364e-5,0.0,0.0008776051042623294,0.0005964921786013293,4.941906878666487e-5,0.0014469134138103982,0.014934695211124564,0.05025229606390094,0.11560234746365022,0.25379481084091243,0.579545280602657,1.1537047839484875,2.259877290812893,4.104862285485139,6.940865747345708,10.86689762002258,16.114044766487453,23.185591923979963,32.2312729768842,42.574348063284404,51.87199958632334,62.84539082936102,72.64920712991606,78.60117613714036,84.04118552528188,88.67695630162487,87.81401821502467,83.85137761320837,78.63478467529305,69.81970549420849,58.07150922888548,46.96623030506257,35.61382086981633,25.251075218770794,16.70794970588888,9.749813945062519,5.0879956707353164,2.237869066113668,0.8608825427930128,0.2360351063348716,0.04418840024604079,0.007970487879438952,0.0012902592170939897,9.49677302451164e-6,6.887142786217737e-6,0.0,1.4090977745581768e-5,0.0,1.6030479080291118e-5,0.0,1.6279395846140688e-5,0.0,1.5903667661041254e-5,0.0,1.5319553620065563e-5,0.0,1.4702114283500124e-5,0.0,1.412659027701011e-5,0.0,1.3624471652656211e-5,0.0,1.3207617504303927e-5,0.0,1.2879244884970832e-5,0.0,1.2639155818033032e-5,0.0,1.2486317695584148e-5,0.0,1.2420195032609626e-5,0.0,1.2441494857193903e-5,0.0,1.2552655464969576e-5,0.0,1.2758256390225142e-5,0.0,1.3065454788738862e-5,0.0,1.3484526582760737e-5,0.0,1.4029580718488434e-5,0.0,1.4719521564256865e-5,0.0,1.5579341585180373e-5,0.0,1.6641820675431518e-5,0.0,1.7949626279641964e-5,0.0,1.9557428630650974e-5,0.0,2.1532007491987316e-5,0.0,2.3940224925536314e-5,0.0
9.391276507994917e-6,0.0,1.092339385104424e-5,0.0,0.0008112918388083927,0.0009928188895399217,4.1546422667306616e-5,0.000868089479336777,0.009746458470228573,0.03973493964847967,0.08911449551622573,0.19317223950730478,0.42851629489801657,0.8707294444947682,1.6645673097574503,3.1322194719108025,5.326703283869219,8.470051445750972,12.552110560902484,18.125805738552927,25.379439103367233,34.112400581818285,42.7786109411229,51.138902514065265,60.556547285553464,67.76559117504183,72.56189684033913,76.36340799948559,75.89539604605125,74.70536307321521,72.1743702491724,65.59374968325477,56.077503256740165,46.14185005678868,36.7307231811787,26.975294739668,18.793498139677943,11.91286846764522,6.704863816886928,3.265498549546962,1.3650075845420635,0.48224899647805625,0.11089096397090412,0.01880454936203296,0.0022573972148751636,0.0002298791628330946,0.0,1.380891421758861e-5,0.0,1.0283356518266374e-5,0.0,7.312523986547604e-6,0.0,5.147017603303539e-6,0.0,3.5876687965355813e-6,0.0,2.4495805315382314e-6,0.0,1.6010867073418923e-6,0.0,9.527731155685615e-7,0.0,4.43957635161496e-7,0.0,3.2834121157065965e-8,1.456521888030693e-7,0.0,4.6280399401439355e-7,0.0,7.415869695250877e-7,0.0,9.960706054698677e-7,0.0,1.2375523743685335e-6,0.0,1.4756630000192672e-6,0.0,1.719214371405542e-6,0.0,1.976918330183253e-6,0.0,2.2580797492992133e-6,0.0,2.573361751274206e-6,0.0,2.935740644170437e-6,0.0,3.3618142711929977e-6,0.0,3.873721282161569e-6,0.0,4.502097130762195e-6,0.0,5.290770089413855e-6,0.0,6.304141014697962e-6,0.0,7.636331022513333e-6,0.0
0.0,1.760864809875784e-6,0.0,2.529307176155271e-6,0.00033692597204135384,0.001048323438634543,2.421530944411643e-5,0.0005762285667118704,0.0066617290455888,0.03151580883764655,0.06950554168336712,0.1508154147463174,0.30739372128540365,0.6544292786015549,1.21803382889824,2.3260478940200597,3.970911863558072,6.376895442324584,9.656195169264372,13.678449893153585,19.31381720043149,26.23645423779678,33.70426090558277,40.68843343801596,47.90743780845544,54.72118037711969,59.996430296981266,63.137801927190814,64.57361091074308,64.48113357341236,61.954526717369404,57.04281282462918,49.82686868754501,41.81610765991303,34.010449480571424,25.853649065817823,18.370736649774514,12.321872367959266,7.328802274883096,3.8128105528848235,1.6752348291110102,0.6951660984613552,0.1984813116684185,0.03805557451902078,0.0035471234831733456,0.0006466093646240552,6.249698870633438e-5,0.0,2.891773264764197e-5,0.0,1.742313989561808e-5,0.0,1.1477148690391915e-5,0.0,7.979628073371714e-6,0.0,5.7518184476066385e-6,0.0,4.2489506759011425e-6,0.0,3.1887219400232426e-6,0.0,2.4125734902554543e-6,0.0,1.825804572672496e-6,0.0,1.3689871000678977e-6,0.0,1.0032419857452625e-6,0.0,7.021814191830345e-7,0.0,4.472720320336521e-7,0.0,2.25050380686298e-7,0.0,2.538678818382323e-8,6.852320511825383e-8,0.0,2.4870438501238825e-7,0.0,4.235002328641713e-7,0.0,5.97986692446284e-7,0.0,7.766424168949016e-7,0.0,9.633736124669669e-7,0.0,1.1612359176069732e-6,0.0,1.3715707255869347e-6,0.0,1.59186665314337e-6,0.0,1.8106211011399865e-6,0.0,1.994562839900027e-6,0.0,2.054767788376921e-6
0.0,3.705935865464198e-5,0.0,4.007505643967306e-5,6.44075419575529e-5,0.001287461796565185,0.0,0.00033959388028342803,0.0037812216351051577,0.022905451847151016,0.054221170283871835,0.11565885789755158,0.22954435306630078,0.48440692773354843,0.9057090421150937,1.6717579954004276,2.9549138122613154,4.773561131932653,7.29791176798945,10.3593555626651,14.446273298850292,19.563917599976964,25.766426433822293,31.494972859741637,37.17687949342809,42.53559943429136,47.60728393793233,50.663204238060665,52.39835557167869,52.30339491359244,50.48827781975102,46.83832488664506,41.77698938425833,35.65681316293285,29.711631443016408,22.747523882281797,16.539964181771982,11.386407916137276,6.987379929539652,3.8444601582896185,1.8061469787268045,0.7623628729912435,0.2551166079059079,0.05271218442515492,0.005173416046694729,0.0013420793860548657,0.0,4.3094633166219864e-5,0.0,4.128707117988597e-5,0.0,3.7136769048538554e-5,0.0,3.3340856556606015e-5,0.0,3.015544914887869e-5,0.0,2.7541191962882296e-5,0.0,2.5411582548076697e-5,0.0,2.3683856369098068e-5,0.0,2.2289460998035792e-5,0.0,2.1174399913070376e-5,0.0,2.0297180061243126e-5,0.0,1.9626538634474857e-5,0.0,1.913953236362431e-5,0.0,1.8820092250825837e-5,0.0,1.865801336243749e-5,0.0,1.8648325069807472e-5,0.0,1.8791000201599673e-5,0.0,1.909098432515748e-5,0.0,1.9558554177638144e-5,0.0,2.0210043431143276e-5,0.0,2.1069006538164105e-5,0.0,2.216791753708094e-5,0.0,2.355049761913506e-5,0.0,2.5274623678342324e-5,0.0,2.74150943127097e-5,0.0,3.0062603187798233e-5,0.0,3.330126334558372e-5
0.0,9.539528990080726e-6,0.0,7.661597313926905e-6,1.0156437836849364e-5,0.0011154730916285189,0.0002279194957234722,5.786276276994613e-5,0.0027126782935183655,0.016929333450328612,0.039290502988474696,0.0896164905009855,0.17676076486972908,0.34451676864294795,0.6677602653363633,1.2008116436954774,2.1645156716668987,3.513308774105406,5.396709702837748,7.79451438960945,10.738017402642976,14.377726364617342,18.844398312724692,23.863229609659555,28.49463155921198,32.54526558319237,36.2134672557374,39.2381553765454,41.189902185913326,41.453945294658844,39.75436979232127,37.274337647345426,33.63809425353614,29.064540758948763,24.37968001149926,18.741513912473252,14.057379001882062,9.619768653067712,6.097886003940864,3.4473131284303653,1.69519131483643,0.7324813996442647,0.26275930453923074,0.06303254212142924,0.006850792908952736,0.0014925868504419668,0.0,5.170758864187519e-5,0.0,4.0775393180229004e-5,0.0,3.202003476462778e-5,0.0,2.584393087345234e-5,0.0,2.1410547601408327e-5,0.0,1.814458717344678e-5,0.0,1.5681723631223578e-5,0.0,1.3787938553468849e-5,0.0,1.2308780789226149e-5,0.0,1.1139520916185575e-5,0.0,1.0207416452612962e-5,0.0,9.460905930609442e-6,0.0,8.862846477131825e-6,0.0,8.38617629779037e-6,0.0,8.011074730893598e-6,0.0,7.723074581008404e-6,0.0,7.51179960789159e-6,0.0,7.3701268585864456e-6,0.0,7.293651139480062e-6,0.0,7.280374880065211e-6,0.0,7.330574463412632e-6,0.0,7.446798503951868e-6,0.0,7.633916855320423e-6,0.0,7.898970718133569e-6,0.0,8.249941319718347e-6,0.0,8.68996399731259e-6,0.0,9.19073123295675e-6
0.0,7.21093155343624e-6,0.0,6.663178297640116e-6,1.1360396994859912e-6,0.0007802484546635242,0.0003694168932666799,2.0116248310660013e-5,0.0014671347838258954,0.011964142561484188,0.02855050468770005,0.07013063008365589,0.143739464815051,0.24576351582003492,0.49239139083255495,0.8603794519304531,1.5552816500981863,2.5676249150489583,3.9406327961569,5.8017948772747685,8.115651184929547,10.752274719668236,13.72050889033214,17.484620508373105,21.484727497528468,24.68814201596114,27.322523930181188,29.52268440838863,31.09613572884383,31.44603917582583,30.714153914258077,29.06833026416715,26.170860675278515,23.237595563781063,19.24370955351707,14.756594792344247,11.31070855716915,7.647466000053725,4.978740627153941,2.849686065224455,1.4135208873462048,0.6296710144363706,0.23477862780447786,0.059119736777134814,0.006847952372842156,0.0013120185588310052,0.0,4.3509749550321434e-5,0.0,3.27533604920518e-5,0.0,2.4807016785325688e-5,0.0,1.9444216307419993e-5,0.0,1.5724842702184107e-5,0.0,1.3060701754875481e-5,0.0,1.1097852149396205e-5,0.0,9.617572387469409e-6,0.0,8.480050238267722e-6,0.0,7.593034683304723e-6,0.0,6.893948527613247e-6,0.0,6.339346586537431e-6,0.0,5.898505175719038e-6,0.0,5.549414420966059e-6,0.0,5.276216051424853e-6,0.0,5.067541025346145e-6,0.0,4.91542955278419e-6,0.0,4.814646730665118e-6,0.0,4.762287309858948e-6,0.0,4.757615266134963e-6,0.0,4.802124317211565e-6,0.0,4.899840231337294e-6,0.0,5.057917847989302e-6,0.0,5.2875889445658685e-6,0.0,5.605352958991717e-6,0.0,6.033205079256732e-6,0.0,6.589892239435358e-6
9.028434721858503e-6,0.0,1.0947280580239749e-5,0.0,2.0090052432351513e-5,0.000571164010352004,0.000469131833535721,0.0,0.001046837041128265,0.008061716906084076,0.021901675797839016,0.048254884590615804,0.10818786256299381,0.18549667454395186,0.35976137791070845,0.6503137553713808,1.0926635813967098,1.8532500521928312,2.8759120598790133,4.2412802746171145,5.913338753424281,7.95916248343007,10.217460391518433,12.691466601694504,15.355814349457008,18.37648970252562,20.716517675225152,22.40431070669977,23.25389822123285,23.70811873798041,23.31350564639836,22.138345428196754,20.195951267537637,17.29220760735754,14.105046897998903,11.438804427242008,8.674021730905013,5.862111226413314,3.9036879229617876,2.195800648761697,1.0892594726215696,0.5013272122633702,0.193998280613843,0.045751048640307955,0.006866478208257604,0.000976714544755305,0.0,1.602294451695343e-5,0.0,8.388608470659164e-6,0.0,4.186480824682804e-6,0.0,1.8003500081249514e-6,0.0,3.6062899707758333e-7,1.4506073530355935e-7,0.0,8.845625984122307e-7,0.0,1.3850226603608463e-6,0.0,1.738713834220107e-6,0.0,2.0010032786785816e-6,0.0,2.2065914863560465e-6,0.0,2.378153335303068e-6,0.0,2.531174613250187e-6,0.0,2.676786376105156e-6,0.0,2.8235044243047016e-6,0.0,2.978354734659661e-6,0.0,3.147653478663415e-6,0.0,3.3376008563209325e-6,0.0,3.5547924868296835e-6,0.0,3.8067251909524204e-6,0.0,4.102367553423392e-6,0.0,4.452874423441244e-6,0.0,4.872554913708882e-6,0.0,5.3802705252337545e-6,0.0,6.001603168124348e-6,0.0,6.7726174554081814e-6,0.0,7.748021384395542e-6,0.0
1.6247079240201857e-6,0.0,2.7709117384802084e-6,0.0,9.193019521444513e-6,0.0004448902459655074,0.0005501323645814409,0.0,0.000489969122544494,0.005317463523287006,0.016238419490589424,0.03626779126078982,0.08191771765702652,0.1495213812707978,0.2506836388928618,0.47411848648689375,0.7828715824826804,1.343050588002509,2.091748839269065,3.1148821030612805,4.404072754543038,5.82861621738185,7.471648456575504,9.391025256884511,11.228651616954583,13.120355090948946,15.01882425575041,16.446023328508605,17.363043160282164,17.706614295064234,17.24025329271269,16.23267966758206,14.599645409939628,12.5136194879095,10.726398776734294,8.612574985503233,6.376502276884383,4.37462196981848,2.820807209270471,1.5937281894112525,0.8064008559377671,0.3816436093965739,0.13166508286986103,0.03263764761719538,0.005568429649236805,0.0011888318210359103,4.225416096051049e-6,5.902827127511046e-6,0.0,6.620636389061474e-6,0.0,5.642995021435127e-6,0.0,4.694154029493802e-6,0.0,3.920017869677395e-6,0.0,3.3068342972910617e-6,0.0,2.821070287609473e-6,0.0,2.4327253580850085e-6,0.0,2.1184457749768625e-6,0.0,1.860666726179261e-6,0.0,1.6462192797007448e-6,0.0,1.4651313485956054e-6,0.0,1.3097158836899325e-6,0.0,1.173898136767093e-6,0.0,1.0527151986025275e-6,0.0,9.419302950846032e-7,0.0,8.377155594644137e-7,0.0,7.363643075223081e-7,0.0,6.339954969007523e-7,0.0,5.262069287709892e-7,0.0,4.0761782838671935e-7,0.0,2.712062725549913e-7,0.0,1.072770374321408e-7,0.0,0.0,2.229303901003732e-7,0.0,5.350954112145701e-7,0.0,9.71946510799171e-7,0.0
1.0526132768018216e-5,0.0,1.2011623870785116e-5,0.0,1.734354272048222e-5,0.00034236198455200797,0.0006131439188335208,0.0,9.379906800900244e-5,0.0034552989169983448,0.01289814445380398,0.02629455254009845,0.06059400736727912,0.11735543388167985,0.1899686418847392,0.34532765008580335,0.5813019643289399,0.9436693080846336,1.4906401357467307,2.2701967726889456,3.2060037168228606,4.3972205052324,5.566407752988829,6.829468681236552,8.262592436454417,9.575061456959972,10.716539848929626,11.77122261675011,12.364188960717708,12.66596873471351,12.42912490999169,11.58566992631254,10.441682915827895,9.398348199928058,7.871567203880512,6.209604157995892,4.505862215959165,3.1701388355406324,1.9840465134459513,1.1294528506240966,0.5844499643450517,0.26903669451504897,0.07546974647059002,0.021254728000030185,0.0036020668605807942,0.0003572279616930246,5.821619111407017e-5,0.0,3.57957208737389e-5,0.0,2.6234305419029626e-5,0.0,2.0587907221488422e-5,0.0,1.687427500510239e-5,0.0,1.4272136647196022e-5,0.0,1.2370514509484566e-5,0.0,1.093929749695235e-5,0.0,9.839457972520904e-6,0.0,8.982258132255083e-6,0.0,8.308696205995148e-6,0.0,7.778331301415164e-6,0.0,7.362844873205177e-6,0.0,7.0421626882307465e-6,0.0,6.802041450282559e-6,0.0,6.632536638062447e-6,0.0,6.5270281505945606e-6,0.0,6.481620141130407e-6,0.0,6.494812566961628e-6,0.0,6.56739269688842e-6,0.0,6.702532693452668e-6,0.0,6.9061137917742605e-6,0.0,7.187339746178623e-6,0.0,7.559765068026537e-6,0.0,8.042978843900529e-6,0.0,8.66544009518293e-6,0.0,9.469762261414872e-6,0.0
0.0,9.23828865802534e-7,0.0,9.288674507843098e-7,2.2081841934777913e-7,0.0002078526313332077,0.0006268775330472636,9.306786944125634e-6,8.786317124986454e-6,0.002015199081634023,0.010526631864861883,0.019811259521015655,0.043680201908243455,0.09294747102442188,0.14778566047097613,0.26050158030973675,0.42799985615174924,0.6932927759155465,1.0818459406935694,1.6154579178344948,2.3237942282102892,3.139169677163129,4.107954913130218,5.120229712501238,6.046509423186627,7.0404317955791536,7.9332477668838495,8.526723048818003,8.910542562412733,9.022446225700852,8.894011253773728,8.570911601442035,7.849295401683165,6.813591629664575,5.583139024119452,4.30127469328258,3.244365578666957,2.2000743712781174,1.3590853258034168,0.7483673515420584,0.4052528489580656,0.16820787874042076,0.04083713126046398,0.013253838116884482,0.0016769184437409196,0.0003701006524536524,0.0,5.901234106795528e-6,0.0,6.068385042260616e-6,0.0,5.064361447853116e-6,0.0,4.161183618634823e-6,0.0,3.457080777752708e-6,0.0,2.9190856796958545e-6,0.0,2.5057413123022344e-6,0.0,2.184378162837675e-6,0.0,1.93132994681946e-6,0.0,1.7297223990681232e-6,0.0,1.567470606732968e-6,0.0,1.4358214039020824e-6,0.0,1.3283492577102152e-6,0.0,1.2402722692058888e-6,0.0,1.1679836825351232e-6,0.0,1.1087267819675618e-6,0.0,1.0603649585391396e-6,0.0,1.0212148117716425e-6,0.0,9.899204756948166e-7,0.0,9.653536584664834e-7,0.0,9.465283797908342e-7,0.0,9.325227831141092e-7,0.0,9.224076348914424e-7,0.0,9.152014699338906e-7,0.0,9.099443216882719e-7,0.0,9.062379709121161e-7,0.0,9.065331110946318e-7
1.2148819095500585e-6,0.0,1.3194880492847007e-6,0.0,1.260488075513422e-6,0.00012453273468927364,0.0007693449457411589,8.735769863369569e-6,5.561941803705395e-6,0.0011571560800120325,0.00742940001397642,0.014438199135487094,0.031585342177996106,0.07162784400634963,0.11726588440545263,0.18815550503769324,0.31579043012440133,0.5128372558370494,0.7669485848407349,1.1677871143519716,1.6673680758185199,2.258879613596995,2.9261067111871335,3.753900466068674,4.481310343937052,5.1941258644148,5.873619995877827,6.390186616032215,6.7046193995833425,6.730530621580227,6.680344039040257,6.276536376044096,5.579002662577834,4.700944586785796,3.872669710175603,3.04176019862973,2.1731394463079097,1.459823253440395,0.8600475418671498,0.498790486663034,0.26503048636900906,0.09248432984667869,0.022703970526329727,0.006023733451742402,0.0008813762550912771,0.0001731905186125232,4.71907345697673e-6,0.0,1.5871415447236359e-6,0.0,9.799235275522734e-7,0.0,6.918198919265705e-7,0.0,5.281047563585162e-7,0.0,4.2787239081008015e-7,0.0,3.6411041093060704e-7,0.0,3.228779812616267e-7,0.0,2.9637744423780535e-7,0.0,2.8003141321732985e-7,0.0,2.710767205371667e-7,0.0,2.678323749478295e-7,0.0,2.692989202842e-7,0.0,2.7493308771227023e-7,0.0,2.845212082320359e-7,0.0,2.9811210952175317e-7,0.0,3.1598927380400714e-7,0.0,3.386722462892067e-7,0.0,3.669437697681133e-7,0.0,4.0190320178226106e-7,0.0,4.4505003970698453e-7,0.0,4.984027256796254e-7,0.0,5.646545173476625e-7,0.0,6.473471576327939e-7,0.0,7.509608435384507e-7,0.0,8.805068129049687e-7,0.0,1.038947687129621e-6,0.0
0.0,1.7720893020282347e-6,0.0,2.7458459354875233e-6,0.0,3.404556184232206e-5,0.0007269677931699335,4.4129482424204985e-5,0.0,0.0005888802110477968,0.004764653203292596,0.012438081473262402,0.021342726717448933,0.05176460031169403,0.09253927416569989,0.14188023621746934,0.23328825772294068,0.3672331435719619,0.574679732503647,0.8340446244236277,1.2145426632493033,1.6765074256578654,2.155466781557037,2.643211076256048,3.227510329673194,3.771475614065801,4.2082416873079875,4.617123774461101,4.841411760906878,4.8464066324617665,4.655220401899441,4.267592340527563,3.8179396970733,3.3231331833704494,2.722422897632432,2.0585843830486006,1.4478499746901257,0.9266223220988019,0.5594681776676238,0.33115811119390703,0.15615498730801602,0.04487329433876163,0.015630153471563272,0.0021219168197334002,0.00150985880741041,6.881202380945979e-5,0.0,7.789619727361697e-6,0.0,4.0684027573547616e-6,0.0,2.6499760807951133e-6,0.0,1.9354741804363586e-6,0.0,1.5180928885456524e-6,0.0,1.2506899857271493e-6,0.0,1.0684640975910042e-6,0.0,9.389246577029554e-7,0.0,8.442033891356005e-7,0.0,7.737774286738386e-7,0.0,7.21125960376412e-7,0.0,6.820591088398943e-7,0.0,6.538264398841421e-7,0.0,6.346176010993077e-7,0.0,6.232738236576552e-7,0.0,6.191206874063937e-7,0.0,6.218764123332221e-7,0.0,6.316128681646661e-7,0.0,6.487602822744521e-7,0.0,6.741569291989436e-7,0.0,7.091570036209305e-7,0.0,7.558281888350394e-7,0.0,8.173086812206521e-7,0.0,8.984844880217225e-7,0.0,1.0074036382320628e-6,0.0,1.1586926659333585e-6,0.0,1.3837483991778755e-6
1.3302113471581834e-6,0.0,1.456051799937086e-6,0.0,5.593886773567647e-7,5.705773408953974e-6,0.0005629894476318441,9.333324554488627e-5,6.7618501077959085e-6,0.0002492050189388806,0.0032268055986812783,0.011244707302859843,0.016064569630912514,0.036173662832907884,0.07230706776183657,0.11629176406710413,0.17176706863163355,0.2794344604645688,0.4221299640065443,0.6249967555875534,0.8644654681895351,1.1830988311137134,1.5843693652350503,1.9564913530259278,2.3011896595268038,2.6735227600276232,2.9782326563159645,3.182821915039199,3.320514641469001,3.2953552563099118,3.1482329727381018,2.98034924466668,2.7094548631688284,2.320318207070452,1.829689220062102,1.3486576749796875,0.9172064871169913,0.5903658968788608,0.37686426436824527,0.21293186720290333,0.08036627666986558,0.025690893559812623,0.007203671273967342,0.00044353397046302523,0.0008868336528852638,1.1265142425634168e-5,0.0,0.0,1.7633762590776315e-6,0.0,1.658999625215074e-6,0.0,1.4305012958402586e-6,0.0,1.233295756901498e-6,0.0,1.078412335482426e-6,0.0,9.584761573933064e-7,0.0,8.653882228259136e-7,0.0,7.928253697059517e-7,0.0,7.36181990851037e-7,0.0,6.921589683315688e-7,0.0,6.584029718851525e-7,0.0,6.332456066047598e-7,0.0,6.155256139209086e-7,0.0,6.044717223630869e-7,0.0,5.996289777613129e-7,0.0,6.008176384057152e-7,0.0,6.081185261791689e-7,0.0,6.218828926648712e-7,0.0,6.427685031667352e-7,0.0,6.7180760725023e-7,0.0,7.105171644070652e-7,0.0,7.610665141726258e-7,0.0,8.265181955323442e-7,0.0,9.111307522175594e-7,0.0,1.020549003510496e-6,0.0,1.1608414077272755e-6,0.0
3.485931933084885e-7,0.0,2.6033748475811084e-7,0.0,0.0,6.898072463673089e-6,0.0005275903389029054,0.00015625691733312124,2.241782712468421e-6,3.0217113157272027e-5,0.0020028724939734274,0.008640172192690795,0.01259842746933506,0.024909410350898397,0.05562520983423533,0.08976510825002113,0.1303143295467388,0.20565883694678583,0.3140658228548001,0.45020665775998914,0.6259285614965445,0.8493348520916805,1.1243680230839614,1.4301770729707872,1.7186775210914844,1.9866824399513856,2.181034027329783,2.3498732697723232,2.4440038234329333,2.4565043566750386,2.364236363559194,2.134948658985775,1.8477433873144955,1.5261697309400717,1.177579710951803,0.8549833359367247,0.5795163456725427,0.37344469979191874,0.24152639242163346,0.11555779455575417,0.043838711674569084,0.015332566235868587,0.0022440248147887728,0.0006579701649983235,0.00023017404564650406,2.3295969022001375e-6,0.0,7.206259450299513e-7,0.0,5.040385729842001e-7,0.0,3.435204315394458e-7,0.0,2.2914210358067068e-7,0.0,1.48575941375384e-7,0.0,9.107756177400006e-8,0.0,4.911984484010646e-8,0.0,1.768723078612311e-8,0.0,0.0,1.671400887062191e-8,0.0,3.41621795428182e-8,0.0,4.882012367488642e-8,0.0,6.162772351672174e-8,0.0,7.328812816922437e-8,0.0,8.435188774456037e-8,0.0,9.527471102046548e-8,0.0,1.0645922302501277e-7,0.0,1.1828722872451181e-7,0.0,1.311468806306948e-7,0.0,1.4545753047059408e-7,0.0,1.616936365280708e-7,0.0,1.8040661448139872e-7,0.0,2.0223693464060944e-7,0.0,2.2788934853430476e-7,0.0,2.579804698370936e-7,0.0,2.9243783698120755e-7,0.0,3.281631104641747e-7,0.0
0.0,1.221214011385996e-6,0.0,1.9866822200583558e-6,0.0,9.831216716588642e-6,0.0005427153415095972,0.0001954464630070106,0.0,1.4975234032431218e-5,0.0014674955905596848,0.006006802793298903,0.011280407348357835,0.017285048540118777,0.03922017891349572,0.06924383760627216,0.10604953932894551,0.1506114414645699,0.23379952776274923,0.3287393747167328,0.450914836915474,0.6109158383092146,0.7834444538599219,0.9916368934757688,1.1971769048520648,1.3806550323890194,1.5448720844094401,1.6636595609447293,1.7253042719405662,1.686771265621429,1.5975818388387328,1.4373568524209788,1.2233772604727944,0.9785284396449359,0.7499980884037234,0.5444735286321815,0.36978625940219456,0.24992547782905827,0.14204938260631664,0.05700999909585699,0.023654790795432378,0.007225198651469686,0.0006225562587924511,0.0006690473114817821,1.4405059784252217e-5,0.0,0.0,7.437275695053814e-7,0.0,7.835303048267406e-7,0.0,7.056696838645849e-7,0.0,6.264100782118476e-7,0.0,5.605339182011449e-7,0.0,5.078989884168551e-7,0.0,4.662025816060123e-7,0.0,4.332637395236816e-7,0.0,4.073722549662762e-7,0.0,3.872553256030642e-7,0.0,3.719867410609368e-7,0.0,3.609071106438933e-7,0.0,3.5356556736587664e-7,0.0,3.4968090994880185e-7,0.0,3.4911861484943073e-7,0.0,3.518813464324922e-7,0.0,3.581122375180712e-7,0.0,3.6811219069932124e-7,0.0,3.8237521121118337e-7,0.0,4.0164985211958993e-7,0.0,4.2704256088654805e-7,0.0,4.6019353715109904e-7,0.0,5.035883474256764e-7,0.0,5.611465302166608e-7,0.0,6.394409494021148e-7,0.0,7.505800929095585e-7,0.0,9.204898888384605e-7
0.0,3.599568204236903e-7,0.0,8.489092408467514e-7,0.0,6.684558294136878e-6,0.000422607611281569,0.0002139008590424851,0.0,7.066908027013597e-6,0.0005054852342035645,0.0033199799812433754,0.010103817111514068,0.013078809047785155,0.028154262349585384,0.053340552640286136,0.08403604055472455,0.11264884687007858,0.16390271046013485,0.2532345101095771,0.3402607831966308,0.44610124706480075,0.5656883653712468,0.6978289862075968,0.8374069272393154,0.9689424603753811,1.0696356295714757,1.1311901403405173,1.1630668419824362,1.137874489260318,1.0567656392433682,0.9496760820508203,0.8035900144015711,0.6364996916285033,0.4773392770532416,0.3447357671008951,0.2514234332000734,0.15325854283204987,0.07271001448203379,0.03127090837437359,0.011521422621170284,0.0022952238839387823,0.00041741177632198187,0.0005019001342883343,6.077807533043256e-6,0.0,9.851119602899417e-8,9.299198032977074e-8,0.0,1.5693219679349114e-7,0.0,1.4129788828256552e-7,0.0,1.1790087270355798e-7,0.0,9.745220681907085e-8,0.0,8.112641327215898e-8,0.0,6.836338004632126e-8,0.0,5.8406169625868646e-8,0.0,5.06125223623144e-8,0.0,4.449173896432513e-8,0.0,3.9682402928065135e-8,0.0,3.592341770399799e-8,0.0,3.3030364738806385e-8,0.0,3.087885015702341e-8,0.0,2.9394153625617037e-8,0.0,2.8546523026307114e-8,0.0,2.8352041590551382e-8,0.0,2.8879967885586668e-8,0.0,3.026909607797279e-8,0.0,3.275823110016063e-8,0.0,3.6741166093179346e-8,0.0,4.28670878164894e-8,0.0,5.22314310824612e-8,0.0,6.676094381248277e-8,0.0,9.00586516962676e-8,0.0,1.2949095315661908e-7,0.0,2.0233999908043644e-7
5.24833501205535e-7,0.0,4.566094528200893e-7,0.0,0.0,4.899131193997164e-6,0.0004203707996194794,0.000313596835122803,3.3953115265518365e-6,6.932936789482369e-7,0.00013823719742690912,0.002044354646494969,0.008930774045782982,0.010634572574381893,0.020932090442826814,0.04087212620327235,0.06341300114683539,0.0971463184117679,0.11861763607764245,0.17305308119193502,0.25013476357453596,0.3317845552040795,0.4183835279048173,0.5042498875172825,0.5999212712772297,0.6836881265511726,0.7455853441311363,0.8002261753475847,0.7962376052612258,0.7762243244768701,0.7124802985343611,0.6140334464971977,0.49722083725660526,0.4090523240967741,0.3192470311890699,0.23241955780725881,0.16335553915462248,0.08492493096932914,0.03992266177671154,0.01651152273458582,0.004660456075453258,0.0003650318040887914,0.0006959117458029965,0.00024059707032628383,1.947467991016083e-7,8.278828698678354e-7,0.0,2.2789832306102655e-7,0.0,0.0,1.065532487046994e-7,0.0,1.9000021781891974e-7,0.0,2.303287597896997e-7,0.0,2.495063317724089e-7,0.0,2.5796552559711476e-7,0.0,2.6101462487702064e-7,0.0,2.615001684262097e-7,0.0,2.6101487298006987e-7,0.0,2.604855955269159e-7,0.0,2.6047630501579987e-7,0.0,2.613519717442614e-7,0.0,2.633713134855498e-7,0.0,2.667418902092322e-7,0.0,2.716548322496237e-7,0.0,2.783085491046222e-7,0.0,2.869265613753669e-7,0.0,2.9777230170111583e-7,0.0,3.11162015032096e-7,0.0,3.2747493161195965e-7,0.0,3.471564535630023e-7,0.0,3.7070162611279046e-7,0.0,3.9858451577003964e-7,0.0,4.310359990682855e-7,0.0,4.67369648211502e-7,0.0,5.037845103061046e-7,0.0
0.0,1.4696313459836575e-7,0.0,3.0735740401439673e-7,0.0,3.2054237325382928e-6,0.0002811346956578973,0.0004262251024765732,5.204155069465344e-6,0.0,9.802334855224615e-6,0.0013464695908627677,0.006035530060418938,0.009363500803455776,0.014280967044503533,0.03152364911065016,0.050806406962923774,0.07547542110861344,0.1025923463196767,0.12436993307718493,0.17393056542565205,0.23062747207904738,0.31053519211236535,0.36851464641134785,0.4243121839490358,0.4862847610205849,0.517513194918918,0.5275976250289071,0.5226695065551807,0.5022395457776603,0.4576529238741392,0.4058460347548116,0.3556358969051422,0.28490459631531156,0.20492317151154732,0.15373426969021095,0.08669758349231048,0.04675304871710634,0.01940052297167928,0.00634897678332476,0.0013486711891811407,0.00041164891407826157,0.0007596993750810228,9.531914645882012e-6,6.870071304746262e-7,0.0,1.506210583772827e-6,0.0,1.2053413723620565e-6,0.0,9.319813520349386e-7,0.0,7.312273060676944e-7,0.0,5.85606673661232e-7,0.0,4.782499846669453e-7,0.0,3.9741134910258324e-7,0.0,3.3525596749228727e-7,0.0,2.8652582674695284e-7,0.0,2.4762536468472266e-7,0.0,2.1604075346317588e-7,0.0,1.899736079394643e-7,0.0,1.6810676816021442e-7,0.0,1.4945129480565813e-7,0.0,1.3324384544830536e-7,0.0,1.1887562313859235e-7,0.0,1.058410844507307e-7,0.0,9.369869931106223e-8,0.0,8.203835570839147e-8,0.0,7.04511939375152e-8,0.0,5.8497840529980754e-8,0.0,4.5670517205564924e-8,0.0,3.134230794934467e-8,0.0,1.4692163954066473e-8,0.0,0.0,1.7270296523008712e-8,0.0,4.6078515234171396e-8,0.0,8.536547639437231e-8
3.962049749432595e-7,0.0,6.148382972668288e-7,0.0,1.0456418781615185e-6,0.0,0.00014049250178146621,0.0005349520470381208,1.061846840436509e-5,0.0,1.3273910195634642e-5,0.0007554040819290201,0.003131594149528871,0.009654547892753418,0.009551946327790373,0.02253173173676102,0.04030883356643153,0.058746515601376725,0.08619527164022078,0.10393478885838651,0.13407895688440258,0.1717562743866074,0.20767090893695492,0.2657989592406761,0.31016683412407137,0.3321312528456594,0.35696145566780785,0.3769127820188476,0.37878311992832425,0.36114991806747493,0.3169589166135825,0.27419633443231833,0.22611400529314324,0.1813987494786254,0.14218321614446536,0.08798692722389334,0.051191469005400315,0.024359862206619353,0.01019696844163752,0.0023322996810915208,8.45571683886643e-5,0.0008414053744925131,0.0002967965222908223,2.6401308078014554e-6,0.0,6.07258947003686e-7,0.0,3.817395494337461e-7,0.0,2.72130536909998e-7,0.0,1.9732495403133045e-7,0.0,1.452754553554314e-7,0.0,1.0813308789749954e-7,0.0,8.088669411563387e-8,0.0,6.033378855150318e-8,0.0,4.438983998014124e-8,0.0,3.1662991695213803e-8,0.0,2.1196528807365666e-8,0.0,1.2311132064724007e-8,0.0,4.505885021899303e-9,0.0,0.0,6.002606869515148e-9,0.0,1.2654618899432535e-8,0.0,1.9340441986059888e-8,0.0,2.6328267904318637e-8,0.0,3.3910493721123206e-8,0.0,4.243279593083571e-8,0.0,5.2333216251554405e-8,0.0,6.419995663691226e-8,0.0,7.886343845839861e-8,0.0,9.75518810751197e-8,0.0,1.221704063762985e-7,0.0,1.5583514452686133e-7,0.0,2.0397863653442983e-7,0.0,2.768754350171321e-7,0.0
1.1745455404028605e-6,0.0,1.5942395796287202e-6,0.0,2.5610279830658556e-6,0.0,3.761227251432047e-5,0.0005646651940192186,2.590156921637785e-5,0.0,1.0208186912885964e-5,0.0002981743445926796,0.0021851579650616266,0.007475563913026997,0.00782133269998301,0.015536823457809278,0.02858856609065381,0.04964242432168259,0.06224782379319227,0.08883210150966979,0.10200270100508067,0.1307234566710633,0.16068674904498553,0.17918359151636362,0.2101539257014713,0.24405469645999278,0.26549444648998227,0.26295186932100334,0.2452531188767136,0.22600954736596496,0.20098483416004465,0.1750725244159569,0.15399430598363364,0.12924681679166444,0.08513704292564196,0.05229738681489778,0.026561820507049805,0.012133824251007622,0.00476684891104924,0.0005080409803592661,3.06682795617439e-5,0.0005031013651067483,3.109587652843926e-5,0.0,1.7573664572125835e-6,0.0,1.1313581284852603e-6,0.0,8.609702145314203e-7,0.0,7.041960446937168e-7,0.0,6.005506822134521e-7,0.0,5.272806347960568e-7,0.0,4.7343914510520335e-7,0.0,4.3296461530886177e-7,0.0,4.0219902415614687e-7,0.0,3.7880896894240124e-7,0.0,3.6125311095815963e-7,0.0,3.4849570356811914e-7,0.0,3.398433800668954e-7,0.0,3.3484908531704605e-7,0.0,3.3325559056720524e-7,0.0,3.349643373894651e-7,0.0,3.400225233690435e-7,0.0,3.4862537756907843e-7,0.0,3.611337333040865e-7,0.0,3.7810983200188276e-7,0.0,4.003783132475292e-7,0.0,4.2912525761380495e-7,0.0,4.660594107686933e-7,0.0,5.136810742294884e-7,0.0,5.757503359665073e-7,0.0,6.581529472953207e-7,0.0,7.706413017800174e-7,0.0,9.307742653199114e-7,0.0
0.0,1.2665959847463882e-6,0.0,1.367845162320691e-6,0.0,3.074524451989191e-7,6.605125412895064e-6,0.000617047291597956,0.0001255084177400846,5.167507370446778e-6,0.0,3.0246466663458274e-5,0.0014820118365790954,0.004642728731662176,0.008462895921551342,0.009585183778529993,0.02205684065577317,0.029798080795096594,0.05167154248408808,0.06426837235261504,0.09038138727757533,0.09678340931679306,0.11429333813521887,0.1345796189240058,0.14944747478085083,0.1568194765896512,0.16316024353307348,0.16509060005072795,0.1719680531351817,0.16088607654583928,0.15347799424352657,0.14506244449853584,0.11648492262989799,0.07479704359100843,0.045118478958231956,0.028906327517385467,0.014233867974085655,0.007947200116115473,0.0011978462667123,2.2878393866139038e-5,0.00037242647138886796,0.00039805565283823656,5.775229385835435e-6,0.0,3.4555235195767866e-7,3.626739310931271e-8,0.0,2.5970556045677996e-7,0.0,3.491693524587447e-7,0.0,3.8147535668890957e-7,0.0,3.9065166238856367e-7,0.0,3.900205604878693e-7,0.0,3.8552895103691755e-7,0.0,3.800455137684011e-7,0.0,3.7502939143596596e-7,0.0,3.7125842031535687e-7,0.0,3.69174366636571e-7,0.0,3.6905779522271587e-7,0.0,3.711224661230972e-7,0.0,3.7557041616764767e-7,0.0,3.826279418035483e-7,0.0,3.9257322799812756e-7,0.0,4.057620828234576e-7,0.0,4.2265628278528315e-7,0.0,4.438585871753276e-7,0.0,4.701589274191065e-7,0.0,5.025974091950048e-7,0.0,5.425517242557021e-7,0.0,5.91858627572961e-7,0.0,6.529797484958522e-7,0.0,7.292123833490649e-7,0.0,8.248938644598525e-7,0.0,9.45312723858649e-7,0.0,1.0949438039311588e-6
8.975358772307373e-8,0.0,1.3540172891381986e-7,0.0,4.07871148064487e-7,0.0,5.646373999390165e-6,0.00040565612550305587,0.0001955813164384038,2.806178329966258e-6,0.0,4.900061508178411e-6,0.0003672596568576057,0.0028577143893942863,0.008348981235352517,0.00845941439504957,0.015376526963343665,0.023081560674479553,0.03558009625744984,0.05172491265494672,0.06294726096938302,0.08494468083585209,0.1028623943078882,0.10859162951804434,0.1141981224537331,0.11948742308638353,0.12563586716214648,0.13610747853858549,0.12730615324888575,0.1243845124018731,0.12225340989872271,0.09832014118241535,0.059108276962000036,0.03965827053686621,0.02721808547690603,0.015323619483928786,0.008636523836527533,0.0020210931465855252,9.07791400079919e-5,0.00029725576213947904,0.000812032234417735,5.027432121855773e-5,0.0,8.233610705179474e-7,0.0,9.705852503998359e-8,0.0,0.0,6.862634969735383e-8,0.0,9.80205190343142e-8,0.0,1.0594694675845063e-7,0.0,1.0560690372471982e-7,0.0,1.0207814499807455e-7,0.0,9.749242903200894e-8,0.0,9.278337183395991e-8,0.0,8.835964773079575e-8,0.0,8.438916392279339e-8,0.0,8.092706734430522e-8,0.0,7.797611185651477e-8,0.0,7.551592713070932e-8,0.0,7.351737772296474e-8,0.0,7.194941025545632e-8,0.0,7.07820690195149e-8,0.0,6.998736723744514e-8,0.0,6.953891925149947e-8,0.0,6.941063642784684e-8,0.0,6.95747670192759e-8,0.0,6.999939455738514e-8,0.0,7.064630971971298e-8,0.0,7.147199231205548e-8,0.0,7.244130087333823e-8,0.0,7.358524991403215e-8,0.0,7.521276391315724e-8,0.0,7.869845154431232e-8,0.0
2.440699539087987e-7,0.0,3.652526193747008e-7,0.0,7.111996622768402e-7,0.0,5.453303403560028e-6,0.00038625084339608765,0.0003319004898497611,2.4613869140549305e-6,1.1718388960444415e-6,0.0,2.1694884059357552e-5,0.0015092553384260222,0.005154106471158945,0.008026512383993711,0.00964709371854187,0.018582317898121183,0.02708649776890543,0.04123581873059483,0.0469554140603747,0.054204740056329866,0.06931861765839124,0.08772797347669467,0.09989208735217663,0.10621950238446487,0.10652332761922803,0.10580736482204244,0.1058559904267547,0.09557428603840444,0.07344553237121025,0.04469878876850821,0.03432394126223733,0.025681567368000202,0.016641955575386155,0.008259030540243174,0.0022220788305035316,0.00013062406784990232,1.7756507675608923e-5,0.0006343543967806803,0.00030632312658625466,2.2176975304927463e-6,0.0,2.3997029128963735e-7,0.0,1.907952611361452e-7,0.0,1.194343085245464e-7,0.0,8.942914954310766e-8,0.0,6.731787755072105e-8,0.0,5.061252797489147e-8,0.0,3.772953191543138e-8,0.0,2.7581452436464817e-8,0.0,1.940446399428808e-8,0.0,1.2652677520419432e-8,0.0,6.927921261112858e-9,0.0,1.932319793240822e-9,3.659168953618064e-10,0.0,4.684359865336774e-9,0.0,8.769594020918703e-9,0.0,1.2768700804599576e-8,0.0,1.6818408107610596e-8,0.0,2.105524728222008e-8,0.0,2.562563629453507e-8,0.0,3.0697271887447646e-8,0.0,3.647342129511344e-8,0.0,4.3212584805019105e-8,0.0,5.1257293274176165e-8,0.0,6.107887479351871e-8,0.0,7.335084165891459e-8,0.0,8.907700503586469e-8,0.0,1.0983297656963487e-7,0.0,1.3827194158082535e-7,0.0,1.793540311144426e-7,0.0
3.952410600637446e-7,0.0,5.015560448072166e-7,0.0,7.529381608001984e-7,0.0,3.946719891112594e-6,0.0002774400767668986,0.00037435294332783457,3.4727446541587884e-6,1.3382578797180857e-6,0.0,1.2022111658177195e-5,0.0008867958088240311,0.003545867726097244,0.007801932247850554,0.0069132521701569544,0.013329978927583273,0.017739664413306325,0.02879888490034741,0.041159070010123554,0.04379894498928228,0.047908005363789426,0.058024507041530185,0.06923588769892176,0.07505310928348467,0.07990175349919407,0.07983292630146302,0.06728971717074907,0.05458975204052445,0.037318104281694145,0.03265819931381143,0.024380227557131186,0.016956702835492617,0.010479766077503797,0.00295989806554777,0.00018485696844259633,3.789300027117257e-6,0.0003027490947572079,0.0005435633099153829,1.0630084776884453e-5,0.0,1.2576739022431394e-6,0.0,6.885655792089551e-7,0.0,5.003067910880788e-7,0.0,3.9724111282168907e-7,0.0,3.311768287554973e-7,0.0,2.850318951942654e-7,0.0,2.51155232187017e-7,0.0,2.255116507768662e-7,0.0,2.0572643553522507e-7,0.0,1.9029809124173626e-7,0.0,1.7823041928261285e-7,0.0,1.688411772210685e-7,0.0,1.6165458952457358e-7,0.0,1.5633762961186903e-7,0.0,1.5266093352011014e-7,0.0,1.5047459926620377e-7,0.0,1.4969356957976744e-7,0.0,1.5028984654463785e-7,0.0,1.5229009921995385e-7,0.0,1.5577828633581702e-7,0.0,1.609037054706164e-7,0.0,1.6789596358108838e-7,0.0,1.7708965852824e-7,0.0,1.8896404982184924e-7,0.0,2.0420728744507956e-7,0.0,2.238237422151901e-7,0.0,2.4932284763821144e-7,0.0,2.8307952010457884e-7,0.0,3.2911791658705173e-7,0.0
0.0,2.858942965932698e-7,0.0,3.75968562545026e-7,0.0,3.7806499020192067e-7,9.784313153293313e-7,0.00019905189563546646,0.00041273106150777983,6.702203378314842e-6,0.0,2.1211488001958784e-6,0.0,0.00023398830722472949,0.002310993381057545,0.006081422028509748,0.007889563658153052,0.0058568490056603514,0.013690761818820523,0.01761914611459068,0.026970029564162452,0.039815385230247205,0.0439394208184326,0.045055916832624505,0.04699998184795101,0.04761920533374332,0.0450833486181751,0.04209437634193561,0.037285296007185754,0.033174715011197495,0.029583305624144973,0.021652978398203876,0.015945662140930815,0.010786889514929981,0.0036802872827269746,0.0004564304364316389,5.993478902463076e-6,0.00015406850133457543,0.0007116654832942026,0.0001552926513573037,3.2641622831297567e-7,1.356342096188623e-7,0.0,2.7212850602236217e-7,0.0,2.1463599771749388e-7,0.0,1.428176851849372e-7,0.0,1.152894672218352e-7,0.0,9.821110324388372e-8,0.0,8.675516686231789e-8,0.0,7.86751435065014e-8,0.0,7.280644817466708e-8,0.0,6.849271246789357e-8,0.0,6.534062110401564e-8,0.0,6.310473757393798e-8,0.0,6.162916533973828e-8,0.0,6.081629598071459e-8,0.0,6.060952575666079e-8,0.0,6.098374393843642e-8,0.0,6.194060284201442e-8,0.0,6.350705469060359e-8,0.0,6.573665243365667e-8,0.0,6.871354393638285e-8,0.0,7.255973029316465e-8,0.0,7.74467286568381e-8,0.0,8.361375223748802e-8,0.0,9.139607753131385e-8,0.0,1.0127008867124588e-7,0.0,1.139269216066996e-7,0.0,1.3039708117279504e-7,0.0,1.522707537631618e-7,0.0,1.8210491116938954e-7,0.0,2.2419716655246448e-7
0.0,2.0789277811879005e-7,0.0,3.5134777882284144e-7,0.0,7.055322585793888e-7,0.0,0.00012063207478960099,0.0005698894983172508,9.838624251487184e-6,0.0,2.7376546334642187e-6,0.0,2.1419424244235133e-5,0.0014760219994786928,0.0033611893419244936,0.00778216027158572,0.007808486149496988,0.008108648496882255,0.014120599665275874,0.01856808182207669,0.02491938356733498,0.029613500511914425,0.03482427412665419,0.04029707467660524,0.04118769368057616,0.03972223479061199,0.033861806877317616,0.028633461681073353,0.02291338221711531,0.015256824423133945,0.012873981729126285,0.01044268148010262,0.003253745092320219,0.0002897147087030899,7.376951905707692e-6,2.890781349156385e-5,0.0004244743315143277,0.00020580071774764174,3.4956950502204267e-6,0.0,4.917603333440824e-7,0.0,1.0321896985887591e-7,0.0,3.884285141726451e-8,0.0,4.901917276818324e-8,0.0,4.223334387170042e-8,0.0,3.7188143465627376e-8,0.0,3.3371286403749425e-8,0.0,3.0459978863994765e-8,0.0,2.8235143230226358e-8,0.0,2.654571760030006e-8,0.0,2.528692993203005e-8,0.0,2.4386432892387068e-8,0.0,2.3795382398716926e-8,0.0,2.348278166977025e-8,0.0,2.3432055488115112e-8,0.0,2.363925094073238e-8,0.0,2.4112581525059797e-8,0.0,2.487317875363715e-8,0.0,2.595728106484785e-8,0.0,2.7420185257653886e-8,0.0,2.9342808535659515e-8,0.0,3.1842261386216824e-8,0.0,3.50890447658167e-8,0.0,3.9335659853767524e-8,0.0,4.496589916707095e-8,0.0,5.258374102918851e-8,0.0,6.318268074947398e-8,0.0,7.849190186828282e-8,0.0,1.0174877133231065e-7,0.0,1.3963200059556868e-7
0.0,2.0399341784678172e-7,0.0,3.8227142114530825e-7,0.0,1.03916025079549e-6,0.0,3.3892770222279504e-5,0.000683165151019924,4.9841488672698104e-5,0.0,2.2708533120661125e-7,4.938113729185068e-7,0.0,9.282715338642221e-5,0.0018902511394234532,0.004969216372646998,0.009171901682576299,0.007827993416865261,0.006562808031028005,0.011278183985398905,0.016832402624550755,0.02408015875853209,0.02714835402180513,0.026399545058970318,0.02511206409472925,0.022566611075127002,0.017487119602786635,0.013791229017649244,0.011206794724126246,0.011475683431496,0.009308713838509692,0.003974067896858038,0.000649276307933537,1.9418810532700334e-5,3.7519472716275504e-5,0.0005729893242064837,0.000570047850587046,3.0506810521982886e-5,0.0,7.097157119092313e-7,0.0,0.0,1.2731427882517466e-8,0.0,7.26647014452908e-8,0.0,5.403755025366053e-8,0.0,5.0268528714436656e-8,0.0,4.617361155272448e-8,0.0,4.246932778491086e-8,0.0,3.931052316410444e-8,0.0,3.66882521797951e-8,0.0,3.4549093647101574e-8,0.0,3.2834194241049275e-8,0.0,3.149185081220904e-8,0.0,3.04809204793699e-8,0.0,2.9771185293725468e-8,0.0,2.934289479341601e-8,0.0,2.918639188891348e-8,0.0,2.930221089911811e-8,0.0,2.9701857883424054e-8,0.0,3.040962866407426e-8,0.0,3.1465830621613125e-8,0.0,3.2932225757065226e-8,0.0,3.490100807672647e-8,0.0,3.7509856351761186e-8,0.0,4.096786169287548e-8,0.0,4.560209101546614e-8,0.0,5.1945728177438255e-8,0.0,6.09158667553622e-8,0.0,7.42022406747367e-8,0.0,9.52064826948984e-8,0.0,1.316290720596136e-7
2.3826284064609737e-9,1.7874001444706524e-8,0.0,1.186606794458811e-7,0.0,5.573036597642301e-7,0.0,7.519970320984593e-6,0.0005011139570514053,0.00014793672933744115,6.625041809635302e-7,0.0,6.34028690456509e-7,0.0,6.090924881233739e-6,0.0006537258739756276,0.0025451378290101737,0.0058965326332379026,0.007461710015043112,0.006731074267327837,0.005924365413217629,0.008824742445032095,0.009093179910023862,0.010541283108973044,0.011893856482624532,0.01401964245994708,0.013239498394487919,0.010905477165149441,0.011041569206814263,0.011668390833333459,0.00830191366341909,0.0027760553237690944,0.0005674560037717592,6.994056101057145e-6,0.0,0.00052702548615871,0.0005944933172364842,3.5742095231768907e-5,9.429261967803845e-7,1.2448821656093658e-6,0.0,3.642101359067174e-7,0.0,4.0472252223633375e-8,3.133109558906e-9,0.0,1.7427986712892364e-8,0.0,2.336725342111379e-8,0.0,2.5582473602914213e-8,0.0,2.6215676505758625e-8,0.0,2.6132880011964232e-8,0.0,2.5742479440360455e-8,0.0,2.524827112670991e-8,0.0,2.4755586547231536e-8,0.0,2.432004874494409e-8,0.0,2.3971461340659835e-8,0.0,2.3726098520704397e-8,0.0,2.3593246255870784e-8,0.0,2.3578805365431778e-8,0.0,2.368725065906574e-8,0.0,2.3922660528086227e-8,0.0,2.428908377254402e-8,0.0,2.4790348849279554e-8,0.0,2.5429149074795987e-8,0.0,2.6205011898960963e-8,0.0,2.7110253568868317e-8,0.0,2.8122085027160184e-8,0.0,2.918703036469579e-8,0.0,3.018927496957757e-8,0.0,3.0883522151692325e-8,0.0,3.074418456021633e-8,0.0,2.8599444409405096e-8,0.0,2.164611504831271e-8,0.0
0.0,2.1697093367732956e-7,0.0,3.205224152661224e-7,0.0,6.433407481763798e-7,0.0,5.04503650881988e-6,0.00035265427591553027,0.00027315565119280446,2.238953377579983e-6,5.024708812279899e-7,0.0,3.340573381497686e-6,0.0,6.273695394268926e-5,0.0019710899787078505,0.0031974069731956923,0.007036847609760296,0.007405444113290159,0.006653739463181994,0.005704180108790874,0.0061256484136154215,0.005733537513018278,0.006233680222107323,0.00593500992501958,0.006243009290423837,0.008490438599833719,0.010828326699976071,0.0077349040323718725,0.0024421252963220236,0.00041136951976855125,9.40860195328902e-6,2.8829159672562173e-6,9.898846447628055e-5,0.0006059943473012302,4.902594307715809e-5,0.0,0.0,0.0,6.247276575000627e-7,0.0,4.2094389307978375e-8,0.0,8.456812837032147e-9,1.9267325701299854e-8,0.0,1.9954630368346217e-8,0.0,2.7752553992022035e-8,0.0,3.17477643395292e-8,0.0,3.3819162068926544e-8,0.0,3.489650211228046e-8,0.0,3.547366635569885e-8,0.0,3.582728089108756e-8,0.0,3.612011780411706e-8,0.0,3.645340649615532e-8,0.0,3.689482196744809e-8,0.0,3.749433195956442e-8,0.0,3.829373457975294e-8,0.0,3.93329465506298e-8,0.0,4.065468668272843e-8,0.0,4.2308570895954745e-8,0.0,4.4355378719274085e-8,0.0,4.687214767500336e-8,0.0,4.9958918604708916e-8,0.0,5.37482401017024e-8,0.0,5.841925712277707e-8,0.0,6.421943236736595e-8,0.0,7.149954481427282e-8,0.0,8.07729379326605e-8,0.0,9.282203028808666e-8,0.0,1.0890575644264544e-7,0.0,1.3120862694329106e-7,0.0,1.6396771523735642e-7
2.005836113848858e-7,0.0,2.5412586759343547e-7,0.0,3.345967157938557e-7,0.0,2.877606142767157e-7,1.7690444902669123e-6,0.0002706488177626771,0.0005569736097264354,8.707819546003415e-6,0.0,1.8736887854617226e-6,0.0,3.0869859565039407e-6,0.0,0.00045066903763412336,0.003028686167459305,0.004566910039813618,0.008488189233217099,0.008321723558497135,0.007012953786603638,0.007004446591415703,0.00735785310876843,0.007260344996537027,0.009636558256388233,0.01060525561239567,0.010443661804510613,0.006017516871834599,0.001803439286017599,0.00019257232079857478,9.008239093853905e-6,0.0,2.0146505759346013e-6,0.0004249741769622997,0.0003724065727177023,2.2407923051822494e-6,0.0,1.9450012315041963e-6,3.8675106257068716e-7,0.0,2.1494571076971502e-8,2.0115680050028508e-7,0.0,1.4763735483178665e-7,0.0,1.235950202572056e-7,0.0,1.0776994980781219e-7,0.0,9.594063337523551e-8,0.0,8.689257429623787e-8,0.0,7.984483857801373e-8,0.0,7.430355309353612e-8,0.0,6.993959939740613e-8,0.0,6.652594251956856e-8,0.0,6.390294972641875e-8,0.0,6.195796484448329e-8,0.0,6.06127737253992e-8,0.0,5.981578344886885e-8,0.0,5.9537273993015565e-8,0.0,5.97667546600178e-8,0.0,6.05120342754617e-8,0.0,6.179976845999136e-8,0.0,6.367760131347212e-8,0.0,6.621816439569273e-8,0.0,6.952559526192428e-8,0.0,7.374564469220247e-8,0.0,7.908126598215674e-8,0.0,8.581695134161904e-8,0.0,9.435760467030679e-8,0.0,1.0529265682063805e-7,0.0,1.1950608564212927e-7,0.0,1.3837376797507518e-7,0.0,1.641331913402322e-7,0.0
1.2146445597682742e-7,0.0,2.103094084840329e-7,0.0,4.2085070855927557e-7,0.0,1.0869657644983646e-6,0.0,0.00012544527278337636,0.0009464700164646992,3.578705217387428e-5,0.0,1.212783617199278e-6,0.0,0.0,3.7221455057773424e-7,8.472266821219988e-6,0.0007997221756557441,0.0027175960030355975,0.0031759769758139276,0.005055124089931346,0.007319079185846284,0.008863242006314932,0.009690479189568982,0.009524628064697019,0.00832846829663341,0.006223323953447352,0.003230799257864959,0.0004954263268194268,8.97283185530912e-7,0.0,0.0,5.246441246967126e-6,0.00025918549155587434,0.0006991203168028379,3.412033010965333e-5,1.4289907828853675e-7,6.836064447678279e-7,0.0,0.0,1.826502459011589e-7,0.0,0.0,4.840731156190437e-8,0.0,6.065865597140174e-8,0.0,3.235723573560279e-8,0.0,2.2982806794402677e-8,0.0,1.685798261829019e-8,0.0,1.2631013698655158e-8,0.0,9.575128256718085e-9,0.0,7.274170698181454e-9,0.0,5.475383562725256e-9,0.0,4.017056825464729e-9,0.0,2.790509228614872e-9,0.0,1.7188952396321108e-9,0.0,7.446850377235137e-10,0.0,0.0,6.330901381801368e-10,0.0,1.5534659524973904e-9,0.0,2.5203334232060115e-9,0.0,3.575982645287468e-9,0.0,4.770639660067744e-9,0.0,6.168042929434806e-9,0.0,7.853516106303207e-9,0.0,9.946414876083054e-9,0.0,1.2620367834786754e-8,0.0,1.613774515618043e-8,0.0,2.0911184245687684e-8,0.0,2.7619396053968348e-8,0.0,3.743911983824511e-8,0.0,5.254612810920989e-8,0.0,7.730492986932624e-8,0.0
1.1359945056692578e-7,0.0,1.8526514813713704e-7,0.0,3.661329847133058e-7,0.0,1.0565262295533308e-6,0.0,1.4459836231938458e-5,0.0006679043008708144,0.0001586413270771008,0.0,6.704470667625901e-7,0.0,1.0626589689969866e-6,0.0,0.0,0.0,0.0002077829269526226,0.0018043183402737732,0.003199807216751765,0.004861501061488738,0.006300952920908541,0.005556924674802609,0.004773336078134569,0.00319083817454457,0.0013277241553505447,0.00011405711166059334,1.9798944778538554e-5,1.2991375715667088e-5,4.6475872120635e-6,5.2779886673190474e-6,0.0001157988403380672,0.0007472424999047922,0.00014496803983533627,2.5908115527669322e-6,0.0,0.0,1.5161979162215934e-6,4.24557925826724e-7,0.0,8.78514009326923e-8,1.0706195181815432e-7,0.0,6.161147700149972e-8,0.0,4.3809901982072576e-8,0.0,3.4221866696482195e-8,0.0,2.789466730253043e-8,0.0,2.357441635402191e-8,0.0,2.052481428659655e-8,0.0,1.8322748497208963e-8,0.0,1.6713070528942553e-8,0.0,1.5535891602902474e-8,0.0,1.4688295203781023e-8,0.0,1.4103198834151693e-8,0.0,1.3737239455814676e-8,0.0,1.3563725314624798e-8,0.0,1.3568582396494834e-8,0.0,1.3748209717334704e-8,0.0,1.4108763121711831e-8,0.0,1.466661976934347e-8,0.0,1.5450121385945925e-8,0.0,1.6502923040231932e-8,0.0,1.788969376129712e-8,0.0,1.9705524372592987e-8,0.0,2.209162957020304e-8,0.0,2.5262259759184415e-8,0.0,2.9552673038621673e-8,0.0,3.550911424857818e-8,0.0,4.406855947747257e-8,0.0,5.694720733977476e-8,0.0,7.756892078991663e-8,0.0
3.500589621844297e-8,0.0,6.386243162567872e-8,0.0,1.3837867806958698e-7,0.0,4.4701539490550544e-7,0.0,6.413341036160775e-6,0.0004853164591146155,0.0003650996360300178,3.7814409100279625e-6,0.0,5.806343420278273e-7,0.0,5.517677896953418e-7,1.405629265538487e-6,2.03929423666524e-6,0.0,0.00010641037819521811,0.0004501172977953333,0.0005892474453849882,0.0005058223960222585,0.0003395485252906993,5.025648977223514e-5,4.1997575714403706e-5,4.316754156522678e-6,0.0,0.0,0.0,0.0,3.657271834670093e-5,0.0006645495234080471,0.00048664707376732487,1.6971017961852512e-5,0.0,1.6976531834163076e-6,0.0,0.0,0.0,3.234050425553842e-7,0.0,0.0,0.0,0.0,1.635552970359333e-8,0.0,3.999520020467329e-9,0.0,3.1274512807177338e-9,0.0,2.4341090431748667e-9,0.0,1.885606500499383e-9,0.0,1.444721174525968e-9,0.0,1.0828083317926397e-9,0.0,7.783518872095385e-10,0.0,5.150857166763556e-10,0.0,2.8038675590090145e-10,0.0,6.409997484681413e-11,3.986445059811148e-11,0.0,2.44381553465671e-10,0.0,4.5064838940511725e-10,0.0,6.663666567874316e-10,0.0,8.999792074693148e-10,0.0,1.1614222192042612e-9,0.0,1.4631118063643256e-9,0.0,1.821364325062594e-9,0.0,2.2585488592685723e-9,0.0,2.806504394134435e-9,0.0,3.512235881122754e-9,0.0,4.447818091817164e-9,0.0,5.728476573577481e-9,0.0,7.547557070267574e-9,0.0,1.0248916774834027e-8,0.0,1.448993025410239e-8,0.0,2.1649715759372578e-8,0.0
0.0,2.6144426827427737e-8,0.0,3.6049938623690035e-8,0.0,3.766153218349132e-8,1.796966938074629e-8,0.0,1.986147912380417e-6,0.00022563237036124875,0.0004116632981285956,6.041417215359916e-6,0.0,9.653188343450562e-8,3.8630334126503344e-7,0.0,0.0,0.0,1.3678676655999979e-6,0.0,0.0,0.0,0.0,0.0,0.0,0.0,1.4348231123549028e-6,2.0401469307922565e-5,2.0780534455685076e-5,1.1349160690042607e-5,3.031489158855746e-5,0.0006276920044940143,0.0006430390988225387,2.8376320294572712e-5,0.0,3.164580068869977e-6,0.0,3.541790188560713e-8,1.0375945935006151e-6,5.870375718971059e-7,0.0,1.9611288684541076e-7,1.88366245071728e-9,3.979808311677613e-8,0.0,0.0,0.0,7.811100483444845e-9,0.0,6.3681163094677416e-9,0.0,5.4187380171304866e-9,0.0,4.7653657023780805e-9,0.0,4.30406769501325e-9,0.0,3.974330700073914e-9,0.0,3.739321494822257e-9,0.0,3.57598858220648e-9,0.0,3.469670386975336e-9,0.0,3.4111397401361684e-9,0.0,3.394881641402385e-9,0.0,3.4181283054046665e-9,0.0,3.480336184079336e-9,0.0,3.582983219520275e-9,0.0,3.7295921285540605e-9,0.0,3.925996171660895e-9,0.0,4.180876951818263e-9,0.0,4.506626308620199e-9,0.0,4.920762347399022e-9,0.0,5.448100426413971e-9,0.0,6.124262589596785e-9,0.0,7.001320292584915e-9,0.0,8.157275519702072e-9,0.0,9.712328747069858e-9,0.0,1.1857648183760846e-8,0.0,1.4907118492400297e-8,0.0,1.9386760065629807e-8
0.0,1.311026446811248e-7,0.0,2.1375736170664956e-7,0.0,4.1322340329090214e-7,0.0,1.0181852010700082e-6,0.0,9.780249608712002e-5,0.0007979209141662022,2.6751474600038995e-5,0.0,1.6347857345266973e-6,0.0,9.003720324102053e-7,1.1900433457668944e-6,1.9721439314865767e-6,0.0,5.759315617126638e-6,4.5779916185870336e-6,4.777389212231353e-6,9.915157626612313e-6,1.057457364922844e-5,1.999803051336516e-5,2.372161915943857e-5,0.0,0.0,0.0,0.0,0.0004867559187102753,0.0006773842878023173,4.328296061695011e-5,1.8602791783626227e-6,1.0950953674761391e-5,0.0,1.3972593475646031e-6,1.211571137089483e-8,0.0,0.0,3.21309119534083e-7,0.0,0.0,0.0,2.2656214176892606e-9,7.478809843802131e-9,9.397386580342356e-10,4.813444938534146e-10,0.0,2.4197376292667707e-9,0.0,3.721619314420307e-9,0.0,4.6477049182428595e-9,0.0,5.345968264763856e-9,0.0,5.9077260852958425e-9,0.0,6.392230675078548e-9,0.0,6.840133661784043e-9,0.0,7.281183595782282e-9,0.0,7.738997125098478e-9,0.0,8.234134866492473e-9,0.0,8.786352821583271e-9,0.0,9.416441913384297e-9,0.0,1.0148019176713791e-8,0.0,1.1009508162429516e-8,0.0,1.2036661033655584e-8,0.0,1.3275995644468007e-8,0.0,1.4789763478129104e-8,0.0,1.666347888704678e-8,0.0,1.901767890510886e-8,0.0,2.2027079568267282e-8,0.0,2.5952886101288707e-8,0.0,3.119992226960583e-8,0.0,3.842286546259267e-8,0.0,4.873650647985585e-8,0.0,6.416495940044118e-8,0.0,8.869774751833894e-8
0.0,1.6188403308267495e-7,0.0,2.6136331771828073e-7,0.0,5.012185752283682e-7,0.0,1.4334971699190887e-6,0.0,1.7551386671328862e-5,0.0009030055183164344,0.00018345483191893166,0.0,5.601893797769253e-7,4.93250860901636e-8,1.7161530911395713e-8,0.0,0.0,3.1198788089437173e-7,0.0,0.0,0.0,0.0,0.0,0.0,0.0,2.4838940132857235e-6,2.0600176284956033e-5,1.94445033879245e-5,0.00020435838627059268,0.0007142109933198755,6.479628216951827e-5,0.0,0.0,0.0,2.8335483623604607e-6,0.0,4.544270209001383e-8,8.613994263590508e-7,5.979268072472869e-7,0.0,2.3297892378488592e-7,0.0,8.433825069052106e-8,0.0,3.882546984312089e-8,0.0,4.0627434994817535e-8,0.0,3.512110198854268e-8,0.0,3.107762706009746e-8,0.0,2.8044673714833907e-8,0.0,2.574215635998689e-8,0.0,2.398747040897025e-8,0.0,2.265846970190694e-8,0.0,2.167225602579537e-8,0.0,2.097244838376363e-8,0.0,2.0521513399981283e-8,0.0,2.029603290442444e-8,0.0,2.0283954234502633e-8,0.0,2.0483171018283177e-8,0.0,2.0901189253375725e-8,0.0,2.1555752363866532e-8,0.0,2.2476582647171228e-8,0.0,2.3708491452412163e-8,0.0,2.5316494410965174e-8,0.0,2.7394006853144818e-8,0.0,3.007604732240266e-8,0.0,3.3561046586880323e-8,0.0,3.8148003435761615e-8,0.0,4.43026484622161e-8,0.0,5.2781457782948484e-8,0.0,6.487945478447925e-8,0.0,8.296639021505545e-8,0.0,1.117698410313593e-7
0.0,3.325686349885367e-8,0.0,6.362132860800452e-8,0.0,1.52475589785539e-7,0.0,5.000167992345209e-7,0.0,6.817334398707218e-6,0.0005341083840506016,0.00040977825141139503,4.580253713920225e-6,0.0,0.0,2.8445950518723356e-7,1.543015436643166e-6,1.5020466411641258e-6,0.0,4.212840912180437e-6,3.7610806518641927e-6,3.729504838888863e-6,8.559384104376613e-6,9.335314855739804e-6,1.8185974679328986e-5,2.0752978214470253e-5,0.0,0.0,0.00014958184745169812,0.0006859895810855468,0.0002878053650622846,0.0,3.116864816299403e-6,2.9784624426051634e-6,9.659247457130574e-6,0.0,1.1115606143588808e-6,1.0628598052312994e-7,0.0,0.0,2.9256376617272375e-7,0.0,0.0,0.0,9.574048201753481e-9,0.0,9.971052798064774e-9,0.0,8.100629682037059e-9,0.0,6.733837270853083e-9,0.0,5.671814967589829e-9,0.0,4.832655184261459e-9,0.0,4.158350502121104e-9,0.0,3.6071456338127377e-9,0.0,3.148576166278616e-9,0.0,2.7599615778316904e-9,0.0,2.4239886059177105e-9,0.0,2.12698812724222e-9,0.0,1.8577313868713663e-9,0.0,1.606469123611315e-9,0.0,1.3641850656324894e-9,0.0,1.1218434006643464e-9,0.0,8.696787141404885e-10,0.0,5.962340705156777e-10,0.0,2.8715707625082134e-10,0.0,0.0,2.8694721759502107e-10,0.0,7.862047156415031e-10,0.0,1.4316399053278598e-9,0.0,2.2965564116608688e-9,0.0,3.499270385965694e-9,0.0,5.240267330354541e-9,0.0,7.87943452200202e-9,0.0,1.211072863042213e-8,0.0,1.9400974760863926e-8
2.4513674880705107e-8,0.0,3.5540517805189575e-8,0.0,5.877753876984971e-8,0.0,1.1867782940690151e-7,0.0,0.0,1.7047432105329932e-6,0.0002106678765477146,0.0004657733487178768,6.6597594021090784e-6,0.0,1.2882377482056667e-6,0.0,0.0,0.0,2.732722505777432e-7,0.0,0.0,0.0,0.0,0.0,0.0,0.0,7.675606419790297e-6,0.0003859443317469732,0.0009608276689138159,0.00041208975853539355,1.0227916069272939e-5,5.076102075783487e-6,0.0,0.0,0.0,2.326195187433358e-6,0.0,0.0,9.01010783903004e-7,4.5602900894733037e-7,0.0,1.47934499781749e-7,1.320856115866168e-8,2.8541057311954365e-8,0.0,0.0,0.0,2.538834263142789e-9,0.0,1.816346341452493e-9,0.0,1.2465151277969233e-9,0.0,7.888268989009184e-10,0.0,4.1463352950322014e-10,0.0,1.0140020608624678e-10,3.7956636330424133e-11,0.0,2.9107011436657616e-10,0.0,5.196947696205212e-10,0.0,7.334888351124766e-10,0.0,9.406155403891142e-10,0.0,1.1484052238017705e-9,0.0,1.3638784175398073e-9,0.0,1.5942753551628775e-9,0.0,1.8475355912234148e-9,0.0,2.1329539969736077e-9,0.0,2.4618934587827824e-9,0.0,2.8488627874440068e-9,0.0,3.3129769569931885e-9,0.0,3.880199892385833e-9,0.0,4.586750838075915e-9,0.0,5.484615944186238e-9,0.0,6.650585045567237e-9,0.0,8.201843794265421e-9,0.0,1.0323851984921518e-8,0.0,1.3322782378050224e-8,0.0,1.7729201063307852e-8,0.0
1.0747529978141769e-7,0.0,1.5349688306190436e-7,0.0,2.3822228829111565e-7,0.0,4.1876131467501165e-7,0.0,1.1656924783676804e-6,0.0,8.096843171686525e-5,0.0008179571904314865,4.841697753000129e-5,0.0,5.48284783563832e-7,0.0,1.9876675728428598e-6,1.071636720147045e-6,2.2229106499944444e-7,3.3359047339978745e-6,3.4631038279186406e-6,3.107155799836177e-6,8.213093127408831e-6,8.770772095165313e-6,1.7113932822919837e-5,2.163554270441332e-5,0.0003726326452472267,0.0009768345207422004,0.00014384408081549087,0.0,0.0,0.0,3.2566084553000726e-6,2.5891258452505565e-6,9.090816550001613e-6,0.0,1.0398661132434262e-6,7.347730280475862e-8,0.0,0.0,3.144465423389185e-7,0.0,3.1607058793511237e-8,0.0,3.9226597448237215e-8,0.0,3.648678501654923e-8,0.0,3.214675771900828e-8,0.0,2.8881867777724725e-8,0.0,2.6354195178485143e-8,0.0,2.4385336239371535e-8,0.0,2.2851780762749974e-8,0.0,2.1666761688411262e-8,0.0,2.0769029381628724e-8,0.0,2.0115555282551603e-8,0.0,1.9676807599544124e-8,0.0,1.9433713561979942e-8,0.0,1.9375812489484495e-8,0.0,1.9500249297865064e-8,0.0,1.9811504206362908e-8,0.0,2.032171925258758e-8,0.0,2.105182472920131e-8,0.0,2.203344435109944e-8,0.0,2.3312109621643173e-8,0.0,2.495220267341551e-8,0.0,2.7044782219252247e-8,0.0,2.9719965777919022e-8,0.0,3.3167248677184016e-8,0.0,3.7669765623753554e-8,0.0,4.366483641247174e-8,0.0,5.185634676363499e-8,0.0,6.343706613248591e-8,0.0,8.056355867626619e-8,0.0
3.926424714497876e-8,0.0,6.530031117590596e-8,0.0,1.2512279299982378e-7,0.0,3.0186770921902455e-7,0.0,8.60493154885034e-7,0.0,1.1602960677580575e-5,0.0007649002851795432,0.0004376679056215514,3.938411891055461e-6,3.478278861870102e-7,2.456506402500543e-8,0.0,0.0,0.0,0.0,0.0,0.0,0.0,0.0,0.0,0.00019288754556534356,0.0009241672532748814,0.00026171839783389373,1.779541697732321e-5,1.0348646482578758e-5,2.224574002360244e-6,5.130472626816005e-6,0.0,0.0,0.0,2.2045443244142394e-6,0.0,0.0,8.093445877980743e-7,4.459350503435366e-7,0.0,1.5501233934300403e-7,0.0,4.224603334437833e-8,0.0,7.303222205037614e-9,0.0,1.2457020380489968e-8,0.0,1.0316543562492925e-8,0.0,8.647190998944954e-9,0.0,7.320942777489653e-9,0.0,6.2497215427034624e-9,0.0,5.369536482297682e-9,0.0,4.633290910381963e-9,0.0,4.005682900753982e-9,0.0,3.459563338477356e-9,0.0,2.973423263760006e-9,0.0,2.5294890103023763e-9,0.0,2.1123351718770055e-9,0.0,1.7077084383721257e-9,0.0,1.3014671238036069e-9,0.0,8.784942397976892e-10,0.0,4.214261078328008e-10,0.0,0.0,3.762523565870382e-10,0.0,1.0261464544726596e-9,0.0,1.8199261176646276e-9,0.0,2.820476528797578e-9,0.0,4.121157099572052e-9,0.0,5.865652958642271e-9,0.0,8.28418932499009e-9,0.0,1.1762980334623216e-8,0.0,1.6986733663882834e-8,0.0,2.5255376865251532e-8,0.0
0.0,5.945219707657948e-8,0.0,9.044746758074228e-8,0.0,1.5504489406310555e-7,0.0,2.7281391024745524e-7,0.0,5.107454782903416e-7,0.0,0.0001777176251345527,0.0008006604338554638,8.206953165431883e-5,0.0,6.493280660526185e-7,9.410522114759187e-7,1.7945956935783228e-6,0.0,3.188215550399974e-6,2.7297925346881735e-6,3.050948242709912e-6,7.348661538285484e-6,2.0802606570688007e-5,0.0004966419432244228,0.0010849705356696842,0.00018593108269450748,0.0,0.0,0.0,0.0,0.0,2.908697608765827e-6,2.5613192370990353e-6,8.420541166413174e-6,0.0,8.507971924973435e-7,1.576389986707061e-7,0.0,0.0,2.5220551325046905e-7,0.0,0.0,0.0,4.171542205699385e-9,1.5249157729750867e-9,5.270656030462607e-9,0.0,3.71516148894753e-9,0.0,2.5597522071124648e-9,0.0,1.6453776512338412e-9,0.0,9.058289264449356e-10,0.0,2.923294628074703e-10,0.0,0.0,4.685621457152165e-10,0.0,9.073515968349711e-10,0.0,1.3144165593670378e-9,0.0,1.705698434019713e-9,0.0,2.095213400215429e-9,0.0,2.4961605761635726e-9,0.0,2.9218726312932666e-9,0.0,3.3867615590293945e-9,0.0,3.907396655478124e-9,0.0,4.503817654037679e-9,0.0,5.201281729623475e-9,0.0,6.0327512171783065e-9,0.0,7.042523462711531e-9,0.0,8.291805642085191e-9,0.0,9.867480577685495e-9,0.0,1.189644470942549e-8,0.0,1.4569912162603716e-8,0.0,1.8186483810664112e-8,0.0,2.3232244682935876e-8,0.0,3.053906662826866e-8,0.0,4.16206636237676e-8
0.0,3.7078993618937965e-8,0.0,5.387789975028609e-8,0.0,8.473879003007978e-8,0.0,1.9854038560819427e-7,0.0,7.186035879908929e-7,0.0,8.577722611269149e-6,0.0006031362482939428,0.0004912724987646654,6.797905231093632e-6,4.751839221071036e-8,0.0,0.0,0.0,0.0,0.0,0.0,7.146546110488156e-6,0.0005777914646390462,0.0010516549698450664,0.00011329593138796668,3.095523042485105e-6,1.9355680464565754e-5,1.646120783194723e-5,9.973331313604572e-6,2.1971034813265985e-6,4.816435758663448e-6,0.0,0.0,0.0,2.0481791983649203e-6,0.0,0.0,7.648090333245428e-7,4.1557742015308763e-7,0.0,1.4525484754655713e-7,0.0,4.2292221703292125e-8,0.0,9.516881359359123e-9,0.0,1.4851041759680277e-8,0.0,1.3229018453353447e-8,0.0,1.1940062791219461e-8,0.0,1.0910523332401198e-8,0.0,1.0087212809560846e-8,0.0,9.42975519251921e-9,0.0,8.907930552726337e-9,0.0,8.499312839926887e-9,0.0,8.187417651406292e-9,0.0,7.960397456032595e-9,0.0,7.810080827758657e-9,0.0,7.731384059959067e-9,0.0,7.721956920866275e-9,0.0,7.782031327785433e-9,0.0,7.914518044405128e-9,0.0,8.125306917663999e-9,0.0,8.423861889286789e-9,0.0,8.824232031807642e-9,0.0,9.346630676975582e-9,0.0,1.001999442303194e-8,0.0,1.0886078305993862e-8,0.0,1.2006292830927386e-8,0.0,1.3473484445132839e-8,0.0,1.5433312584402746e-8,0.0,1.812518188442846e-8,0.0,2.1966525803249812e-8,0.0,2.7742001223662883e-8
9.483171780177435e-8,0.0,1.26239423071899e-7,0.0,1.7506936979227164e-7,0.0,2.4849478504370596e-7,0.0,5.349290257602795e-7,0.0,1.3467403646838498e-6,0.0,0.0001362097828086933,0.0010298551318779303,0.00012943652127266286,0.0,2.318045129817267e-6,9.788968092542984e-7,1.063758349945985e-6,1.3005005050397035e-6,1.8109928656312006e-6,6.775390612874871e-6,0.0004612505260468373,0.0011080413677337644,0.00014573059874259088,1.5178483598161295e-5,0.0,0.0,0.0,0.0,0.0,0.0,2.866281278816631e-6,2.3730937592187633e-6,8.020023897032175e-6,0.0,8.042312237008747e-7,1.286409052784071e-7,0.0,0.0,2.7749875338434635e-7,0.0,2.629971121224004e-8,0.0,3.554633853817893e-8,0.0,3.465999071631531e-8,0.0,3.137493847086836e-8,0.0,2.87922389256734e-8,0.0,2.6721655388362977e-8,0.0,2.5066254950907674e-8,0.0,2.375251275224767e-8,0.0,2.2725269161402197e-8,0.0,2.194374668391796e-8,0.0,2.1378447665976185e-8,0.0,2.100890560121638e-8,0.0,2.082217036722123e-8,0.0,2.0811861245093913e-8,0.0,2.097773576528357e-8,0.0,2.132567490833459e-8,0.0,2.186816670157743e-8,0.0,2.2625308073095583e-8,0.0,2.3626464289998318e-8,0.0,2.491287936984277e-8,0.0,2.654160594858148e-8,0.0,2.8591519868239464e-8,0.0,3.1172528861465355e-8,0.0,3.4440163682436524e-8,0.0,3.861912210327856e-8,0.0,4.404297243281561e-8,0.0,5.122368855329709e-8,0.0,6.09801879035636e-8,0.0,7.469104912263824e-8,0.0
0.0,1.3288730158696628e-8,0.0,1.2264260753820037e-8,0.0,2.433294007923078e-9,3.35313964946282e-8,0.0,2.854397614258344e-8,0.0,2.2510649161056338e-7,0.0,6.945418517646518e-6,0.0005712130179823135,0.0006811666940946156,9.904995800453259e-5,9.262021327400162e-6,0.0,9.83682311131874e-9,3.930997231589425e-6,2.4894209120178564e-5,0.0003443788319066599,0.0009774974351369993,0.00020648991845286294,0.0,0.0,3.367451780037501e-6,1.823128779005658e-5,1.639278397542041e-5,9.489619571795124e-6,2.1771556759267654e-6,4.617243219905823e-6,0.0,0.0,0.0,1.925846655204331e-6,0.0,0.0,7.302364169446851e-7,3.9095859604201256e-7,0.0,1.359625185132301e-7,0.0,4.026017969146954e-8,0.0,8.828388848616461e-9,0.0,1.4053621123377714e-8,0.0,1.2651158444364945e-8,0.0,1.1503069839958938e-8,0.0,1.0562988654968294e-8,0.0,9.7942376375359e-9,0.0,9.16671683646043e-9,0.0,8.656628292016402e-9,0.0,8.245482594343435e-9,0.0,7.919064085637473e-9,0.0,7.666583471421796e-9,0.0,7.47999040719748e-9,0.0,7.353476053854197e-9,0.0,7.283132472402088e-9,0.0,7.266679672279786e-9,0.0,7.303337328648519e-9,0.0,7.393725133049423e-9,0.0,7.539846160942165e-9,0.0,7.745111434086586e-9,0.0,8.014356856438954e-9,0.0,8.35387116830868e-9,0.0,8.771244434774631e-9,0.0,9.274900346745163e-9,0.0,9.872713096965901e-9,0.0,1.0568656275840465e-8,0.0,1.1354566935112623e-8,0.0,1.2189973165266377e-8,0.0,1.2950587679778176e-8
2.1366063547301195e-8,0.0,2.3652641473264487e-8,0.0,2.0705090140625288e-8,0.0,0.0,0.0,2.161380730182237e-8,0.0,0.0,1.7635603867580105e-7,0.0,0.00010552791658021633,0.001216322205860709,0.0017406371617588847,0.0007681761587061656,0.00029714313732469446,0.0003909939594272871,0.0009043401980609824,0.0009162440802930814,0.0009957571083420644,0.00017343015376740736,7.950953005268962e-6,1.64528447632122e-5,1.6709522899929352e-5,0.0,0.0,0.0,0.0,0.0,0.0,2.744797624247183e-6,2.320121230837185e-6,7.615544177094296e-6,0.0,6.910971831673397e-7,1.7409430627699795e-7,0.0,0.0,2.421803470162853e-7,0.0,3.902725270341079e-9,0.0,1.556127777001537e-8,0.0,1.6887680063493172e-8,0.0,1.523545034363941e-8,0.0,1.391488767277238e-8,0.0,1.2826950218108175e-8,0.0,1.193453747717994e-8,0.0,1.1205723232713674e-8,0.0,1.0614482719633213e-8,0.0,1.0140295082144307e-8,0.0,9.76730799497308e-9,0.0,9.483508521146434e-9,0.0,9.280060276450896e-9,0.0,9.150784065603546e-9,0.0,9.091819570095083e-9,0.0,9.101369003505777e-9,0.0,9.179624418871602e-9,0.0,9.32875197883279e-9,0.0,9.553010765263326e-9,0.0,9.8589780735606e-9,0.0,1.0255895791020861e-8,0.0,1.0756183100817108e-8,0.0,1.1376072490899662e-8,0.0,1.2136437789020406e-8,0.0,1.3063625750620034e-8,0.0,1.4190138460526415e-8,0.0,1.5554161392283828e-8,0.0,1.7195696121619088e-8,0.0,1.9142454567932676e-8,0.0
0.0,3.758660776812466e-8,0.0,4.880588402574422e-8,0.0,6.236675991133785e-8,0.0,1.1168248559373167e-7,0.0,2.7338211531863016e-7,0.0,4.5206346435507876e-7,0.0,9.116512522670533e-7,1.4853299476419586e-5,0.00014513752582291875,0.001156695599799862,0.0014702924699005898,0.0013302715380033806,0.0007101515817674413,0.00040060409937280614,4.7770238941202577e-5,0.0,0.0,0.0,0.0,3.837543532161025e-6,1.768263057149005e-5,1.621223205207322e-5,9.145600153387888e-6,2.1646551922107095e-6,4.478229466897811e-6,0.0,0.0,0.0,1.8215018736708958e-6,0.0,0.0,7.091189843175177e-7,3.670402828356087e-7,0.0,1.2490680703317048e-7,2.9504195575846826e-9,3.5809860334490296e-8,0.0,6.070983052636203e-9,0.0,1.1763944930786924e-8,0.0,1.0987016694033632e-8,0.0,1.032286455398989e-8,0.0,9.767009386238857e-9,0.0,9.311470478631421e-9,0.0,8.946483786232535e-9,0.0,8.663088620421817e-9,0.0,8.453982925061675e-9,0.0,8.31373090094444e-9,0.0,8.238762342271944e-9,0.0,8.227326473608799e-9,0.0,8.279478853978617e-9,0.0,8.397168133428279e-9,0.0,8.584384268055245e-9,0.0,8.847481912765964e-9,0.0,9.195631822427054e-9,0.0,9.64154708400361e-9,0.0,1.0202519523027158e-8,0.0,1.0901937763759494e-8,0.0,1.1771575482151694e-8,0.0,1.2854978535280997e-8,0.0,1.4212745365709858e-8,0.0,1.593077140084609e-8,0.0,1.8133797941066734e-8,0.0,2.100824802830359e-8,0.0,2.484267677170895e-8,0.0,3.0103361982680537e-8
0.0,1.921476473107928e-9,0.0,2.292932770089646e-9,0.0,7.082161898747021e-9,0.0,0.0,1.5635564204696833e-8,0.0,1.003603290474016e-7,0.0,0.0,2.988229639714197e-7,0.0,0.0,9.837097089424468e-6,1.520066744271494e-5,3.492348492869626e-5,7.755120523226191e-6,4.0593611040987505e-6,1.6223278716989338e-6,7.299988828341565e-6,8.397135447458324e-6,1.5150326627949621e-5,1.7035177993706263e-5,0.0,0.0,0.0,0.0,0.0,0.0,2.6498342638128043e-6,2.2961326365961297e-6,7.2872682610860455e-6,0.0,5.864377601747296e-7,2.221697255442345e-7,0.0,0.0,2.0620659633236385e-7,0.0,0.0,0.0,0.0,8.959542461970099e-9,0.0,1.982335215197249e-9,0.0,1.6141226249832136e-9,0.0,1.3602381299373297e-9,0.0,1.1792510046074005e-9,0.0,1.0457246457149135e-9,0.0,9.448200117450615e-10,0.0,8.674039715776856e-10,0.0,8.075826055812912e-10,0.0,7.614176597761993e-10,0.0,7.262196230657658e-10,0.0,7.0013148095599e-10,0.0,6.818743951628182e-10,0.0,6.706045598965996e-10,0.0,6.658045737767404e-10,0.0,6.672453871203743e-10,0.0,6.749407211140146e-10,0.0,6.891648612672441e-10,0.0,7.104659650977036e-10,0.0,7.397054153000793e-10,0.0,7.781561615644722e-10,0.0,8.276099616102897e-10,0.0,8.90606135703657e-10,0.0,9.707023419446361e-10,0.0,1.0730110920124242e-9,0.0,1.2049843010637946e-9,0.0,1.3777711148629542e-9,0.0,1.6083649369589421e-9
2.6905178682756773e-10,0.0,2.7760638676441534e-10,0.0,4.83824978970409e-9,0.0,3.3262960127234975e-8,1.411447728877429e-8,0.0,1.1357345994493964e-7,0.0,1.56012473986131e-7,1.7351354718467359e-9,0.0,1.4017886779316333e-6,7.639081445310281e-7,0.0,0.0,0.0,0.0,0.0,0.0,0.0,0.0,0.0,0.0,4.083275138373681e-6,1.7374605510413867e-5,1.6093715068909975e-5,8.899202563055592e-6,2.174640188840985e-6,4.377985537496367e-6,0.0,0.0,0.0,1.7239033843830043e-6,0.0,0.0,7.088650004243227e-7,3.341522184979282e-7,0.0,1.0264867373168691e-7,1.986585759205167e-8,1.9649923461485287e-8,5.4183573824051825e-9,0.0,1.439461212543198e-9,0.0,1.1114836834056046e-9,0.0,8.640538472493021e-10,0.0,6.966896951592604e-10,0.0,5.784241168581631e-10,0.0,4.918025415966663e-10,0.0,4.2657796613645907e-10,0.0,3.7639685737027396e-10,0.0,3.3714512428432816e-10,0.0,3.060547087173349e-10,0.0,2.8121854758339504e-10,0.0,2.612811267888732e-10,0.0,2.452774765810545e-10,0.0,2.3248722058819005e-10,0.0,2.2239466971607503e-10,0.0,2.146105250001168e-10,0.0,2.0885988917251909e-10,0.0,2.049474501291185e-10,0.0,2.0274560545222033e-10,0.0,2.0218780813763272e-10,0.0,2.0326594493240424e-10,0.0,2.0602619972146313e-10,0.0,2.1057477268158697e-10,0.0,2.1710429498996354e-10,0.0,2.2588519447679785e-10,0.0,2.3730909765951397e-10,0.0,2.5180193917282053e-10,0.0
0.0,2.1158282624173267e-10,0.0,1.399111953433521e-10,0.0,4.32424912549874e-9,0.0,0.0,2.112151533870665e-8,0.0,1.127717640233158e-7,0.0,0.0,3.34190557661617e-7,0.0,0.0,2.1274487097578113e-6,2.2289906337499193e-6,1.0346870305373454e-6,3.009757944263535e-6,2.4393089376865378e-6,2.6129309886126557e-6,7.077943701356834e-6,8.511690478822917e-6,1.4944626889105923e-5,1.6909606022046433e-5,0.0,0.0,0.0,0.0,0.0,0.0,2.6574496941957373e-6,2.2275684845728663e-6,7.088130351133873e-6,0.0,5.376022803350379e-7,2.2863682271509783e-7,0.0,0.0,2.030849369736968e-7,0.0,0.0,0.0,0.0,7.86400273206419e-9,0.0,1.2322118308039088e-9,0.0,9.360463333594072e-10,0.0,7.38643422205931e-10,0.0,6.023230863390003e-10,0.0,5.042712722497147e-10,0.0,4.314597673369617e-10,0.0,3.7603090443187865e-10,0.0,3.330032177571436e-10,0.0,2.990866300000509e-10,0.0,2.7204204673877964e-10,0.0,2.5029833724439513e-10,0.0,2.327363437026886e-10,0.0,2.1853554666283888e-10,0.0,2.0709427810128303e-10,0.0,1.9796593311305345e-10,0.0,1.908100745379171e-10,0.0,1.8537947404986822e-10,0.0,1.8149309563321448e-10,0.0,1.7901850396587206e-10,0.0,1.7787287874965197e-10,0.0,1.7800661274221686e-10,0.0,1.7941116283550548e-10,0.0,1.8209837438108376e-10,0.0,1.861180473794466e-10,0.0,1.9152505984949831e-10,0.0,1.9834928756817806e-10,0.0,2.0623413426591568e-10
1.814890448148532e-10,0.0,1.7003929405172426e-10,0.0,4.846467429525572e-9,0.0,3.375808008939277e-8,1.4234111498942992e-8,0.0,1.1338157187254798e-7,0.0,1.6249707958901263e-7,7.655115188293805e-9,0.0,8.537887239141073e-7,0.0,0.0,0.0,0.0,0.0,0.0,0.0,0.0,0.0,0.0,0.0,4.188395615343485e-6,1.7305663474060107e-5,1.6009301760561013e-5,8.796494300627863e-6,2.1504540002661373e-6,4.365575563153505e-6,0.0,0.0,0.0,1.6738919216778711e-6,0.0,0.0,6.922351468410802e-7,3.261189485870413e-7,0.0,9.991166205638429e-8,1.9610908801913305e-8,1.9855818064464052e-8,5.416024677156253e-9,0.0,1.3591677372644168e-9,0.0,1.0435491833449447e-9,0.0,8.060249979902068e-10,0.0,6.457822120140705e-10,0.0,5.328019458164003e-10,0.0,4.501973128828458e-10,0.0,3.880692329924127e-10,0.0,3.402867709796165e-10,0.0,3.028861768917103e-10,0.0,2.7320110334641545e-10,0.0,2.493944707233561e-10,0.0,2.3015909602023406e-10,0.0,2.14558219891782e-10,0.0,2.0189076119850324e-10,0.0,1.91649379699399e-10,0.0,1.8343823748358248e-10,0.0,1.769710570628802e-10,0.0,1.720226451465412e-10,0.0,1.684291239640104e-10,0.0,1.6606402942070942e-10,0.0,1.6484121003077987e-10,0.0,1.6469272763413277e-10,0.0,1.6557113800932163e-10,0.0,1.6744672243587689e-10,0.0,1.702703144708384e-10,0.0,1.739571069662863e-10,0.0,1.781999987351783e-10,0.0
0.0,1.6208901526839052e-10,0.0,7.626824268221547e-11,0.0,4.334866906823107e-9,0.0,0.0,2.219125524657872e-8,0.0,1.1852564454177173e-7,0.0,0.0,3.529000439629937e-7,0.0,2.3263177759762423e-7,1.6723634839101048e-6,1.4083952293872276e-6,3.938049028287899e-7,2.8111326471735757e-6,2.417119192505769e-6,2.823558001186619e-6,7.026771514714253e-6,8.645061367252972e-6,1.4903325772809132e-5,1.6903453657795666e-5,0.0,0.0,0.0,0.0,0.0,0.0,2.684201058093314e-6,2.1827645207605277e-6,6.949804288255174e-6,0.0,4.946996959290601e-7,2.3687154911203256e-7,0.0,0.0,2.00707066250361e-7,0.0,0.0,0.0,0.0,7.612444190590326e-9,0.0,1.1841074701591116e-9,0.0,8.96348746908188e-10,0.0,7.048523454207231e-10,0.0,5.727822159742706e-10,0.0,4.778910252607e-10,0.0,4.074830935906198e-10,0.0,3.5390869935435484e-10,0.0,3.1232005589923233e-10,0.0,2.7951628726570827e-10,0.0,2.5332034197687525e-10,0.0,2.3220178659031157e-10,0.0,2.1507510094744692e-10,0.0,2.0113391596167374e-10,0.0,1.897919321786068e-10,0.0,1.8060520852181129e-10,0.0,1.732339544147088e-10,0.0,1.6742308488679192e-10,0.0,1.6297640760137844e-10,0.0,1.5973978603582574e-10,0.0,1.575988941293627e-10,0.0,1.564600529357918e-10,0.0,1.5624552987330513e-10,0.0,1.5688523601407704e-10,0.0,1.582999672919476e-10,0.0,1.603607682687785e-10,0.0,1.6281797701740536e-10,0.0,1.6486806720512026e-10
1.5366287555718118e-10,0.0,1.3604129922096045e-10,0.0,4.990498346857646e-9,0.0,3.4693333400168595e-8,1.4353223641002398e-8,0.0,1.1438784423675552e-7,0.0,1.6832242325098874e-7,1.0546567284090936e-8,0.0,7.221755101822984e-7,0.0,0.0,0.0,0.0,0.0,0.0,0.0,0.0,0.0,0.0,0.0,4.303254175489931e-6,1.7368429677136865e-5,1.6046091833938025e-5,8.765487520692952e-6,2.1485116502279967e-6,4.389606701844219e-6,0.0,0.0,0.0,1.6389330873878568e-6,0.0,0.0,6.818572434053604e-7,3.21157417491073e-7,0.0,9.805874417675695e-8,1.9517087326688154e-8,2.015384769669566e-8,5.481918823379119e-9,0.0,1.3220716816460125e-9,0.0,1.01277156124408e-9,0.0,7.804983199077853e-10,0.0,6.239406764452747e-10,0.0,5.136396350542868e-10,0.0,4.3304106657642874e-10,0.0,3.7244584205443433e-10,0.0,3.2584879019419534e-10,0.0,2.893684311978354e-10,0.0,2.603959854743758e-10,0.0,2.371301536789605e-10,0.0,2.1829576339000082e-10,0.0,2.0296735335802175e-10,0.0,1.9046187872892584e-10,0.0,1.8027776865353617e-10,0.0,1.7201988439102813e-10,0.0,1.6540322299446463e-10,0.0,1.6019313884771403e-10,0.0,1.562208033335441e-10,0.0,1.5334125679986045e-10,0.0,1.514475528287089e-10,0.0,1.5043969056370913e-10,0.0,1.5022970446326115e-10,0.0,1.5072224543884172e-10,0.0,1.5178333681634646e-10,0.0,1.531938396723753e-10,0.0,1.5444424134891145e-10,0.0
0.0,1.4090497865409513e-10,0.0,4.700186046055141e-11,0.0,4.426158442365409e-9,0.0,0.0,2.3356713074213324e-8,0.0,1.25005602266639e-7,0.0,0.0,3.6886752690524954e-7,0.0,4.055774119193902e-7,1.5927642455571078e-6,1.1904586186996336e-6,2.3200062798800505e-7,2.7779348945522298e-6,2.418407335441485e-6,2.9199629547707797e-6,7.075152456128175e-6,8.825533370991961e-6,1.5002671952698315e-5,1.702735621376188e-5,0.0,0.0,0.0,0.0,0.0,0.0,2.7329291586997032e-6,2.157892841983717e-6,6.8696410938405855e-6,0.0,4.5764007817393105e-7,2.459836446382676e-7,0.0,0.0,2.0002106128145732e-7,0.0,0.0,0.0,0.0,7.444107507095333e-9,0.0,1.1592609457751567e-9,0.0,8.760985841418934e-10,0.0,6.878215313545948e-10,0.0,5.580444676440456e-10,0.0,4.6484409585779205e-10,0.0,3.957135141719609e-10,0.0,3.4312184824317195e-10,0.0,3.022943147740773e-10,0.0,2.700828160824868e-10,0.0,2.4434314604996833e-10,0.0,2.235687617630107e-10,0.0,2.066912954214184e-10,0.0,1.9291479683332391e-10,0.0,1.8165999874503181e-10,0.0,1.7248537675929045e-10,0.0,1.6505338966826823e-10,0.0,1.591078217497155e-10,0.0,1.5444570199071863e-10,0.0,1.509063163665503e-10,0.0,1.4836139239811365e-10,0.0,1.4670329287875228e-10,0.0,1.4582394362303626e-10,0.0,1.4562364774770802e-10,0.0,1.4597242764885435e-10,0.0,1.4667132392780658e-10,0.0,1.4736102205577772e-10,0.0,1.470537673825545e-10
1.3917305321520246e-10,0.0,1.180065266213372e-10,0.0,5.202484275161623e-9,0.0,3.600287105404204e-8,1.4587187853680679e-8,0.0,1.1665032856908213e-7,0.0,1.7483029016040597e-7,1.2171356581942248e-8,0.0,6.806872294066743e-7,0.0,0.0,0.0,0.0,0.0,0.0,0.0,0.0,0.0,0.0,0.0,4.437921846462268e-6,1.7564897213384886e-5,1.620783292105417e-5,8.805379895838464e-6,2.1680020414671848e-6,4.450587396390144e-6,0.0,0.0,0.0,1.617904962069099e-6,0.0,0.0,6.772936808336781e-7,3.191148592182654e-7,0.0,9.705142049904646e-8,1.9554818167896482e-8,2.058383179035589e-8,5.592331438187582e-9,0.0,1.3032976721175789e-9,0.0,9.968865221197161e-10,0.0,7.672777239786655e-10,0.0,6.125963907004616e-10,0.0,5.036601936111996e-10,0.0,4.2408262880644194e-10,0.0,3.642681640758747e-10,0.0,3.18274090882855e-10,0.0,2.8226200854761656e-10,0.0,2.5365204267633474e-10,0.0,2.3065949293875345e-10,0.0,2.120286233846724e-10,0.0,1.968350256249113e-10,0.0,1.844098098009728e-10,0.0,1.7424998233206423e-10,0.0,1.659648784884532e-10,0.0,1.5926676340816127e-10,0.0,1.5391828881005515e-10,0.0,1.497463790587142e-10,0.0,1.4659711195658122e-10,0.0,1.4435283414394526e-10,0.0,1.4289757354511366e-10,0.0,1.4212399296620067e-10,0.0,1.4190359265496665e-10,0.0,1.420611901526217e-10,0.0,1.423120886467899e-10,0.0,1.4204413747117597e-10,0.0
0.0,1.2823970725494477e-10,0.0,2.7151884906748137e-11,0.0,4.569912520786942e-9,0.0,0.0,2.4718944825464166e-8,0.0,1.32644548642481e-7,0.0,0.0,3.8598993135946606e-7,0.0,5.029592418960525e-7,1.5977396669716985e-6,1.1108109754734263e-6,1.7361580885452374e-7,2.789814079319379e-6,2.429526938127603e-6,3.0020318033148914e-6,7.198879349056808e-6,9.071391168489063e-6,1.5235897839320795e-5,1.729151480024751e-5,0.0,0.0,0.0,0.0,0.0,0.0,2.805001501518903e-6,2.151949438726819e-6,6.845145702204991e-6,0.0,4.251708256716093e-7,2.563562378096537e-7,0.0,0.0,2.0100785779205864e-7,0.0,0.0,0.0,0.0,7.343255648254018e-9,0.0,1.1478893594722185e-9,0.0,8.665402007733674e-10,0.0,6.795921029861189e-10,0.0,5.507786977086011e-10,0.0,4.582953797828849e-10,0.0,3.897115855911338e-10,0.0,3.375427818026787e-10,0.0,2.9704201615662723e-10,0.0,2.6508414029216036e-10,0.0,2.3953649271497847e-10,0.0,2.1890182665849566e-10,0.0,2.021181628064639e-10,0.0,1.883945495261344e-10,0.0,1.7715316077207556e-10,0.0,1.679521627773184e-10,0.0,1.6045542216847065e-10,0.0,1.5440397819754814e-10,0.0,1.4959066835379398e-10,0.0,1.4585051794375332e-10,0.0,1.4304576138532422e-10,0.0,1.4106107837712993e-10,0.0,1.3976955212267536e-10,0.0,1.3905344938567115e-10,0.0,1.3875214010198044e-10,0.0,1.3862763912670003e-10,0.0,1.3825330380514908e-10,0.0,1.365230820925007e-10
1.297639096842218e-10,0.0,1.0574771256511088e-10,0.0,5.477726525996134e-9,0.0,3.7718614480289265e-8,1.496039559261634e-8,0.0,1.2019628250163516e-7,0.0,1.826322485819671e-7,1.3216219887485248e-8,0.0,6.724719464654698e-7,0.0,0.0,0.0,0.0,0.0,0.0,0.0,0.0,0.0,0.0,0.0,4.5998294372136085e-6,1.7901612223441895e-5,1.6500968359253506e-5,8.917501919515837e-6,2.20926573803302e-6,4.550377643361665e-6,0.0,0.0,0.0,1.6101187408273253e-6,0.0,0.0,6.783563334455233e-7,3.199209101222219e-7,0.0,9.685687189931033e-8,1.9721628656999858e-8,2.1165692788546447e-8,5.7461946207481264e-9,0.0,1.2977666110973409e-9,0.0,9.913881787764617e-10,0.0,7.623184085980839e-10,0.0,6.080623619195667e-10,0.0,4.994562597196613e-10,0.0,4.201365463662489e-10,0.0,3.6052591848174924e-10,0.0,3.1469062602047796e-10,0.0,2.7880123942335223e-10,0.0,2.502812772393372e-10,0.0,2.273490722088517e-10,0.0,2.0875420754343536e-10,0.0,1.9356828562105966e-10,0.0,1.8112807031733793e-10,0.0,1.7092520752104435e-10,0.0,1.6257281971604475e-10,0.0,1.5577645983283484e-10,0.0,1.5029851434932713e-10,0.0,1.459588042273391e-10,0.0,1.425987164085929e-10,0.0,1.4009413329537855e-10,0.0,1.3831559348377253e-10,0.0,1.3714344955361324e-10,0.0,1.364248916861416e-10,0.0,1.3595759552091288e-10,0.0,1.354117855983288e-10,0.0,1.3410148750232775e-10,0.0
0.0,1.1928789846782406e-10,0.0,1.0549179442747442e-11,0.0,4.764064384856588e-9,0.0,0.0,2.6345242069508913e-8,0.0,1.418121540270663e-7,0.0,0.0,4.0600629176405973e-7,0.0,5.745226933721931e-7,1.6400710332913165e-6,1.084312451966315e-6,1.4977411628404673e-7,2.8311867387502514e-6,2.4547079622544253e-6,3.0952798367657724e-6,7.39411804853061e-6,9.395394690160416e-6,1.5607254112445317e-5,1.7707096560221324e-5,0.0,0.0,0.0,0.0,0.0,0.0,2.9026371929293626e-6,2.164653439179463e-6,6.875617363310981e-6,0.0,3.9622433399428076e-7,2.683767805234913e-7,0.0,0.0,2.0369688665680238e-7,0.0,0.0,0.0,0.0,7.304071007929064e-9,0.0,1.147397070089479e-9,0.0,8.653668752774471e-10,0.0,6.780828888853781e-10,0.0,5.49078251674013e-10,0.0,4.5647673879785533e-10,0.0,3.8781764756150654e-10,0.0,3.3559632232780733e-10,0.0,2.950538613416499e-10,0.0,2.6305952043302605e-10,0.0,2.3747350192345785e-10,0.0,2.1679699033216872e-10,0.0,1.9996314840047686e-10,0.0,1.861799462047481e-10,0.0,1.748664778297715e-10,0.0,1.6557670156069904e-10,0.0,1.5797479111234747e-10,0.0,1.5179638832851785e-10,0.0,1.4682905411095292e-10,0.0,1.429037378141221e-10,0.0,1.3987632187413557e-10,0.0,1.3762035567304806e-10,0.0,1.3600166971494688e-10,0.0,1.3488176629322364e-10,0.0,1.3407977565506764e-10,0.0,1.3332564786671439e-10,0.0,1.3214042377369084e-10,0.0,1.293151500781839e-10
1.2290903662615094e-10,0.0,9.612767217217697e-11,0.0,5.82319228629568e-9,0.0,3.9903789943436864e-8,1.5489873245896663e-8,0.0,1.2511804821968367e-7,0.0,1.921663712984003e-7,1.3962350903074753e-8,0.0,6.819399481023692e-7,0.0,0.0,0.0,0.0,0.0,0.0,0.0,0.0,0.0,0.0,0.0,4.795771445742916e-6,1.8389790479820628e-5,1.693573884491057e-5,9.10557905107294e-6,2.2736667681550147e-6,4.6923146696109205e-6,0.0,0.0,0.0,1.6153124837076292e-6,0.0,0.0,6.850599100341498e-7,3.2360753794122786e-7,0.0,9.746688090016707e-8,2.002168439442636e-8,2.191999076352564e-8,5.947148113875662e-9,0.0,1.303950340237562e-9,0.0,9.949020066690913e-10,0.0,7.643818522029555e-10,0.0,6.092064724781167e-10,0.0,4.999804645322917e-10,0.0,4.2022256664664417e-10,0.0,3.602906271927089e-10,0.0,3.1421033214578666e-10,0.0,2.781270492177904e-10,0.0,2.494469724758242e-10,0.0,2.263763111088821e-10,0.0,2.0765628974857287e-10,0.0,1.9235168332853991e-10,0.0,1.7979551978353215e-10,0.0,1.6947185029064783e-10,0.0,1.6099348113737812e-10,0.0,1.5405770321663683e-10,0.0,1.4842634315937603e-10,0.0,1.4390906222221805e-10,0.0,1.4034444687990867e-10,0.0,1.3760054288877895e-10,0.0,1.3553606765092514e-10,0.0,1.3402072694935174e-10,0.0,1.3288039157312781e-10,0.0,1.3189048643042974e-10,0.0,1.3068247829246468e-10,0.0,1.285029975729539e-10,0.0
0.0,1.1229088882092629e-10,0.0,0.0,0.0,5.013480319305403e-9,0.0,0.0,2.8307124224620333e-8,0.0,1.5292384129311004e-7,0.0,0.0,4.3016413564579947e-7,0.0,6.385106632732056e-7,1.7086752084653179e-6,1.0865181219850928e-6,1.4072346099686927e-7,2.8996294109481012e-6,2.4968614824733347e-6,3.210115451655164e-6,7.664675733699791e-6,9.810831886012737e-6,1.612827694238907e-5,1.8289552914777274e-5,0.0,0.0,0.0,0.0,0.0,0.0,3.029051237210654e-6,2.1964049235938345e-6,6.962131106489053e-6,0.0,3.698523473124505e-7,2.8246136459709097e-7,0.0,0.0,2.081757723146377e-7,0.0,0.0,0.0,0.0,7.324437258781442e-9,0.0,1.157007655555294e-9,0.0,8.718560103078941e-10,0.0,6.826211399483889e-10,0.0,5.523101948417056e-10,0.0,4.5879016722823187e-10,0.0,3.8946196878686736e-10,0.0,3.3673601712118624e-10,0.0,2.9580236515745765e-10,0.0,2.6349550715050116e-10,0.0,2.376518176780678e-10,0.0,2.167574669922727e-10,0.0,1.9973129420820803e-10,0.0,1.8577306933713346e-10,0.0,1.742955970392146e-10,0.0,1.6484414528949998e-10,0.0,1.5708088339505545e-10,0.0,1.5073407828927744e-10,0.0,1.4558544092421744e-10,0.0,1.4146046481335745e-10,0.0,1.3820770136414167e-10,0.0,1.3569001430550292e-10,0.0,1.337655326568094e-10,0.0,1.3227732942754002e-10,0.0,1.3102497108197162e-10,0.0,1.2970809454668393e-10,0.0,1.2779982906346681e-10,0.0,1.2398553266993255e-10
1.175546843923403e-10,0.0,8.780332347345724e-11,1.3220600018036544e-11,6.251732636237181e-9,0.0,4.2650144334840675e-8,1.619648153774677e-8,0.0,1.3158273255648813e-7,0.0,2.0386379435859494e-7,1.4526882220561896e-8,0.0,7.039971100325571e-7,0.0,0.0,0.0,0.0,0.0,0.0,0.0,0.0,0.0,0.0,0.0,5.032972837968055e-6,1.9045981979589956e-5,1.752719584834413e-5,9.376033823503048e-6,2.363663427721785e-6,4.881443050768832e-6,0.0,0.0,0.0,1.633639191635738e-6,0.0,0.0,6.976164897731421e-7,3.3031540097316176e-7,0.0,9.889997124191191e-8,2.0463247530204878e-8,2.2872087008698025e-8,6.201301118493284e-9,0.0,1.3215414362402046e-9,0.0,1.0070884120418414e-9,0.0,7.731225095286565e-10,0.0,6.156864573374048e-10,0.0,5.048968465510597e-10,0.0,4.2401138158438755e-10,0.0,3.632400707435815e-10,0.0,3.165167358118752e-10,0.0,2.799277929458038e-10,0.0,2.5084243547267295e-10,0.0,2.2743690848339023e-10,0.0,2.0843219278609584e-10,0.0,1.9288014105889317e-10,0.0,1.8010257813935727e-10,0.0,1.6957306654685757e-10,0.0,1.6089889554246618e-10,0.0,1.5376940757372283e-10,0.0,1.4794142692790142e-10,0.0,1.4321675357448216e-10,0.0,1.394294857390288e-10,0.0,1.364344477896521e-10,0.0,1.3408403487218806e-10,0.0,1.3223243460237788e-10,0.0,1.3068912537252717e-10,0.0,1.2920427155220517e-10,0.0,1.2737241688672192e-10,0.0,1.2437064311528884e-10,0.0
0.0,1.0641427501379385e-10,0.0,0.0,0.0,5.3271116425923945e-9,0.0,0.0,3.069273558823482e-8,0.0,1.664997797106761e-7,0.0,0.0,4.596891338148149e-7,0.0,7.037167413747047e-7,1.8018539009308917e-6,1.1089361066530916e-6,1.3923985436513276e-7,2.9960892298997364e-6,2.5582092602681186e-6,3.353236149045571e-6,8.019180907701812e-6,1.0334025980906867e-5,1.681747558978145e-5,1.906062937795977e-5,0.0,0.0,0.0,0.0,0.0,0.0,3.1886790365466e-6,2.2483100637965776e-6,7.1076272896729886e-6,0.0,3.451602835757184e-7,2.9908565343701587e-7,0.0,0.0,2.14597902332835e-7,0.0,0.0,0.0,0.0,7.404686682560081e-9,0.0,1.176726442210811e-9,0.0,8.859413119058444e-10,0.0,6.931001880041647e-10,0.0,5.603453315378149e-10,0.0,4.6509231612483237e-10,0.0,3.944914298727306e-10,0.0,3.408023507784795e-10,0.0,2.991220588621519e-10,0.0,2.662219741750901e-10,0.0,2.3989663395481213e-10,0.0,2.1860365908331696e-10,0.0,2.012380336650216e-10,0.0,1.869847833242677e-10,0.0,1.7524470099991586e-10,0.0,1.6555155653019683e-10,0.0,1.5756132874245045e-10,0.0,1.5099205882690426e-10,0.0,1.4562063890104226e-10,0.0,1.4126334454481194e-10,0.0,1.377601537965595e-10,0.0,1.3496437378569554e-10,0.0,1.3272272745001868e-10,0.0,1.3086226620214392e-10,0.0,1.2916128443791923e-10,0.0,1.272886576195783e-10,0.0,1.2466576541328608e-10,0.0,1.198630271170755e-10
1.1315056878680175e-10,0.0,8.002323380901927e-11,3.013753461199309e-11,6.781895047952482e-9,0.0,4.60852191341685e-8,1.71086838169457e-8,0.0,1.3984406458493076e-7,0.0,2.1823027529826604e-7,1.4944915235985528e-8,0.0,7.372389176307301e-7,0.0,0.0,0.0,0.0,0.0,0.0,0.0,0.0,0.0,0.0,0.0,5.31984010912472e-6,1.9893234261863665e-5,1.8296439363579992e-5,9.738477655511023e-6,2.483012113270568e-6,5.124908042301904e-6,0.0,0.0,0.0,1.6656774161814434e-6,0.0,0.0,7.164486644777335e-7,3.4030662324892344e-7,0.0,1.0120319642500401e-7,2.105847604042597e-8,2.405456497988776e-8,6.517080163100835e-9,0.0,1.3509116834657925e-9,0.0,1.0281535772468497e-9,0.0,7.886464145456795e-10,0.0,6.275483747082353e-10,0.0,5.142110891019104e-10,0.0,4.314826474690822e-10,0.0,3.6933527260449666e-10,0.0,3.2155701664007356e-10,0.0,2.841400353261782e-10,0.0,2.5439166292193925e-10,0.0,2.3044494271481227e-10,0.0,2.1098743966609015e-10,0.0,1.9505085476628771e-10,0.0,1.819387929646865e-10,0.0,1.7111054311375052e-10,0.0,1.6216295089070686e-10,0.0,1.5477558373833133e-10,0.0,1.486973653246765e-10,0.0,1.4372228011767796e-10,0.0,1.396763019662073e-10,0.0,1.364006469984497e-10,0.0,1.3374135349464301e-10,0.0,1.3153455064220805e-10,0.0,1.295735815258286e-10,0.0,1.2757889554285661e-10,0.0,1.251071910391994e-10,0.0,1.2125783708798362e-10,0.0
0.0,1.0115775384427233e-10,0.0,0.0,0.0,5.717956315684698e-9,0.0,0.0,3.3617436220966864e-8,0.0,1.8322653226734512e-7,0.0,0.0,4.960244508981828e-7,0.0,7.757557597753609e-7,1.9217332213783945e-6,1.1488034512102239e-6,1.4224552843804976e-7,3.1231951800598847e-6,2.6409680351238417e-6,3.5308689162076957e-6,8.470840731988858e-6,1.0986191178495231e-5,1.7701448869581684e-5,2.0050460964434574e-5,0.0,0.0,0.0,0.0,0.0,0.0,3.387516134957944e-6,2.322265989105299e-6,7.317133663480312e-6,0.0,3.2124121059345985e-7,3.188199626057947e-7,0.0,0.0,2.2319436888424333e-7,0.0,0.0,0.0,0.0,7.54733054876644e-9,0.0,1.2070819974348713e-9,0.0,9.07969522754475e-10,0.0,7.097518873271894e-10,0.0,5.733406551338555e-10,0.0,4.754872015828296e-10,0.0,4.0297198367752686e-10,0.0,3.4783273389876314e-10,0.0,3.0502793281308225e-10,0.0,2.7123708363080425e-10,0.0,2.441915687940999e-10,0.0,2.2230657014902372e-10,0.0,2.0444313891636313e-10,0.0,1.8976625103007962e-10,0.0,1.776544746236175e-10,0.0,1.6763120260221422e-10,0.0,1.5933715147159467e-10,0.0,1.5248186506500172e-10,0.0,1.4683272356805222e-10,0.0,1.4219729221557482e-10,0.0,1.384039658634123e-10,0.0,1.3529692999298544e-10,0.0,1.3270764910766793e-10,0.0,1.304456943185587e-10,0.0,1.2826739574890117e-10,0.0,1.2580578450554267e-10,0.0,1.2242544873068523e-10,0.0,1.1656296104926683e-10
1.0933755471009832e-10,0.0,7.224090042782377e-11,4.9099050362586e-11,7.439442055696098e-9,0.0,5.038588159042394e-8,1.826560928445977e-8,0.0,1.5026451776051332e-7,0.0,2.359098750768449e-7,1.5194742351591434e-8,0.0,7.8201291051975e-7,0.0,0.0,0.0,0.0,0.0,0.0,0.0,0.0,0.0,0.0,0.0,5.666664841857078e-6,2.0962842736169836e-5,1.927232404563539e-5,1.0206477166043176e-5,2.6371257294696325e-6,5.432567690060824e-6,0.0,0.0,0.0,1.7124692501973144e-6,0.0,0.0,7.422204369880175e-7,3.5398819936207163e-7,0.0,1.0445568423308651e-7,2.1823873901196327e-8,2.5509855370200476e-8,6.905685824130665e-9,0.0,1.3929846648154127e-9,0.0,1.0587310730039191e-9,0.0,8.113973282930509e-10,0.0,6.45113453479583e-10,0.0,5.281605119722769e-10,0.0,4.428125017868351e-10,0.0,3.7870586327228053e-10,0.0,3.2942625810708594e-10,0.0,2.908318234426041e-10,0.0,2.60142191989797e-10,0.0,2.3542889535151797e-10,0.0,2.1533601195961084e-10,0.0,1.988641304304442e-10,0.0,1.852920540980352e-10,0.0,1.7405985002494352e-10,0.0,1.6475006993747766e-10,0.0,1.5702980627058107e-10,0.0,1.5063792595821496e-10,0.0,1.4535686165446928e-10,0.0,1.4100262767241523e-10,0.0,1.3740365193048912e-10,0.0,1.3439328349399392e-10,0.0,1.3179374289600064e-10,0.0,1.293733736742943e-10,0.0,1.2682358998079499e-10,0.0,1.2365706191989726e-10,0.0,1.188820259476718e-10,0.0
0.0,9.614683812776173e-11,0.0,0.0,0.0,6.204069687220076e-9,0.0,0.0,3.723757390549889e-8,0.0,2.0404087108205015e-7,0.0,0.0,5.41031128370747e-7,0.0,8.593891142409408e-7,2.072977361673352e-6,1.2060785113736388e-6,1.4826312744005613e-7,3.284982801848277e-6,2.7476998478212717e-6,3.750102043630574e-6,9.038269340488662e-6,1.1795539896054707e-5,1.881710912686358e-5,2.1300382126900183e-5,0.0,0.0,0.0,0.0,0.0,0.0,3.6336193687991364e-6,2.4211157321834134e-6,7.598152123179168e-6,0.0,2.9710189982768506e-7,3.423722184726148e-7,0.0,0.0,2.3429270513064235e-7,0.0,0.0,0.0,0.0,7.757141267937528e-9,0.0,1.2490759319601538e-9,0.0,9.386408125094167e-10,0.0,7.330883612566199e-10,0.0,5.916819231234841e-10,0.0,4.902714202254834e-10,0.0,4.1513634302212283e-10,0.0,3.580106229722057e-10,0.0,3.1366575474270353e-10,0.0,2.7865651321570647e-10,0.0,2.506276683448064e-10,0.0,2.2793691300728587e-10,0.0,2.094006564132278e-10,0.0,1.9415436861187908e-10,0.0,1.8154924906893522e-10,0.0,1.7109355629763014e-10,0.0,1.6240762649999408e-10,0.0,1.5519175972783518e-10,0.0,1.491979561764334e-10,0.0,1.442260829853312e-10,0.0,1.400892291688813e-10,0.0,1.3662019200172058e-10,0.0,1.3363336498156773e-10,0.0,1.3091922610407574e-10,0.0,1.2820675789657176e-10,0.0,1.2509071157067176e-10,0.0,1.2086924326233304e-10,0.0,1.138168648893382e-10
1.058269262804723e-10,0.0,6.395202741173861e-11,7.122189980886957e-11,8.260181824770297e-9,0.0,5.5800003440145425e-8,1.9720899312032332e-8,0.0,1.6335195800244893e-7,0.0,2.5775687732062786e-7,1.519603935978231e-8,0.0,8.398414382040988e-7,0.0,0.0,0.0,0.0,0.0,0.0,0.0,0.0,0.0,0.0,0.0,6.086424218453589e-6,2.2296900276857476e-5,2.0493901450720966e-5,1.0798708600452126e-5,2.8336466768729816e-6,5.817918914257009e-6,0.0,0.0,0.0,1.775590039117554e-6,0.0,0.0,7.758893496564112e-7,3.7195012315970686e-7,0.0,1.0877467403221419e-7,2.278104962726521e-8,2.7293683488650542e-8,7.381924862396748e-9,0.0,1.4492488181460598e-9,0.0,1.0998720697471664e-9,0.0,8.421395587876468e-10,0.0,6.68957081175793e-10,0.0,5.471904707653359e-10,0.0,4.583528364714672e-10,0.0,3.916352827868777e-10,0.0,3.4035447285954774e-10,0.0,3.001914753387601e-10,0.0,2.682488267747793e-10,0.0,2.4251749302355715e-10,0.0,2.2158405315892816e-10,0.0,2.0440603891950376e-10,0.0,1.9023167454126912e-10,0.0,1.7847535972725927e-10,0.0,1.6870098864217588e-10,0.0,1.6056001924530383e-10,0.0,1.5377692181486186e-10,0.0,1.4812068202356422e-10,0.0,1.4339378238137357e-10,0.0,1.3941227723084267e-10,0.0,1.3599193728810327e-10,0.0,1.3293907810704806e-10,0.0,1.2999246047011138e-10,0.0,1.2681332172766354e-10,0.0,1.2285856325357747e-10,0.0,1.1703057163849237e-10,0.0
0.0,9.102389319174537e-11,0.0,0.0,0.0,6.810417123594235e-9,0.0,0.0,4.177103545074267e-8,0.0,2.30256181749693e-7,0.0,0.0,5.972291683540802e-7,0.0,9.596975382386683e-7,2.2628019267752314e-6,1.2824888652486975e-6,1.5645294103786772e-7,3.4869981784662482e-6,2.8814878497653977e-6,4.019732979791316e-6,9.747142382434907e-6,1.2800164811859438e-5,2.0215238733722334e-5,2.286701670620581e-5,0.0,0.0,0.0,0.0,0.0,0.0,3.937843596137797e-6,2.5488955024084772e-6,7.961264368878347e-6,0.0,2.715704109358052e-7,3.7064430920372413e-7,0.0,0.0,2.483453005279725e-7,0.0,0.0,0.0,0.0,8.041475732372501e-9,0.0,1.3042354336493742e-9,0.0,9.790465067818863e-10,0.0,7.639233469356952e-10,0.0,6.159950808375114e-10,0.0,5.099394100752628e-10,0.0,4.3138194695973614e-10,0.0,3.716615634287001e-10,0.0,3.2530612604909745e-10,0.0,2.8870583920065366e-10,0.0,2.5939586531815304e-10,0.0,2.3565576301141924e-10,0.0,2.1624613293497186e-10,0.0,2.0026247270869825e-10,0.0,1.8702327431868726e-10,0.0,1.7601416134049865e-10,0.0,1.6683313695392555e-10,0.0,1.5916521807005092e-10,0.0,1.527455529639482e-10,0.0,1.4736253254772626e-10,0.0,1.4281218103442962e-10,0.0,1.3891178704417834e-10,0.0,1.354593956776843e-10,0.0,1.3221787992927528e-10,0.0,1.2888677440866604e-10,0.0,1.2501626035434263e-10,0.0,1.1982423540213978e-10,0.0,1.1139003280396209e-10
1.023346344580789e-10,0.0,5.45955052513869e-11,9.791492302253097e-11,9.294562981040315e-9,0.0,6.268115783765651e-8,2.1548167149235263e-8,0.0,1.7981776112233123e-7,0.0,2.8493427672206234e-7,1.478632879564402e-8,0.0,9.133539908057185e-7,0.0,0.0,0.0,0.0,0.0,0.0,0.0,0.0,0.0,0.0,0.0,6.595791605857138e-6,2.3952004842856446e-5,2.201397798615721e-5,1.1540682105540954e-5,3.0833468961683745e-6,6.29950065176943e-6,0.0,0.0,0.0,1.8572572226866797e-6,0.0,0.0,8.187872490346546e-7,3.950249340683202e-7,0.0,1.1432497074490294e-7,2.395774648140811e-8,2.947991905029305e-8,7.965476852144935e-9,0.0,1.5218532042812588e-9,0.0,1.153109510310807e-9,0.0,8.819975782392576e-10,0.0,6.999347246045007e-10,0.0,5.719706515187017e-10,0.0,4.786391910033619e-10,0.0,4.085598426180001e-10,0.0,3.547027450449044e-10,0.0,3.1252146558045056e-10,0.0,2.789662205584208e-10,0.0,2.5192820060464253e-10,0.0,2.2991530174020122e-10,0.0,2.1183446993200406e-10,0.0,1.968908982394324e-10,0.0,1.8446894513024503e-10,0.0,1.7410810302584402e-10,0.0,1.6543983248074047e-10,0.0,1.5817000032728596e-10,0.0,1.52052077289494e-10,0.0,1.4687110084163347e-10,0.0,1.4242927123399134e-10,0.0,1.3852067968795483e-10,0.0,1.3492999046610997e-10,0.0,1.3136464510341343e-10,0.0,1.274486601897124e-10,0.0,1.2257175712191218e-10,0.0,1.155090899963851e-10,0.0
0.0,8.53864228051414e-11,0.0,0.0,0.0,7.571840730857078e-9,0.0,0.0,4.752992077272843e-8,0.0,2.637639070793224e-7,0.0,0.0,6.681464139381345e-7,0.0,1.0829727224719252e-6,2.50166758771297e-6,1.381348675445767e-6,1.6613105085696313e-7,3.7365594009867875e-6,3.0459862861028465e-6,4.351065080487042e-6,1.0632853744407483e-5,1.4052279650802192e-5,2.1965987965078803e-5,2.4828437130788916e-5,0.0,0.0,0.0,0.0,0.0,0.0,4.314934946851745e-6,2.7112131184704217e-6,8.421046566797149e-6,0.0,2.43170072178161e-7,4.048098908891109e-7,0.0,0.0,2.6597209733132184e-7,0.0,0.0,0.0,0.0,8.410835677113028e-9,0.0,1.374721271866792e-9,0.0,1.0307388887762902e-9,0.0,8.034200291926787e-10,0.0,6.471812788488504e-10,0.0,5.352064297505388e-10,0.0,4.5228618183040805e-10,0.0,3.892608091382935e-10,0.0,3.4034322790200015e-10,0.0,3.0171592255933377e-10,0.0,2.7077632114187736e-10,0.0,2.4570150711127405e-10,0.0,2.25183950740282e-10,0.0,2.0826532110967968e-10,0.0,1.9422550546904782e-10,0.0,1.8251799341895137e-10,0.0,1.727164722367669e-10,0.0,1.6448441703190153e-10,0.0,1.5753929931972e-10,0.0,1.516508270600972e-10,0.0,1.465975948786169e-10,0.0,1.4217643188084787e-10,0.0,1.3816478531920515e-10,0.0,1.3429366431624325e-10,0.0,1.302278941820714e-10,0.0,1.2546232420551987e-10,0.0,1.1911837748080844e-10,0.0,1.0903592999951703e-10
9.852244037267255e-11,0.0,4.345494180255094e-11,1.31088899896388e-10,1.0615100536669719e-8,0.0,7.154553996795519e-8,2.384897502303229e-8,0.0,2.006686444602866e-7,0.0,3.1906078948892886e-7,1.3667622734656126e-8,0.0,1.0065067767630598e-6,0.0,0.0,0.0,0.0,0.0,0.0,0.0,0.0,0.0,0.0,0.0,7.216471796284988e-6,2.600469674315556e-5,2.3904374996479903e-5,1.2467330704816607e-5,3.4015517086924595e-6,6.903050234836447e-6,0.0,0.0,0.0,1.9604889397513503e-6,0.0,0.0,8.727421387511068e-7,4.243799036173687e-7,0.0,1.2133320711059701e-7,2.538914338301434e-8,3.216762523674799e-8,8.682781392964487e-9,0.0,1.6138000797890577e-9,0.0,1.2205899711031747e-9,0.0,9.325486877043155e-10,0.0,7.392501742344016e-10,0.0,6.034463905452495e-10,0.0,5.044308605343592e-10,0.0,4.3010090202373684e-10,0.0,3.729856697231443e-10,0.0,3.282536610800025e-10,0.0,2.9266091838295663e-10,0.0,2.6397242403851386e-10,0.0,2.405970510404166e-10,0.0,2.213785719809569e-10,0.0,2.0546700668505615e-10,0.0,1.922100247922498e-10,0.0,1.8111505299886477e-10,0.0,1.7178848296384165e-10,0.0,1.639135078980447e-10,0.0,1.572239824308014e-10,0.0,1.5148542403253806e-10,0.0,1.4647992570961198e-10,0.0,1.4197793223929764e-10,0.0,1.3773626965653785e-10,0.0,1.3342614786979308e-10,0.0,1.2862338203017445e-10,0.0,1.2263952377882492e-10,0.0,1.1409175939810015e-10,0.0
0.0,7.872783717309713e-11,0.0,0.0,0.0,8.53775927685714e-9,0.0,0.0,5.4974949492099396e-8,0.0,3.0736868100615746e-7,0.0,0.0,7.588700153506991e-7,0.0,1.2377270280272415e-6,2.8046465027669605e-6,1.5077909284283171e-6,1.7637796768603782e-7,4.0430910548796465e-6,3.2452787164631377e-6,4.7588232151323244e-6,1.1744646618970788e-5,1.5624706976952835e-5,2.4167434853902508e-5,2.7293685656667766e-5,0.0,0.0,0.0,0.0,0.0,0.0,4.785178283098908e-6,2.9158217562077135e-6,8.997440954119785e-6,0.0,2.0993619272378726e-7,4.4642571085067483e-7,0.0,0.0,2.880250456261086e-7,0.0,0.0,0.0,0.0,8.879747717781099e-9,0.0,1.4635214079089348e-9,0.0,1.0958661583202866e-9,0.0,8.531905838569509e-10,0.0,6.864902898005149e-10,0.0,5.670664337601578e-10,0.0,4.786561511086439e-10,0.0,4.114735111318546e-10,0.0,3.5933253727210396e-10,0.0,3.1815771862325066e-10,0.0,2.8516933328320147e-10,0.0,2.5841901677660025e-10,0.0,2.3651048042735993e-10,0.0,2.1841924764363918e-10,0.0,2.033771727680267e-10,0.0,1.9079598682358868e-10,0.0,1.8022044161736252e-10,0.0,1.7128523418230568e-10,0.0,1.6368725085300073e-10,0.0,1.571719149551232e-10,0.0,1.514985134459454e-10,0.0,1.46437313585171e-10,0.0,1.4174018757801347e-10,0.0,1.3710217719168544e-10,0.0,1.3214328671903713e-10,0.0,1.2629069600835625e-10,0.0,1.1854854797032147e-10,0.0,1.0645626274887084e-10
9.395864347394589e-11,0.0,2.955568814914239e-11,1.734834033493074e-10,1.2328686821701762e-8,0.0,8.316870220891459e-8,2.676449848397814e-8,0.0,2.2735406018449335e-7,0.0,3.6244095753159336e-7,1.1299082396702753e-8,0.0,1.1250728171954804e-6,0.0,0.0,0.0,0.0,0.0,0.0,0.0,0.0,0.0,0.0,0.0,7.976985982653253e-6,2.855954268071338e-5,2.626384093866515e-5,1.3626956821460003e-5,3.810441577394515e-6,7.664896161880758e-6,0.0,0.0,0.0,2.0893276779482445e-6,0.0,0.0,9.402620201357362e-7,4.616612294247328e-7,0.0,1.301091478006874e-7,2.7119355241947745e-8,3.549151667459854e-8,9.56985501611228e-9,0.0,1.7292221287878995e-9,0.0,1.3052639435327112e-9,0.0,9.959590427571774e-10,0.0,7.88556091527691e-10,0.0,6.429155945989265e-10,0.0,5.367706095356709e-10,0.0,4.5711145119753495e-10,0.0,3.9591255879907386e-10,0.0,3.4798193447899575e-10,0.0,3.0983875944261623e-10,0.0,2.790816318742548e-10,0.0,2.5400087211101916e-10,0.0,2.3335801011062366e-10,0.0,2.1623548062607579e-10,0.0,2.0193492336340048e-10,0.0,1.8992361844050178e-10,0.0,1.7977579024608394e-10,0.0,1.711465679374996e-10,0.0,1.6374617984038498e-10,0.0,1.5731511980102143e-10,0.0,1.5161006286881254e-10,0.0,1.463740775254664e-10,0.0,1.4132907943426205e-10,0.0,1.3610328137329214e-10,0.0,1.3021161326021332e-10,0.0,1.2287022934688585e-10,0.0,1.1249834379022106e-10,0.0
0.0,7.034409401150515e-11,0.0,0.0,0.0,9.77967179271325e-9,0.0,0.0,6.481033178173897e-8,0.0,3.6537045719604425e-7,0.0,0.0,8.769682569986563e-7,0.0,1.4361595659071838e-6,3.1937735403851463e-6,1.6693607741704227e-6,1.8548989092381707e-7,4.4184106218069355e-6,3.4833073166324325e-6,5.262244691287556e-6,1.3152084303928127e-5,1.7621121321316057e-5,2.6959212452828026e-5,3.041792049755799e-5,0.0,0.0,0.0,0.0,0.0,0.0,5.3769302572333145e-6,3.1734956556056106e-6,9.717830509390333e-6,0.0,1.69136931021169e-7,4.975958361521829e-7,0.0,0.0,3.156869899849114e-7,0.0,0.0,0.0,0.0,9.468090581646283e-9,0.0,1.5747483498133875e-9,0.0,1.177375555078391e-9,0.0,9.154401926267809e-10,0.0,7.356275313437009e-10,0.0,6.06873487710765e-10,0.0,5.115901214038272e-10,0.0,4.3920388023703694e-10,0.0,3.830298847199397e-10,0.0,3.3866776128765875e-10,0.0,3.031158878256599e-10,0.0,2.7427002970582123e-10,0.0,2.5062202382575284e-10,0.0,2.3106485095986118e-10,0.0,2.1476872412995453e-10,0.0,2.0109613482754975e-10,0.0,1.8955239488027688e-10,0.0,1.7973946347671354e-10,0.0,1.713261537375499e-10,0.0,1.640285211677861e-10,0.0,1.5758141949755168e-10,0.0,1.5172203243884326e-10,0.0,1.4617082960259077e-10,0.0,1.4057899618938635e-10,0.0,1.3451066249298681e-10,0.0,1.273092690494155e-10,0.0,1.1783444067645088e-10,0.0,1.032404302017849e-10
8.802675632857415e-11,0.0,1.1483242493698365e-11,2.2918063932800272e-10,1.4597697223686473e-8,0.0,9.875718287883362e-8,3.049219481068588e-8,0.0,2.620087192896775e-7,0.0,4.1843866614048694e-7,6.679608157610843e-9,0.0,1.2775024588951695e-6,0.0,0.0,0.0,0.0,0.0,0.0,0.0,0.0,0.0,0.0,0.0,8.915009859907285e-6,3.1761348129007226e-5,2.923019100727818e-5,1.5087377322443198e-5,4.342883472693762e-6,8.637457833293133e-6,0.0,0.0,0.0,2.249147019226498e-6,0.0,0.0,1.0248158283997034e-6,5.092244943655871e-7,0.0,1.41077784212068e-7,2.9203002827492494e-8,3.963792640202087e-8,1.0676651816275869e-8,0.0,1.8738466289813967e-9,0.0,1.4112087609892584e-9,0.0,1.0752169446792693e-9,0.0,8.501275530835295e-10,0.0,6.921633782618411e-10,0.0,5.770886549301413e-10,0.0,4.907580637057002e-10,0.0,4.2444726773751415e-10,0.0,3.7251401504757476e-10,0.0,3.3118113727647475e-10,0.0,2.978359742347725e-10,0.0,2.7062430163042346e-10,0.0,2.4819919662508184e-10,0.0,2.2956321047290509e-10,0.0,2.139562094827241e-10,0.0,2.0079681622292568e-10,0.0,1.8961912602866172e-10,0.0,1.8004398681832623e-10,0.0,1.7175089698368008e-10,0.0,1.644504892116261e-10,0.0,1.5786609595282296e-10,0.0,1.5170783831067874e-10,0.0,1.4565248333249603e-10,0.0,1.3927756700843862e-10,0.0,1.3202074666835568e-10,0.0,1.2297971083629831e-10,0.0,1.1032324936611701e-10,0.0
0.0,5.921197049115618e-11,0.0,0.0,0.0,1.1403424890175496e-8,0.0,0.0,7.815823803270224e-8,0.0,4.446258449865886e-7,0.0,0.0,1.0341104124263302e-6,0.0,1.6965744955922326e-6,3.7020904352315354e-6,1.8770713736934166e-6,1.8992566411411167e-7,4.8766367638035925e-6,3.7622542866517617e-6,5.8862327115758505e-6,1.495538491045571e-5,2.019274320821683e-5,3.0544878354130116e-5,3.4427341069105746e-5,0.0,0.0,0.0,0.0,0.0,0.0,6.130605097455546e-6,3.499386760199649e-6,1.0620236184939333e-5,0.0,1.168324230853098e-7,5.61220659197499e-7,0.0,0.0,3.506268526246685e-7,0.0,0.0,0.0,0.0,1.0203102671664609e-8,0.0,1.7141153555253614e-9,0.0,1.2793518498270888e-9,0.0,9.932188864332851e-10,0.0,7.96948573308573e-10,0.0,6.564923532994573e-10,0.0,5.525944893810913e-10,0.0,4.736895002362996e-10,0.0,4.124654994754496e-10,0.0,3.6411202655427244e-10,0.0,3.2535032169090513e-10,0.0,2.938790348992054e-10,0.0,2.6805311531784285e-10,0.0,2.466575654599956e-10,0.0,2.2878850875068803e-10,0.0,2.137453369854825e-10,0.0,2.0098415207669973e-10,0.0,1.9006634381368848e-10,0.0,1.8062463126369834e-10,0.0,1.723383733734374e-10,0.0,1.649110842530735e-10,0.0,1.580409441533353e-10,0.0,1.514051935997806e-10,0.0,1.4460437923616634e-10,0.0,1.3713034245474345e-10,0.0,1.2822429323313885e-10,0.0,1.1656093734067896e-10,0.0,9.879464627059881e-11
7.982481184942714e-11,0.0,0.0,3.0451241626247575e-10,1.767781385539433e-8,0.0,1.2026917860179127e-7,3.530773707221564e-8,0.0,3.0786391303925067e-7,0.0,4.921051723426406e-7,0.0,0.0,1.4763884130722186e-6,0.0,0.0,0.0,0.0,0.0,0.0,0.0,0.0,0.0,0.0,0.0,1.008021490919332e-5,3.5813915538253e-5,3.299935157425723e-5,1.6945747047701926e-5,5.049045827829439e-6,9.898493600566185e-6,0.0,0.0,0.0,2.4470573201732238e-6,0.0,0.0,1.1312722078805439e-6,5.705141916885999e-7,0.0,1.5482838354782645e-7,3.170626557278298e-8,4.486975199933632e-8,1.2073905788736584e-8,0.0,2.055681498918608e-9,0.0,1.5440923234988706e-9,0.0,1.1744577888661568e-9,0.0,9.271006203554963e-10,0.0,7.536380794819983e-10,0.0,6.273406293288292e-10,0.0,5.326320357933374e-10,0.0,4.599039825897017e-10,0.0,4.029490724472137e-10,0.0,3.576128366756387e-10,0.0,3.210193175853804e-10,0.0,2.911312637405954e-10,0.0,2.6646566121599217e-10,0.0,2.459259684825521e-10,0.0,2.2867313852481532e-10,0.0,2.1406665362266875e-10,0.0,2.0158749479692874e-10,0.0,1.9081599255260652e-10,0.0,1.8138849784063438e-10,0.0,1.7298210355995437e-10,0.0,1.6527467230769712e-10,0.0,1.5793742318163593e-10,0.0,1.5058940521905235e-10,0.0,1.4274557635378295e-10,0.0,1.337464922223676e-10,0.0,1.225409282531141e-10,0.0,1.0697097580416454e-10,0.0
0.0,4.379277937643922e-11,2.8424924774714255e-11,0.0,0.0,1.3569504489091469e-8,0.0,0.0,9.690062583742945e-8,0.0,5.565962692369062e-7,0.0,9.152673593995631e-9,1.2490720210010368e-6,0.0,2.0476972433293317e-6,4.3808474395271724e-6,2.1471790329288586e-6,1.8199815736164842e-7,5.432763698555285e-6,4.0782768909937e-6,6.661960431509931e-6,1.730232095414353e-5,2.356650445486336e-5,3.523004048642747e-5,3.966190844141824e-5,0.0,0.0,0.0,0.0,0.0,0.0,7.105110020207685e-6,3.9151663870263744e-6,1.1758376640274348e-5,0.0,4.715692676849702e-8,6.413855137723614e-7,0.0,0.0,3.9525045344591705e-7,0.0,0.0,0.0,0.0,1.1122445318772394e-8,0.0,1.88965407924898e-9,0.0,1.4075086193763611e-9,0.0,1.0907757510225658e-9,0.0,8.737202570437835e-10,0.0,7.184969052027347e-10,0.0,6.037371917219648e-10,0.0,5.16616826367819e-10,0.0,4.4903217117113136e-10,0.0,3.9565337461499805e-10,0.0,3.5285081695732997e-10,0.0,3.180751349137617e-10,0.0,2.895058947526702e-10,0.0,2.65792743145421e-10,0.0,2.459371223589857e-10,0.0,2.291587003488971e-10,0.0,2.1485340475912995e-10,0.0,2.0252894221139962e-10,0.0,1.917735714493385e-10,0.0,1.822207716217772e-10,0.0,1.735325507932345e-10,0.0,1.6536144296212288e-10,0.0,1.573253800356972e-10,0.0,1.489641217177905e-10,0.0,1.396779137115609e-10,0.0,1.2857890677726684e-10,0.0,1.1410298360551436e-10,0.0,9.223634598173533e-11
6.797327095076078e-11,0.0,0.0,4.0971744080693653e-10,2.198935251094391e-8,0.0,1.510524444906642e-7,4.15857740335015e-8,0.0,3.699685017521193e-7,0.0,5.912748163280675e-7,0.0,0.0,1.7409998250861884e-6,0.0,0.0,0.0,0.0,0.0,0.0,0.0,0.0,0.0,0.0,0.0,1.1536942931253265e-5,4.100926588884431e-5,3.785593626233516e-5,1.9344741496935003e-5,6.008319588011098e-6,1.1567349602153619e-5,0.0,0.0,0.0,2.6924005813550666e-6,0.0,0.0,1.2666048411048607e-6,6.5071269247689e-7,0.0,1.7219124962622164e-7,3.4706044786030906e-8,5.156672799418405e-8,1.38643356117912e-8,0.0,2.2861613490151798e-9,0.0,1.711956399126982e-9,0.0,1.2995197614718013e-9,0.0,1.0238839126574737e-9,0.0,8.307621049809603e-10,0.0,6.902440683308891e-10,0.0,5.849278914186714e-10,0.0,5.040802691947625e-10,0.0,4.4077438402377774e-10,0.0,3.90375709823608e-10,0.0,3.496755459825307e-10,0.0,3.1640280794009453e-10,0.0,2.889022620564119e-10,0.0,2.6594838092169894e-10,0.0,2.466047293647744e-10,0.0,2.3015362053263602e-10,0.0,2.1600905162899588e-10,0.0,2.0370122435602046e-10,0.0,1.9281122155198616e-10,0.0,1.8297280487827861e-10,0.0,1.7380797258989947e-10,0.0,1.6493566754550647e-10,0.0,1.5590407813886182e-10,0.0,1.461461600576954e-10,0.0,1.3488260338732211e-10,0.0,1.208690475604582e-10,0.0,1.0151646092741718e-10,0.0
0.0,2.1693759176132263e-11,6.915219170691711e-11,0.0,0.0,1.652647668213313e-8,0.0,0.0,1.244039587707908e-7,0.0,7.215814253704865e-7,0.0,3.2660006137070264e-8,1.553678399130437e-6,0.0,2.53693058570331e-6,5.31301058839309e-6,2.5041755804398033e-6,1.4440035955661505e-7,6.097089703514296e-6,4.410274964252343e-6,7.624681321880912e-6,2.0416491116379995e-5,2.8094406251941473e-5,4.1490300525552486e-5,4.665223910234885e-5,0.0,0.0,0.0,0.0,0.0,0.0,8.388524507045906e-6,4.452470652906145e-6,1.3209950916760144e-5,0.0,0.0,7.43986764182752e-7,0.0,0.0,4.531205964947105e-7,0.0,0.0,0.0,0.0,1.2279042368011465e-8,0.0,2.1129140085876865e-9,0.0,1.5700084461423534e-9,0.0,1.2141436022500241e-9,0.0,9.705529959696397e-10,0.0,7.965024211578458e-10,0.0,6.679089120599675e-10,0.0,5.703335802776342e-10,0.0,4.946591546850163e-10,0.0,4.348907052213226e-10,0.0,3.8694883872942426e-10,0.0,3.479691773063121e-10,0.0,3.159059727819019e-10,0.0,2.8924032180049907e-10,0.0,2.668476423633992e-10,0.0,2.478481849421677e-10,0.0,2.3155985739986564e-10,0.0,2.174218451556076e-10,0.0,2.0496480434561983e-10,0.0,1.9376497048563536e-10,0.0,1.834296766910562e-10,0.0,1.7355120685200696e-10,0.0,1.6367527256354668e-10,0.0,1.5326181789726903e-10,0.0,1.4159598756197968e-10,0.0,1.2762490365029327e-10,0.0,1.0947193833845543e-10,0.0,8.220352052329753e-11
5.03488757908066e-11,0.0,0.0,5.622275889842487e-10,2.8260346777223176e-8,0.0,1.972149456752625e-7,4.9780971547333e-8,0.0,4.5649182456200915e-7,0.0,7.285520532812919e-7,0.0,0.0,2.101802992722186e-6,0.0,0.0,0.0,0.0,0.0,0.0,0.0,0.0,0.0,0.0,0.0,1.3363879242362271e-5,4.7773400375946824e-5,4.422339086982974e-5,2.2500088449612863e-5,7.351902659474411e-6,1.3835058626999514e-5,0.0,0.0,0.0,2.9972247278211644e-6,1.1093447322438866e-7,0.0,1.4410674106210308e-6,7.57901622463994e-7,0.0,1.943612306647424e-7,3.8283443895425625e-8,6.029260441034407e-8,1.6201579683481576e-8,0.0,2.582009325708887e-9,0.0,1.926462922136052e-9,0.0,1.4588174913954255e-9,0.0,1.146790038696402e-9,0.0,9.28409127158407e-10,0.0,7.696465897617106e-10,0.0,6.507341368656213e-10,0.0,5.594883842304291e-10,0.0,4.880541096424904e-10,0.0,4.3117548379524587e-10,0.0,3.8522028686163725e-10,0.0,3.4761136751233295e-10,0.0,3.164744685354992e-10,0.0,2.904192115460447e-10,0.0,2.683838652262072e-10,0.0,2.4954920658376566e-10,0.0,2.3324660396173424e-10,0.0,2.1893579936968501e-10,0.0,2.0613297281243948e-10,0.0,1.9440791251268408e-10,0.0,1.8331879695329722e-10,0.0,1.7241146056216905e-10,0.0,1.6114702022264338e-10,0.0,1.488517003181433e-10,0.0,1.3459493438455414e-10,0.0,1.1688029927410526e-10,0.0,9.253301548606264e-11,0.0
0.0,0.0,1.290180932908558e-10,0.0,0.0,2.066184821892794e-8,0.0,0.0,1.6721852222088245e-7,0.0,9.782463656293977e-7,0.0,8.003865353613618e-8,2.0055118331266244e-6,0.0,3.247410019267418e-6,6.640364720170039e-6,2.9859374861860973e-6,3.622117216125152e-8,6.85687562904319e-6,4.689157615990537e-6,8.800939916484117e-6,2.464526808840722e-5,3.4343585673743545e-5,5.0098841539137644e-5,5.626646869761532e-5,0.0,0.0,0.0,0.0,0.0,0.0,1.0116311783555482e-5,5.15850900498917e-6,1.50907759080174e-5,0.0,0.0,8.777789794691465e-7,0.0,0.0,5.296913660796212e-7,0.0,0.0,0.0,0.0,1.3748901223426024e-8,0.0,2.400966226404934e-9,0.0,1.7788307806266072e-9,0.0,1.3721180738422452e-9,0.0,1.0941222899546465e-9,0.0,8.957019917197641e-10,0.0,7.492255127729275e-10,0.0,6.381507258797648e-10,0.0,5.520386962718123e-10,0.0,4.840319554427069e-10,0.0,4.2946417668152105e-10,0.0,3.850626417306602e-10,0.0,3.484872689460406e-10,0.0,3.1800402455206544e-10,0.0,2.923218086092749e-10,0.0,2.7043443359686673e-10,0.0,2.5155692633949126e-10,0.0,2.3504071604146803e-10,0.0,2.2033974988178163e-10,0.0,2.0695796865977114e-10,0.0,1.9442909753343563e-10,0.0,1.8226792517939823e-10,0.0,1.6993166868060905e-10,0.0,1.5677316919278112e-10,0.0,1.4193352647168214e-10,0.0,1.2414734324377003e-10,0.0,1.0111693029887099e-10,0.0,6.6595491802178e-11
2.366304462930735e-11,3.294021170912286e-11,0.0,7.936215309523737e-10,3.783585479716356e-8,0.0,2.708708988534283e-7,6.017899357509205e-8,0.0,5.811092466759499e-7,0.0,9.250505056801474e-7,0.0,0.0,2.608820962306495e-6,0.0,0.0,0.0,7.201733635198349e-8,0.0,0.0,0.0,0.0,0.0,0.0,0.0,1.564044512208608e-5,5.673647149200991e-5,5.274719175905056e-5,2.6748838545503165e-5,9.308112218450313e-6,1.7023781749585953e-5,0.0,0.0,0.0,3.3762774117946178e-6,2.7564783610004777e-7,0.0,1.6702374508675288e-6,9.052579181156534e-7,0.0,2.2310354705857988e-7,4.2501942191623675e-8,7.191191007338357e-8,1.9323824368059577e-8,0.0,2.9685294706538468e-9,0.0,2.2050763391824604e-9,0.0,1.6648541992736467e-9,0.0,1.3051267306437437e-9,0.0,1.0537103416252692e-9,0.0,8.711286783525535e-10,0.0,7.344904934627941e-10,0.0,6.297033390917361e-10,0.0,5.47691872234443e-10,0.0,4.823847631611755e-10,0.0,4.295929033601431e-10,0.0,3.8633938083598917e-10,0.0,3.504622012096004e-10,0.0,3.2035655645468176e-10,0.0,2.9479490675221597e-10,0.0,2.728258682443974e-10,0.0,2.536738793912363e-10,0.0,2.3670391676791636e-10,0.0,2.2134895507341935e-10,0.0,2.0709309722088954e-10,0.0,1.9341393786590985e-10,0.0,1.7976008796286027e-10,0.0,1.654844483108247e-10,0.0,1.497759480245664e-10,0.0,1.3151228768553889e-10,0.0,1.0886639432439172e-10,0.0,7.78334812649717e-11,0.0
0.0,0.0,2.2050391455391562e-10,0.0,0.0,2.6548757232724033e-8,0.0,0.0,2.3963471775041105e-7,0.0,1.4075231907499652e-6,0.0,1.817942089154993e-7,2.7178538674954045e-6,0.0,4.336739720779157e-6,8.62287636323549e-6,3.65285972200564e-6,0.0,7.616834412876706e-6,4.707721719638363e-6,1.0157089666771916e-5,3.053953669555098e-5,4.3267087093029976e-5,6.238095361213301e-5,7.001183252134298e-5,0.0,0.0,0.0,0.0,0.0,0.0,1.25030737170104e-5,6.105068039457325e-6,1.7580181749073227e-5,0.0,0.0,1.0562103760087474e-6,0.0,0.0,6.336596723698282e-7,0.0,0.0,0.0,0.0,1.5644409401259974e-8,0.0,2.779986018409432e-9,0.0,2.052175665010446e-9,0.0,1.5779482551373046e-9,0.0,1.2543988146096474e-9,0.0,1.023784399317284e-9,0.0,8.537281086296902e-10,0.0,7.248796399694953e-10,0.0,6.250406194539121e-10,0.0,5.462080273289233e-10,0.0,4.829341872313042e-10,0.0,4.314090556786082e-10,0.0,3.888974520444011e-10,0.0,3.533846545292208e-10,0.0,3.233584846856763e-10,0.0,2.976440814483894e-10,0.0,2.753204376038099e-10,0.0,2.556229725420023e-10,0.0,2.379041387362557e-10,0.0,2.2157445391281228e-10,0.0,2.0606979103977853e-10,0.0,1.9080591605654535e-10,0.0,1.7512696533815779e-10,0.0,1.582485966539985e-10,0.0,1.3913348374841292e-10,0.0,1.1624154289493517e-10,0.0,8.66955228153929e-11,0.0,4.226613286809761e-11
0.0,9.403736991007995e-11,0.0,1.1659455998062895e-9,5.341163328666833e-8,0.0,3.9886734960121323e-7,7.142774508528405e-8,0.0,7.67085666919712e-7,0.0,1.2175930163184931e-6,0.0,0.0,3.3476848764730255e-6,0.0,0.0,0.0,5.276827724509225e-7,0.0,0.0,0.0,0.0,0.0,0.0,0.0,1.8383165692412403e-5,6.882919818757703e-5,6.44298894124001e-5,3.263523666353897e-5,1.2299335943883647e-5,2.1713781267512944e-5,0.0,0.0,0.0,3.8448606518058315e-6,5.204187659891953e-7,0.0,1.978762300468813e-6,1.115494184727581e-6,0.0,2.611112875302579e-7,4.7344114431702075e-8,8.780254592789925e-8,2.361676550936146e-8,0.0,3.4856780069665756e-9,0.0,2.5750375831757807e-9,0.0,1.9369421143805577e-9,0.0,1.5131367343580727e-9,0.0,1.2174681756012968e-9,0.0,1.0030562741653037e-9,0.0,8.427769010080311e-10,0.0,7.199584138641371e-10,0.0,6.238801798357516e-10,0.0,5.473718659471105e-10,0.0,4.85494343577253e-10,0.0,4.347369510958755e-10,0.0,3.9255176288721663e-10,0.0,3.5704434451777625e-10,0.0,3.2676667889308675e-10,0.0,3.0059015510425227e-10,0.0,2.7759654853687367e-10,0.0,2.5702531579949173e-10,0.0,2.3819754206982904e-10,0.0,2.2048880183589416e-10,0.0,2.0326702666021055e-10,0.0,1.8585898499852428e-10,0.0,1.6748148666161436e-10,0.0,1.4715443258764328e-10,0.0,1.2351707691779165e-10,0.0,9.430780486497856e-11,0.0,5.428487476078631e-11,0.0
4.465272068765458e-11,0.0,3.6713508960554976e-10,0.0,0.0,3.475029081342583e-8,0.0,0.0,3.784241458147683e-7,0.0,2.2019182222421683e-6,0.0,4.2190061540013857e-7,3.939448193958524e-6,0.0,6.136331216104523e-6,1.1784834741980974e-5,4.605011423038396e-6,0.0,7.994793000229247e-6,3.828020361849307e-6,1.1399008282802098e-5,3.8967064302857453e-5,5.653392856916966e-5,8.075658943792243e-5,9.071125117911468e-5,0.0,0.0,0.0,0.0,0.0,0.0,1.5898107482777184e-5,7.4014734678986255e-6,2.0969551976668195e-5,0.0,0.0,1.3008525063622584e-6,0.0,0.0,7.796143994114033e-7,0.0,0.0,0.0,0.0,1.813813446678021e-8,0.0,3.2920776738637472e-9,0.0,2.4189913548258724e-9,0.0,1.852492273225542e-9,0.0,1.4669173566052296e-9,0.0,1.1925995786549876e-9,0.0,9.906161543832628e-10,0.0,8.377522826031117e-10,0.0,7.193991106059159e-10,0.0,6.259817845608723e-10,0.0,5.5098962765468e-10,0.0,4.898758990238422e-10,0.0,4.3937159160262196e-10,0.0,3.970758488160142e-10,0.0,3.6118031213061566e-10,0.0,3.302794331805359e-10,0.0,3.032704485150806e-10,0.0,2.7923166311394357e-10,0.0,2.573814717660161e-10,0.0,2.37004405267971e-10,0.0,2.1741217731963136e-10,0.0,1.9789240876351076e-10,0.0,1.776516269668717e-10,0.0,1.557405377607471e-10,0.0,1.3091209601051156e-10,0.0,1.0128291857568369e-10,0.0,6.314867102286127e-11,0.0,5.040547361445657e-12
0.0,1.8916847397245154e-10,0.0,1.8156905719914076e-9,8.09905614678877e-8,0.0,6.506577213366117e-7,7.166136229684092e-8,0.0,1.0505645106243266e-6,0.0,1.6720723630362264e-6,0.0,0.0,4.472584387255386e-6,0.0,0.0,0.0,1.76471198076857e-6,0.0,0.0,0.0,0.0,0.0,0.0,0.0,2.12949758554209e-5,8.535107105508655e-5,8.081791811762227e-5,4.1055502690143796e-5,1.7163659395322773e-5,2.904218306432912e-5,0.0,0.0,0.0,4.408600602392457e-6,8.940506736197056e-7,0.0,2.4076708439621698e-6,1.430614324106332e-6,0.0,3.1265889575778364e-7,5.253276832173059e-8,1.1026501721739431e-7,2.9739845426124403e-8,0.0,4.200260539042027e-9,0.0,3.081223949646245e-9,0.0,2.3065425065388335e-9,0.0,1.7937721916255062e-9,0.0,1.4369030064645406e-9,0.0,1.1786154438697682e-9,0.0,9.858378889575705e-10,0.0,8.382945523122826e-10,0.0,7.229640697322109e-10,0.0,6.311487417066942e-10,0.0,5.56866952183821e-10,0.0,4.958673422114298e-10,0.0,4.4507097446272463e-10,0.0,4.0218072415720845e-10,0.0,3.6544752329836783e-10,0.0,3.3349946173960587e-10,0.0,3.052246375034873e-10,0.0,2.796934944204743e-10,0.0,2.560790179892414e-10,0.0,2.336180355555495e-10,0.0,2.1153893194174322e-10,0.0,1.8902631516073271e-10,0.0,1.6514073476201277e-10,0.0,1.3871877694639776e-10,0.0,1.0812913523311485e-10,0.0,7.053960685123386e-11,0.0,1.8709147320966626e-11,1.9491834978707658e-11
1.1782605482263397e-10,0.0,6.187495819879457e-10,0.0,0.0,4.330488097059517e-8,0.0,0.0,7.062960224348975e-7,0.0,3.912405975544436e-6,0.0,1.0720791480706161e-6,6.301324521933258e-6,0.0,9.447534586939673e-6,1.733606385564112e-5,6.0198868271354375e-6,0.0,6.536425328669687e-6,0.0,1.1131163602303045e-5,5.112490116976071e-5,7.711983151976017e-5,0.00010996532660653187,0.0001241889461347058,0.0,0.0,0.0,0.0,0.0,0.0,2.087654214281609e-5,9.202940400613693e-6,2.576218332222043e-5,0.0,0.0,1.6484702804485996e-6,0.0,0.0,9.936520465131823e-7,0.0,0.0,0.0,0.0,2.1508951465233894e-8,0.0,4.0096618696781195e-9,0.0,2.9284506048169597e-9,0.0,2.230781203895523e-9,0.0,1.757486272617459e-9,0.0,1.421624987337812e-9,0.0,1.1748467544496836e-9,0.0,9.884006728987962e-10,0.0,8.442297163901991e-10,0.0,7.305234601899524e-10,0.0,6.392617893605235e-10,0.0,5.648531950976782e-10,0.0,5.032790327895443e-10,0.0,4.5159287195145617e-10,0.0,4.0757280385661513e-10,0.0,3.694954838207032e-10,0.0,3.360048271616734e-10,0.0,3.0596675010263753e-10,0.0,2.7842327076921246e-10,0.0,2.524950337687293e-10,0.0,2.2734618661535145e-10,0.0,2.0211887078042113e-10,0.0,1.7587832576940882e-10,0.0,1.4751987485192923e-10,0.0,1.156053412239462e-10,0.0,7.786599049968156e-11,0.0,2.932640872053971e-11,3.1602986963474857e-12,0.0
0.0,3.389965000551599e-10,0.0,3.0996491058733755e-9,1.3593331053936148e-7,0.0,1.2522040671629042e-6,0.0,0.0,1.4339822786276504e-6,0.0,2.400397073119432e-6,0.0,0.0,6.309318931652791e-6,0.0,0.0,0.0,5.50031919062257e-6,0.0,5.302477952109119e-6,0.0,0.0,0.0,0.0,0.0,2.278316086522671e-5,0.00010760817547884054,0.00010401795969931094,5.3405017950343314e-5,2.5683696669668878e-5,4.149360673574633e-5,0.0,0.0,0.0,5.022636751633687e-6,1.475058669744541e-6,0.0,3.0297458162402835e-6,1.9357295416032673e-6,0.0,3.8487709171300324e-7,5.7008753191346875e-8,1.4336404682470674e-7,3.8902697241504545e-8,0.0,5.233732118150539e-9,0.0,3.803950040337858e-9,0.0,2.829338903224954e-9,0.0,2.1872577327282375e-9,0.0,1.7419293834239348e-9,0.0,1.4205296138769531e-9,0.0,1.1812108756241793e-9,0.0,9.984008015783558e-10,0.0,8.557078814148967e-10,0.0,7.422127383034661e-10,0.0,6.504136679796879e-10,0.0,5.749936447894261e-10,0.0,5.121052880717458e-10,0.0,4.588794850879374e-10,0.0,4.131399364837307e-10,0.0,3.7317689320359725e-10,0.0,3.376126132437207e-10,0.0,3.05296651295639e-10,0.0,2.7521637585709026e-10,0.0,2.464487954795258e-10,0.0,2.1808278056678275e-10,0.0,1.8918123915103585e-10,0.0,1.5870174802767173e-10,0.0,1.253827433870874e-10,0.0,8.739572127931632e-11,0.0,4.114248844310983e-11,0.0,0.0,7.632347053844469e-11
